Metadata Item,Description,Protocol-Level Tier,Analysis-Level Tier,Data Type,Example/Allowed Content,Comments,Last Update,Spot,Transect,Mapping,Literature Assessment,"Zhang et al. 2022
(GCA 323)
Iron meteorites
Raster mapping + Spot (Ge)
ns-LA-SF-ICP-MS
Florida State University","Chernonozhkin et al. 2021
(Chem Geol 562)
Pallasite olivine
Raster mapping (2D)
ns-LA-SF-ICP-MS
Ghent University","Chernonozhkin et al. 2021
(Chem Geol 562)
Pallasite olivine
Line scan (Run 1: major) +
Spot (Run 2: trace)
[Multi-run]
ns-LA-SF-ICP-MS
Ghent University","Chernonozhkin et al. 2021
(Chem Geol 562)
Pallasite phosphate
Spot analysis
ns-LA-SF-ICP-MS
Ghent University","Chernonozhkin et al. 2024
(JAAS 39)
Micrometeorites
Raster mapping (2D)
LA-ICP-ToF-MS
Ghent University","Masuda et al. 2024
(M&PS 59)
CAI minerals (Allende)
Raster mapping (2D)
msfs-LA-ICP-MS
Tokyo Institute of Technology","Mittlefehldt 2024
Appendix A
Pallasite olivine
Spot analysis
ns-LA-SF-ICP-MS
Johnson Space Center","Nakanishi et al. 2022
(GCA 319)
CR chondrite metal (HSE)
Spot analysis
fs-LA-Q-ICP-MS
Tokyo Institute of Technology","Navarro et al. 2024
(ACS ESC 8)
Iron meteorites
Spot analysis
ns-LA-SF-ICP-MS
University of Campinas","Navarro et al. 2024
(ACS ESC 8)
Iron meteorites
Raster mapping (2D)
ns-LA-SF-ICP-MS
University of Campinas","Zhang et al. 2022
(At. Spectrosc. 43)
Lunar meteorite silicates
(Rb-Sr geochronology)
Line scan (transect)
fs-LA-MC-ICP-MS
China Univ. of Geosciences","Liu et al. 2024
(JAAS 39)
Extraterrestrial samples
(Li-borate flux glass)
Spot analysis
fs-LA-Q-ICP-MS
Chinese Academy of Sciences","Liu et al. 2025
(GCA 393)
Experimental silicate glass
Spot analysis
ns-LA-Q-ICP-MS
Guangzhou Inst. Geochemistry","Liu et al. 2025
(GCA 393)
Experimental sulfide
Spot analysis
ns-LA-Q-ICP-MS
Guangzhou Inst. Geochemistry"
1. Protocol Identification,,,,,,,,,,,,,,,,,,,,,,,,,
Protocol Name,"A short descriptive name for this analytical protocol, with version number. Should include instrument, technique, target analyte group, and measured chemical variable.",Basic,Read-Only,Text (free),"e.g., 'LA-ICP-MS Trace Elements Silicate Glass v1.2' | 'fs-LA-ICP-MS Major and Trace Elements Sulfide v1'",,,Y,Y,Y,,Zhang et al. (2022) Iron Meteorite LA-ICP-MS v1,Chernonozhkin et al. (2021) Pallasite Olivine 2D Mapping v1,Chernonozhkin et al. (2021) Pallasite Olivine Multi-run Spot/Transect v1,Chernonozhkin et al. (2021) Pallasite Phosphate Spot v1,Chernonozhkin et al. (2024) Micrometeorite LA-ICP-ToF-MS Mapping v1,Masuda et al. (2024) CAI Mineral msfsLA-ICP-MS Mapping v1,Mittlefehldt (2024) Pallasite Olivine Spot v1,Nakanishi et al. (2022) CR Chondrite Metal HSE fs-LA-ICP-MS Spot v1,Navarro et al. (2024) Iron Meteorite Spot v1,Navarro et al. (2024) Iron Meteorite Raster Mapping v1,Zhang et al. (2022) Lunar Meteorite Rb-Sr Transect fs-LA-MC-ICP-MS v1,Liu et al. (2024) Extraterrestrial Flux Glass fs-LA-ICP-MS Spot v1,Liu et al. (2025) Experimental Silicate Glass LA-ICP-MS Spot v1,Liu et al. (2025) Experimental Sulfide LA-ICP-MS Spot v1
Technique,Top-level analytical technique identifier.,Basic,Read-Only,Controlled list,LA-ICP-MS | LA-ICP-OES | LA-MC-ICP-MS | LA-ICP-ToF-MS | LA-ICP-MS/MS | Others: specify,,,Y,Y,Y,,LA-SF-ICP-MS,LA-SF-ICP-MS,LA-SF-ICP-MS,LA-SF-ICP-MS,LA-ICP-ToF-MS,fs-LA-Q-ICP-MS (msfsLA),LA-SF-ICP-MS,fs-LA-Q-ICP-MS,LA-SF-ICP-MS,LA-SF-ICP-MS,fs-LA-MC-ICP-MS,fs-LA-Q-ICP-MS,LA-Q-ICP-MS,LA-Q-ICP-MS
Protocol Author,Author(s) of the protocol. Can be individual names or lab names. ORCID is recommended for individuals.,Basic,Read-Only,Text (free),"e.g., 'J. Smith (ORCID: 0000-0001-2345-6789)' | 'Isotope Geochemistry Lab, University of X'",,,Y,Y,Y,,"Zhang, Chabot, Rubin, Humayun et al.","Chernonozhkin, Pittarello, Goderis, Vanhaecke et al.","Chernonozhkin, Pittarello, Goderis, Vanhaecke et al.","Chernonozhkin, Pittarello, Goderis, Vanhaecke et al.","Chernonozhkin, Van Acker, Van Malderen et al.","Masuda, Niki, Hirata, Yokoyama",Mittlefehldt,"Nakanishi, Yokoyama, Okabayashi, Iwamori, Hirata","Navarro, Enzweiler, Crósta et al.","Navarro, Enzweiler, Crósta et al.",Zhang et al. (China Univ. of Geosciences Wuhan),"Liu, Xue, Li, Wang et al.","Liu, Li, Xu, Xiong et al.","Liu, Li, Xu, Xiong et al."
Analyst,Name(s) of the analyst(s) who performed the actual analysis. ORCID is recommended for persistent identification.,N/A,Basic,Text (free),"e.g., 'J. Smith (ORCID: 0000-0001-2345-6789)'",,,Y,Y,Y,,N,N,N,N,N,N,N,N,N,N,N,N,N,N
Laboratory,Name of the laboratory or institution hosting the instrument.,Basic,Editable,Text (free),"e.g., 'Geo-/Cosmochemistry Lab, University of Cologne'",,,Y,Y,Y,,"Plasma Analytical Facility, Florida State University, Tallahassee FL, USA","Dept. of Chemistry, Atomic & Mass Spectrometry, Ghent University, Belgium","Dept. of Chemistry, Atomic & Mass Spectrometry, Ghent University, Belgium","Dept. of Chemistry, Atomic & Mass Spectrometry, Ghent University, Belgium","Dept. of Chemistry, Atomic & Mass Spectrometry, Ghent University, Belgium","Geochemical Research Center, Univ. of Tokyo / Tokyo Inst. of Technology, Japan","ICP-MS Laboratory, NASA Johnson Space Center, Houston TX, USA","Dept. of Earth and Planetary Sciences, Tokyo Institute of Technology, Japan","Isotope Geology Laboratory, University of Campinas (UNICAMP), Brazil","Isotope Geology Laboratory, University of Campinas (UNICAMP), Brazil","State Key Laboratory of Geological Processes and Mineral Resources, China Univ. Geosciences, Wuhan, China","State Key Laboratory of Lithospheric Evolution and Environmental Coevolution, IGGCAS, Beijing, China","State Key Laboratory of Isotope Geochemistry, Guangzhou Institute of Geochemistry, CAS, China","State Key Laboratory of Isotope Geochemistry, Guangzhou Institute of Geochemistry, CAS, China"
Laboratory ID,"Persistent identifier for the laboratory, e.g., ROR ID.",Advanced,Editable,URI,ROR ID or equivalent URI (https://ror.org/),,,Y,Y,Y,,N,N,N,N,N,N,N,N,N,N,N,N,N,N
Protocol Start Date,First date this protocol configuration was used in production.,Basic,Read-Only,Date,"YYYY-MM-DD, e.g., 2022-04-22",,,Y,Y,Y,,N,N,N,N,N,N,N,N,N,N,N,N,N,N
Analysis Start Date,"Date on which the analytical session began. For analyses spanning multiple days, use the date of the first session. Format: YYYY-MM-DD.",N/A,Basic,Date,"YYYY-MM-DD, e.g., 2022-04-22",,,Y,Y,Y,,N,N,N,N,N,N,N,N,N,N,N,N,N,N
Analysis End Date,Date on which the analytical session ended. May equal Analysis Start Date for single-day sessions. Format: YYYY-MM-DD.,N/A,Basic,Date,"YYYY-MM-DD, e.g., 2022-04-22",,,Y,Y,Y,,N,N,N,N,N,N,N,N,N,N,N,N,N,N
Protocol DOI,"DOI or unique persistent identifier for the registered protocol used in this analysis, generated upon protocol submission to a data repository. This field is mandatory when submitting analytical data to encourage formal protocol registration and ensure traceability. If a DOI has been applied for but not yet minted, enter ""pending"".",N/A,Basic,URI / DOI,"e.g., http://doi.org/10.60520/IEDA/114187 | pending",,,Y,Y,Y,,N,N,N,N,N,N,N,N,N,N,N,N,N,N
Funding Source for Protocol Development,"Grants and other funding sources that supported instrument purchase, major upgrades, protocol development, and associated personnel time. Include grant numbers and funding agencies where applicable.",Basic,Read-Only,Text (free),"e.g., 'NSF EAR-2142500; DFG INST 216/1019-1 FUGG no. 665508' | 'None'",,2026-05-07,Y,Y,Y,,N,FWO (Flemish Research Foundation) project G0C4914N; NASA/Smithsonian grants,FWO project G0C4914N,FWO project G0C4914N,"FWO ""Excellence of Science"" project ET-HoME-ID30442502; Montanuniversität Leoben",Japan Society for the Promotion of Science (JSPS),N,JSPS KAKENHI; Tokyo Institute of Technology,FAPESP (São Paulo Research Foundation); CNPq,FAPESP; CNPq,National Natural Science Foundation of China (NSFC),NSFC; Chinese Academy of Sciences,"Strategic Priority Research Program (B) CAS; NSFC 92062222, 42073057","Strategic Priority Research Program (B) CAS; NSFC 92062222, 42073057"
Funding Source for Analysis,"Grants and other funding sources that supported the specific sample analyses and data collection reported here. Include grant numbers and funding agencies. Distinct from protocol development funding, which may have been awarded years earlier.",N/A,Basic,Text (free),"e.g., 'NASA 80NSSC21K0153; DFG WE 2850/5-1' | 'None'",,,Y,Y,Y,,N,N,N,N,N,N,N,N,N,N,N,N,N,N
Protocol Reference(s),"DOI or URL for peer-reviewed publications or technical reports describing, validating, or benchmarking this protocol.",Advanced,Read-Only,URI / DOI,"e.g., doi:10.1016/j.oregeorev.2011.11.001",,,Y,Y,Y,,"Zhang et al. (2022) GCA 323, 202–219; Humayun (2012) for standardization",Chernonozhkin et al. (2021) Chem. Geol. 562; Liu et al. (2008) for IS method,Chernonozhkin et al. (2021) Chem. Geol. 562; Liu et al. (2008) for IS method,Chernonozhkin et al. (2021) Chem. Geol. 562; Liu et al. (2008) for IS method,"Chernonozhkin et al. (2024) JAAS 39, 1050; Van Malderen et al. (2020)","Masuda et al. (2024) M&PS 59, 2260; iQuant 2+ software (Suzuki et al. 2018)",Mittlefehldt (2024) GCA; Lee (Rice University) Excel data reduction spreadsheet,"Nakanishi et al. (2022) GCA 319, 254; Walker et al. (2008) for IVB standards","Navarro et al. (2024) ACS Earth Space Chem. 8, 281; Longerich et al. (1996)","Navarro et al. (2024) ACS Earth Space Chem. 8, 281; Longerich et al. (1996)",Zhang et al. (2022) At. Spectrosc. 43; ISO-Compass software; Zhang et al. (2018),"Liu et al. (2024) JAAS 39, 2728; Pettke et al. (2012) for LOD","Liu et al. (2025) GCA 393, 170; Xu et al. (2022) for experimental protocol","Liu et al. (2025) GCA 393, 170; Xu et al. (2022)"
Coupled Technique(s),"Analytical technique(s) applied to the same sample or aliquot in conjunction with this protocol, where the two analyses are designed to be interpreted together or where one provides input to the other. Use the same controlled vocabulary as the Technique field. Enter ""None"" if no coupling is intended.",Advanced,Editable,Controlled list / Text,EPMA | SIMS | ICP-MS (solution) | Noble Gas MS | Other: specify | None,,2026-05-09,Y,Y,Y,,N,N,N,N,N,N,N,N,N,N,N,N,N,N
Coupling Description,"Description of how this protocol is coupled with the technique(s) listed above. Include: (1) the functional relationship — what data or context flows between techniques or how results are combined (e.g., which output from the coupled technique serves as input to data reduction for this technique); and (2) the analytical sequence — which technique is performed first and why (e.g., non-destructive before destructive).",Advanced,Editable,Text (free),"e.g., 'EPMA provides major element concentrations (SiO₂ as internal standard) used in LA-ICP-MS data reduction; EPMA performed first because LA-ICP-MS ablation is destructive' | 'SIMS isotope ratios cross-validated against LA-ICP-MS; SIMS performed first due to shallower beam penetration'",,2026-05-09,Y,Y,Y,,N,N,N,N,N,N,N,N,N,N,N,N,N,N
Coupled Protocol DOI,"Registered protocol DOI for the coupled technique named above. Provides a stable, citable link to the companion method independent of whether a dataset has been deposited. If the coupled protocol has not yet been registered, enter the DOI of a publication describing the coupled method, or ""pending"". Enter ""None"" if no coupling is planned.",N/A,Advanced,URI / DOI,"e.g., 'http://doi.org/10.60520/IEDA/114187' | pending | None",,2026-05-09,Y,Y,Y,,N,N,N,N,N,N,N,N,N,N,N,N,N,N
Coupled Dataset or Publication Reference,"DOI or other persistent identifier for the co-registered dataset or publication where both datasets are reported together. Accepts: a dedicated dataset DOI (if separately deposited), a shared dataset DOI (if co-submitted in the same package), or a publication DOI. Use ""same submission"" if the coupled dataset is included in this data package, or ""pending"" if not yet assigned. If coupling is documented through a shared sample identifier only, that information is already captured in Sample Persistent Identifier (Group 2).",N/A,Advanced,URI / DOI / Text,"e.g., 'doi:10.26022/IEDA/112969' | same submission | pending | None",,2026-05-09,Y,Y,Y,,N,N,N,N,N,N,N,N,N,N,N,N,N,N
,,,,,,,,,,,,,,,,,,,,,,,,,
2. Samples,,,,,,,,,,,,,,,,,,,,,,,,,
Target Material,General description of the material type(s) this protocol is designed to analyse. Used for discoverability and protocol matching.,Basic,Read-Only,Controlled list / Text,Silicate glass | Feldspar | Pyroxene | Olivine | Oxide | Sulfide | Carbonate | Phosphate | Native metal | Iron meteorite | Fluid inclusion | Melt inclusion | Whole rock | Other: specify,,,Y,Y,Y,,Iron meteorite metal (kamacite + taenite); pyroxene-bearing pallasite metal,"Pallasite olivine ([Mg,Fe]₂SiO₄)","Pallasite olivine ([Mg,Fe]₂SiO₄)","Pallasite Ca-phosphate (merrillite, stanfieldite, farringtonite)","Cosmic spherule micrometeorites (silicate glass, olivine, magnetite)","CAI (calcium–aluminum-rich inclusion) constituent minerals (spinel, diopside, hibonite, nepheline, etc.)","Pallasite olivine ([Mg,Fe]₂SiO₄)","CR chondrite metal grains (interior, margin, and isolated types)",Iron meteorite metal (kamacite + taenite),Iron meteorite metal (kamacite + plessite),"Lunar meteorite silicates (plagioclase, pyroxene, ilmenite, glass)",Li-borate flux fusion glass (extraterrestrial sample preparation),Experimental dacitic silicate glass (quench product),Experimental pyrrhotite (Fe₁₋ₓS) sulfide (quench product)
Sample Form / Analytical Substrate,"Physical form of the material as it enters the ablation cell. Editable to accommodate legitimate variations (e.g., thin section vs. mount) that do not alter the analytical protocol.",Basic,Editable,Controlled list,In situ — polished thin section | In situ — polished epoxy mount | In situ — polished thick section | Pressed powder pellet | Li-borate fused glass disc | Nano-particulate pressed pellet | Liquid | Other: specify,,,Y,Y,Y,,Polished metal slab (in situ),In situ — polished epoxy thick section (HELEX II two-volume cell),In situ — polished epoxy thick section; pre-ablated before trace element run,In situ — polished epoxy thick section,In situ — polished epoxy mount (progressively polished to 4000 grit),In situ — polished epoxy mount (Allende slab sections embedded in epoxy),In situ — polished grain mount (olivine grain fragments),"In situ — polished epoxy thick section (petropoxy 154 resin, 0.5 µm diamond finish)","In situ — polished epoxy mount (~1 cm fragments in epoxy, etched with Nital)",In situ — polished epoxy mount (same Augusto Pestana fragment as spot protocol),In situ — polished thin section (two-volume cell),"Li-borate flux fusion glass disc (10 mg sample + 350 mg Li₂B₄O₇, 35:1 dilution)",In situ — polished epoxy mount (experimental capsule half-section),In situ — polished epoxy mount (same capsule section as glass protocol)
Sample Name,"Name or identifier of the sample analysed, as used in the laboratory. Should match the identifier used in associated publications or data tables.",N/A,Basic,Text (free),"e.g., 'NWA 10597 ol-1' | 'Imilac PMG section 3 grain 2'",,,Y,Y,Y,,N,N,N,N,N,N,N,N,N,N,N,N,N,N
Sample Persistent Identifier,"Globally unique, persistent identifier for the analysed sample. IGSN (International Geo Sample Number) is the recommended standard for geological and cosmochemical samples, as used by Astromat, EarthChem, and SESAR.",N/A,Advanced,URI / IGSN,"e.g., IGSN: IEDA-100001 (https://www.igsn.org/) | Smithsonian NMNH catalog number",,,Y,Y,Y,,N,N,N,N,N,N,N,N,N,N,N,N,N,N
Fusion Flux and Dilution Ratio,"For protocols using fused glass, the flux type and sample:flux dilution ratio used to prepare the analytical glass.",Advanced,Editable,Text (free),"e.g., 'Li-tetraborate, 1:2 (sample:flux)' | 'Li-metaborate/tetraborate 50:50, 1:5' | 'Not applicable (in situ)'",,,Y,Y,Y,,N/A,N/A,N/A,N/A,N/A,N/A,N/A,N/A,N/A,N/A,N/A,Li₂B₄O₇ flux; sample:flux = 1:35 (10 mg sample + 350 mg flux),N/A,N/A
Sample Preparation Method,"Description of how samples were prepared for analysis (mounting, polishing, coating, fusion procedure, etc.).",Advanced,Editable,Text (free),"e.g., 'Polished thin section, uncoated' | '25 mm epoxy mount, polished to 0.25 µm diamond' | 'Double-fused Li-tetraborate bead, polished to 1 µm'",,,Y,Y,Y,,Polished metal slabs and thin sections; no acid treatment described,PMG thick sections polished; HELEX II two-volume cell; C-coated for SEM then coating removed before LA,"PMG thick sections polished; pre-ablation pass (2 J cm⁻², 20 Hz, 150 µm square, 300 µm s⁻¹) before trace element run",PMG thick sections polished; same as olivine mapping preparation,Epoxy mounts progressively polished with 1200–4000 grit SiC then 4000 grit diamond; C-coated for SEM then gently re-polished,"Polished Allende slabs cut to include each FG, embedded in epoxy, polished; EDS mapping performed before LA","Olivine grain fragments repeatedly washed in dilute HCl and triply distilled H₂O, hand-picked, polished grain mounts","Thick sections in petropoxy 154 resin, polished to 0.5 µm diamond paste, C-coated for EPMA then surface polished before LA","Fragments ~1 cm mounted in epoxy resin, polished, cleaned with ultrapure water",Same Augusto Pestana fragment etched with Nital solution (2% v/v HNO₃ in ethanol) to reveal kamacite and plessite,Polished thin section (two-volume cell),Li-borate fusion: 350 mg Li₂B₄O₇ + 10 mg powdered sample fused in Pt-Au crucible (M4 automatic fluxer); glass surface cleaned with ethanol before LA,Experimental capsule longitudinally sectioned with wire saw; half mounted in epoxy for analysis,Same capsule section as silicate glass; sulfide grains ≥20 µm selected by SEM-BSE
Pre-Ablation Surface Treatment,"Protocol applied immediately before each analysis to remove surface contamination or condition the sample surface. Distinct from general sample preparation. For spot analysis, pre-ablation pulses are discarded before signal acquisition begins. For mapping, this step is typically omitted as the large area ablated averages out surface effects.",Advanced,Editable,Text (free),"e.g., '10 pre-ablation pulses discarded before acquisition (50 µm, 10 Hz, 2 J cm⁻²)' | '150 µm square spot, 2 J cm⁻², 20 Hz, 300 µm s⁻¹ pre-ablation pass (Chernonozhkin et al. 2021)' | 'None'",,,Y,Y,Y,,N,N (mapping; surface effects average out over large area),"Pre-ablation pass: 150 µm square, 2 J cm⁻², 20 Hz, 300 µm s⁻¹ scan before trace element spot run; removes surface contamination and re-deposited material",N,N,N,N (grains imaged by SEM to locate inclusion-free regions),N,N,N,N,Surface cleaning with ethanol before analysis,N,N
,,,,,,,,,,,,,,,,,,,,,,,,,
3. Instrument & Software,,,,,,,,,,,,,,,,,,,,,,,,,
Laser Manufacturer & Model,Manufacturer and model of the laser ablation system.,Basic,Read-Only,Text (free),"e.g., 'ESI/NWR imageGEO193' | 'Coherent GeoLas HD' | 'Teledyne Analyte Excite 193' | 'Teledyne Analyte G2'",,,Y,Y,Y,,ESI New Wave UP193FX (193 nm Nd:YAG frequency-quintupled solid state),Teledyne CETAC Technologies Analyte G2 (193 nm ArF excimer),Teledyne CETAC Technologies Analyte G2 (193 nm ArF excimer),Teledyne CETAC Technologies Analyte G2 (193 nm ArF excimer),Teledyne Photon Machines Iridia (193 nm ArF excimer),"S.T. Japan Inc. Jupiter Solid Nebulizer (msfsLA system; Yb:KGW fs laser, 260 nm)","New Wave UP-193 (solid state, 193 nm)","Cyber Laser IFRIT (Ti:sapphire fs UV laser, 260 nm)",Teledyne Excite 193 (193 nm ArF excimer),Teledyne Excite 193 (193 nm ArF excimer),"New Wave Research NWR FemtoUC (Yb:KGW fs, 257 nm PHAROS amplifier)","Shanghai Chemlab GenesisGEO (high-repetition-rate fs laser, 343 nm)","Teledyne CETAC CetacAnalyte HE (193 nm, ns)","Teledyne CETAC CetacAnalyte HE (193 nm, ns)"
ICP-MS Manufacturer & Model,Manufacturer and model of the ICP-MS instrument.,Basic,Read-Only,Text (free),"e.g., 'Thermo Scientific iCAP TQ' | 'Agilent 7900' | 'Thermo Scientific Element XR' | 'TOFWERK icpTOF'",,,Y,Y,Y,,Thermo Fisher Scientific Element XR (SF-ICP-MS),Thermo Fisher Scientific Element XR (SF-ICP-MS),Thermo Fisher Scientific Element XR (SF-ICP-MS),Thermo Fisher Scientific Element XR (SF-ICP-MS),TOFWERK icpTOF 2R (ICP-ToF-MS),Thermo Fisher Scientific iCAP TQ (Q-ICP-MS with CRC),Thermo Fisher Scientific Element XR (SF-ICP-MS),Thermo Scientific X-series 2 (Q-ICP-MS),Thermo Fisher Scientific Element XR (SF-ICP-MS),Thermo Fisher Scientific Element XR (SF-ICP-MS),Thermo Fisher Scientific NEPTUNE Plus (MC-ICP-MS),Agilent 8900 (Q-ICP-MS; ICP-MS/MS capable),Agilent 7900 (Q-ICP-MS),Agilent 7900 (Q-ICP-MS)
ICP-MS Type,Type of ICP-MS mass analyser and collector configuration.,Basic,Read-Only,Controlled list,Single-collector quadrupole (Q-ICP-MS) | Single-collector sector-field (SF-ICP-MS) | Multi-collector sector-field (MC-ICP-MS) | Time-of-flight (ICP-ToF-MS) | Triple quadrupole (ICP-MS/MS) | Other: specify,,,Y,Y,Y,,Single-collector sector-field (SF-ICP-MS),Single-collector sector-field (SF-ICP-MS),Single-collector sector-field (SF-ICP-MS),Single-collector sector-field (SF-ICP-MS),Time-of-flight (ICP-ToF-MS),Single-collector quadrupole (Q-ICP-MS) with collision/reaction cell (CRC),Single-collector sector-field (SF-ICP-MS),Single-collector quadrupole (Q-ICP-MS),Single-collector sector-field (SF-ICP-MS),Single-collector sector-field (SF-ICP-MS),Multi-collector sector-field (MC-ICP-MS),Single-collector quadrupole (Q-ICP-MS),Single-collector quadrupole (Q-ICP-MS),Single-collector quadrupole (Q-ICP-MS)
Interface Cone Configuration,Combination of sample cone and skimmer cone installed during analysis.,Basic,Read-Only,Text (free),"e.g., 'Ni standard sample cone + Ni H-type skimmer' | 'Al standard sample cone + Al H-type skimmer (1.1 mm aperture)' | 'Pt sample cone + Pt skimmer'",,,Y,Y,Y,,N,Al standard sample cone (1.1 mm aperture); Al H-type skimmer (0.8 mm aperture),Al standard sample cone (1.1 mm aperture); Al H-type skimmer (0.8 mm aperture),Al standard sample cone (1.1 mm aperture); Al H-type skimmer (0.8 mm aperture),N (ToF instrument; standard configuration),N (iCAP TQ standard configuration; dry sampler cone for sensitivity enhancement),N (parameters lost),Ni micro-skimmer cone Xs; Ni sampler cone,Ni sampler cone; Ni skimmer cone,Ni sampler cone; Ni skimmer cone,X skimmer cone + Jet sample cone (high-sensitivity configuration),N,N,N
Guard Electrode,Whether the guard electrode (also called extraction lens or Fassel torch shield) was active during analysis.,Basic,Read-Only,Controlled list,On | Off | Not applicable (instrument does not have guard electrode),,,Y,Y,Y,,N,N,N,N,N,N,N,N,On (active),On (active),N,N,N,N
Mass Resolution Setting,"Operating mass resolution of the mass analyser. For quadrupole instruments this is fixed at unit resolution by instrument design. For sector-field instruments the analyst selects low, medium, or high resolution to balance sensitivity against spectral interference suppression.",Basic,Editable,Text (free),"e.g., Unit resolution — quadrupole (fixed) | Low resolution — SF (~300 m/Δm) | Medium resolution — SF (~3000 m/Δm) | High resolution — SF (~10000 m/Δm) | Other: specify",,,Y,Y,Y,,Low resolution (M/ΔM ≈ 400),Low resolution (M/ΔM = 300; cool plasma mapping),Run 1: Medium resolution (M/ΔM = 4000) for major elements; Run 2: Low resolution (M/ΔM = 300) for trace elements,Low resolution (M/ΔM = 300),N/A — ToF acquires all masses simultaneously; mass resolution ~2500 at m/z 115,Unit resolution (quadrupole fixed),Medium resolution (m/Δm ≈ 4000),Unit resolution (quadrupole fixed),Low resolution (M/ΔM = 300),Low resolution (M/ΔM = 300),Low resolution (M/ΔM ≈ 400),Unit resolution (quadrupole; ICP-MS/MS mode not specified),Unit resolution (quadrupole fixed),Unit resolution (quadrupole fixed)
Detector Configuration,"Type(s) of detector(s) installed in the mass spectrometer. For single-collector instruments, note whether dual pulse-counting/analog mode is used. For multi-collector instruments, describe the Faraday/multiplier cup layout.",Basic,Read-Only,Text (free),"e.g., 'Single SEM, dual mode (pulse counting and analog)' | 'Single SEM in triple mode (pulse, analog, Faraday)' | 'Nine Faraday cups + one ion counter (MC)'",,,Y,Y,Y,,Triple mode detection (pulse counting + analog + Faraday) at 65% duty cycle,Triple mode detection (all analytical modes),Triple mode detection; Faraday used for major elements in run 1,Triple mode detection,MCP detector (simultaneous full-spectrum ToF detection); notch filter for Ar-based ions,Secondary electron multiplier (SEM),N (parameters lost),N,"Triple mode detector (pulse counting, analog, Faraday)","Triple mode detector (pulse counting, analog, Faraday)",Seven fixed electron multiplier ICs + nine Faraday cups (1011 Ω resistors),Dual mode detector (30 ms / 10 ms dwell alternation),N,N
Laser Wavelength and Type,Wavelength and type of the laser used for ablation in nanometres.,Basic,Read-Only,Text (free),"e.g., '193 nm ArF excimer' | '213 nm Nd:YAG frequency-quintupled' | '257 nm Yb:KGW femtosecond' | '1030 nm Yb:KGW IR femtosecond'",,,Y,Y,Y,,193 nm Nd:YAG solid-state (frequency-quintupled),193 nm ArF excimer; pulse duration ~5 ns,193 nm ArF excimer; pulse duration ~5 ns,193 nm ArF excimer; pulse duration ~5 ns,193 nm ArF excimer (Iridia system),260 nm (4th harmonic generation of Yb:KGW); 290 fs pulse duration,193 nm solid-state (New Wave UP-193),260 nm Ti:sapphire femtosecond UV; pulse duration ~220 fs (IFRIT system),193 nm ArF excimer; pulse duration 4 ns,193 nm ArF excimer; pulse duration 4 ns,257 nm Yb:KGW femtosecond; pulse duration 300 fs (PHAROS system),343 nm fs (GenesisGEO high-repetition-rate femtosecond laser),193 nm (CetacAnalyte HE; ns pulse),193 nm (CetacAnalyte HE; ns pulse)
Acquisition Software,"Instrument control and data acquisition software used to collect raw signal data, including version number. Separate from data reduction software.",Basic,Editable,Text (free),"e.g., 'Thermo Qtegra 2.10.3324' | 'Agilent MassHunter Workstation 4.6' | 'Thermo PlasmaLab 2.5.4'",,,Y,Y,Y,,N,N,N,N,"Tofpilot v2.8 (TOFWERK; preliminary mass calibration, baseline, peak integration)",N,N,N,N,N,N,N,N,N
Data Reduction Software,"Software used for signal processing, background subtraction, and concentration calculation, including version number.",Basic,Editable,Text (free),"e.g., 'Iolite 4.7 (Paton et al. 2011)' | 'GLITTER 4.4' | 'SILLS 1.1.5 (Guillong et al. 2008)' | 'LAtools' | 'In-house MatLab script'",,,Y,Y,Y,,In-house (following Humayun 2012),In-house MatLab script (Appendix C1),In-house MatLab script (Appendix C2),In-house MatLab script (Appendix C3),"HDIP software (Teledyne Photon Machines; data post-processing, calibration, oxide normalization, VOI selection)",iQuant 2+ (Suzuki et al. 2018; image processing and REE pattern extraction),Excel spreadsheets developed by C.-T. A. Lee (Rice University),N (in-house reduction implied),iolite 4.5.7 with 3D Trace Elements DRS,iolite 4.5.7 with 3D Trace Elements DRS,ISO-Compass software (Zhang et al. 2018),Iolite 4 (Paton et al. 2011),N (Agilent software implied),N (Agilent software implied)
Ablation Cell Type,Type and model of ablation cell used.,Advanced,Read-Only,Text (free),"e.g., 'Two-volume HelEx II (Müller et al. 2009)' | 'HDIP low-dispersion tube-type cell' | 'Single-volume standard cell' | 'ARIS (Aerosol Rapid Introduction System)'",,,Y,Y,Y,,N (New Wave standard cell),HELEX II two-volume ablation cell,HELEX II two-volume ablation cell,HELEX II two-volume ablation cell,Cobalt™ ablation chamber + low-dispersion tube-type cell + ARIS (Aerosol Rapid Introduction System),N (Jupiter Solid Nebulizer with galvanometric scanner; no separate ablation cell described),N (standard cell; parameters lost),N,HelEx II two-volume sample cell,HelEx II two-volume sample cell,Two-volume cell (constant distance between laser and aerosol extraction),N (GenesisGEO standard cell),N (CetacAnalyte HE standard cell),N (CetacAnalyte HE standard cell)
,,,,,,,,,,,,,,,,,,,,,,,,,
4. Measurement Information,,,,,,,,,,,,,,,,,,,,,,,,,
Laser Spot Geometry,"Shape and dimensions of the laser ablation spot in micrometres registered by the protocol. For circular spots, report diameter; for square or rectangular spots, report width × length. The protocol registers the typical geometry; analysts may adjust within protocol-allowed range.",Basic,Editable,Text (free),"e.g., '25 µm circular' | '20×20 µm square' | '15 or 25 µm circular (phase-dependent)'",,2026-05-07,Y,Y,Y,,Raster: 50 µm circular (also 100 µm for some rasters); Spot (Ge): 150 µm circular,20×20 µm square,Run 1 (major): 30 µm circular; Run 2 (trace): 130 µm circular,110 µm circular (spot mode),"2 µm circular, 3 µm circular, or 5×5 µm square (session-dependent)",10 µm circular,75 µm circular,30 µm circular,150 µm circular,150 µm square (mapping mode),50–60 µm circular,100×100 µm square (stated as 100 µm diameter spot at 1 Hz),40 µm circular (silicate glass),20 µm circular (sulfide; grain sizes >20 µm selected)
Laser Spot Path / Ablation Mode,Sampling mode or ablation pattern used during analysis.,Basic,Read-Only,Controlled list,Spot (stationary) | Transect (continuous line scan) | Raster area (2D elemental mapping) | Stepped line profile | Other: specify,,,Y,Y,Y,,Raster area (2D mapping) for most irons; Spot (stationary) for Ge analysis on 5 irons,Raster area (2D elemental mapping),"Transect (line scan, run 1) + Spot (run 2 on same location after pre-ablation)",Spot (stationary),Raster area (2D elemental mapping),Raster area (2D elemental mapping; msfsLA galvanometric scanner),Spot (stationary),Spot (stationary),Spot (stationary),Raster area (2D elemental mapping),Transect (continuous line scan at 2–6 µm s⁻¹),Spot (stationary; single spot at 1 Hz),Spot (stationary),Spot (stationary)
Laser Energy,Laser pulse energy in millijoules as set at the laser output or measured at the sample surface. Less commonly reported than fluence because it does not account for spot area. Report only when the system displays energy directly. Laser fluence (J cm⁻²) is the preferred quantity and is captured in Default Laser Fluence.,Advanced,Editable,Numeric (mJ),"e.g., 0.001 mJ | 3.5 mJ",,,Y,Y,Y,,N,N,N,N,N,N,N,N,N,N,N,N,N,N
Laser Fluence (Energy Density),"Laser pulse energy per unit area at the sample surface in J cm⁻², as registered by the protocol. Fluence is the physically meaningful quantity controlling ablation rate, crater morphology, elemental fractionation, and particle size distribution. If the system reports only as % of maximum output, include that value and note the system maximum where known.",Basic,Editable,Numeric (J cm⁻²),"e.g., '3.5 J cm⁻²' | '7 J cm⁻²' | '60% output (PHAROS system, max ~15 J cm⁻²)'",,2026-05-07,Y,Y,Y,,"N (no fluence reported; energy density characterized as ""sufficient to resolve Ge from background argide"")",5–7 J cm⁻²,Run 1 (major): 4.72 J cm⁻²; Run 2 (trace): 4.72 J cm⁻²,3.5 J cm⁻²,2 J cm⁻²,~3 J cm⁻² (femtosecond ablation),N (parameters lost),12 J cm⁻²,7 J cm⁻²,7 J cm⁻²,~60% of maximum output (PHAROS system; exact J cm⁻² not converted),6.79 J cm⁻²,"~2.5 J cm⁻² (stated as ""energy of ~2.5 J/cm²"")",~2.5 J cm⁻²
Laser Beam Energy Profile,"Spatial energy distribution of the laser beam at the sample surface, and whether a beam homogenizer is installed. A flat-top (top-hat) profile produces more uniform ablation craters and more reproducible crater morphology than a Gaussian beam. This is a fixed hardware property of the laser system.",Advanced,Editable,Controlled list / Text,Flat-top (top-hat) — beam homogenizer installed | Gaussian — no beam homogenizer | Not stated,,,Y,Y,Y,,N,N,N,N,N,N,N,N,N,N,N,N,N,N
Laser Repetition Rate,"Laser pulse repetition rate in hertz registered by the protocol. For mapping methods, repetition rate together with scan speed and spot size determines pixel size and spatial resolution. Analysts may adjust within protocol-allowed bounds.",Basic,Editable,Numeric (Hz),"e.g., 5 | 10 | 20 | 100",,2026-05-07,Y,Y,Y,,Raster: 50 Hz; Spot (Ge): 50 Hz,20 Hz,Run 1 (major): 20 Hz; Run 2 (trace): 40 Hz,20 Hz,100–300 Hz (pixel acquisition rate; each laser shot individually triggers ToF),10 Hz,N (parameters lost),20 Hz,10 Hz,10 Hz,10–30 Hz (varied based on Sr concentration in samples),1 Hz,7 Hz,7 Hz
Laser Pulse Duration,"Duration of each individual laser pulse, including units. Pulse duration determines the ablation regime: nanosecond (ns) pulses involve significant thermal effects and elemental fractionation; femtosecond (fs) pulses are non-thermal and substantially reduce elemental fractionation and matrix effects. This is a fixed hardware property of the laser system.",Advanced,Editable,Text (free),"e.g., '4 ns (ArF excimer)' | '20 ns' | '290 fs (Yb:KGW)' | '220 fs (Ti:sapphire)'",,,Y,Y,Y,,N (UP193FX; ns solid-state; pulse duration not reported),~5 ns (ArF excimer),~5 ns (ArF excimer),~5 ns (ArF excimer),N (ArF excimer; ns; pulse duration not stated for Iridia),290 fs (Yb:KGW femtosecond laser),N (parameters lost),~220 fs (Ti:sapphire IFRIT system),4 ns (ArF excimer Excite 193),4 ns (ArF excimer Excite 193),300 fs (Yb:KGW PHAROS femtosecond amplifier),Femtosecond (exact value not stated; GenesisGEO fs laser),N (ns; CetacAnalyte HE; pulse duration not reported),N (ns; CetacAnalyte HE)
Ablation Duration per Spot,"Total on-sample ablation (signal acquisition) time per individual spot in seconds, as set in the acquisition method. This is a protocol-level parameter for spot analysis: it reflects the deliberate trade-off between signal accumulation (longer = lower LOD), sample consumption, and session throughput. For transect analysis, the equivalent protocol-level parameter is scan speed (captured in Transect Rate, Mapping Rate or Step Size). For mapping analysis, total acquisition time is sample-area-dependent and therefore analysis-level, not captured here.",Basic,Editable,Numeric (s),"e.g., 40 s | 60 s | 90 s",,,Y,N,N,,N/A (raster) / 20 s (spot Ge at 50 Hz),N/A (mapping mode),"N/A (line scan run 1) / N/A (spot run 2 — duration set by 34 runs covering 400 µm + washout, not a fixed spot duration)",20 s spot ablation (plus 10 s washout); 25 cycles acquisition,N/A (mapping mode),N/A (mapping mode),N (parameters lost),N,40 s on-sample ablation (after 20 s background measurement),N/A (mapping mode),N/A (transect),45 s ablation (after 25 s gas blank; 25 s washout between analyses),~40 s (inferred from typical CetacAnalyte HE protocol for glass),~40 s (same protocol; grain size >20 µm selected)
"Transect Rate, Mapping Rate or Step Size","For continuous line scan (transect) and raster mapping: the stage translation speed in µm s⁻¹. This is the protocol-level parameter that, together with spot size and repetition rate, determines spatial resolution along the scan direction. For mapping, the mapping rate (mm² h⁻¹) may be reported as an alternative when scan speed is session-variable. For stepped line profiles: the distance between successive spot positions in µm.",Advanced,Editable,Text (free),"e.g., '5 µm s⁻¹ (transect)' | '9 µm s⁻¹ (raster mapping, 20×20 µm spot, 20 Hz)' | '20 µm step size' | '0.3–30 mm² h⁻¹ (mapping rate range)'",,,N,Y,Y,,10 µm s⁻¹ (raster scan); N/A (spot Ge),9 µm s⁻¹ (continuous raster),10 µm s⁻¹ (line scan run 1); spot mode (run 2),N/A (spot mode),0.3–30 mm² h⁻¹ (mapping rate; scan speed varied to achieve target mapping rate),2 µm s⁻¹ (continuous raster scan),N/A (spot mode),N/A (spot mode),N/A (spot mode),10 µm s⁻¹ (continuous raster scan),2–6 µm s⁻¹ (varied based on Sr concentration in target minerals),N/A (spot mode),N/A (spot mode),N/A (spot mode)
Raster Line Spacing (Mapping Only),"Distance between adjacent raster lines in a 2D elemental map, measured perpendicular to the scan direction, in micrometres. Together with spot size, this determines whether adjacent lines are contiguous (line spacing = spot size), overlapping (line spacing < spot size), or have gaps (line spacing > spot size). Applies to raster mapping only.",Basic,Editable,Text (free),"20 µm (contiguous, equal to spot size) | 15 µm pitch with 5 µm gap between lines | N/A (spot or line-scan mode)",,,N,N,Y,,N (line spacing not explicitly stated; 50 µm spot scanned at 10 µm s⁻¹),20 µm (contiguous; 20×20 µm square spot = line spacing equals spot width),N/A (line scan + spot; not 2D mapping),N/A (spot mode),N/A not specified — pixel size determined by spot size (2/3/5 µm) and repetition rate (100–300 Hz),15 µm pitch with 5 µm gaps between adjacent lines; gaps smoothed by averaging neighboring scan lines,N/A (spot mode),N/A (spot mode),N/A (spot mode),N (line spacing not stated; 150 µm spot at 10 µm s⁻¹),N/A (transect — single line),N/A (spot mode),N/A (spot mode),N/A (spot mode)
Carrier Gas and Flow Rate,"Gas used to transport ablated aerosol from the ablation cell to the ICP-MS torch, with the protocol-registered target flow rate(s). Helium is standard for most UV laser systems due to superior aerosol transport. Flow rates are protocol targets; actual session values may be adjusted within ±10% during tuning.",Basic,Editable,Text (free),"e.g., 'He, 0.75 l min⁻¹' | 'He: MFC-1 (cell) 0.60 l min⁻¹ + MFC-2 (cup) 0.35 l min⁻¹'",,2026-05-07,Y,Y,Y,,He (carrier gas stated; exact flow rate not reported),He: MFC-1 (cell) 0.200–0.260 l min⁻¹; MFC-2 (cup) 0.220–0.385 l min⁻¹,He: MFC-1 0.19 l min⁻¹; MFC-2 0.22 l min⁻¹,He: MFC-1 0.270 l min⁻¹; MFC-2 0.250 l min⁻¹,He (low-dispersion tube-type cell; flow rate and ARIS delay tuned daily),"He, 0.6 l min⁻¹",N (parameters lost),"He, 0.6 l min⁻¹",He: 0.6 l min⁻¹ (MFC 1) + 0.7 l min⁻¹ (MFC 2) in HelEx II cell; combined with Ar makeup via T-piece near torch,He: 0.6 l min⁻¹ (MFC 1) + 0.7 l min⁻¹ (MFC 2) in HelEx II cell,"He, 0.90 l min⁻¹ (two-volume cell)",He: 0.7 l min⁻¹ (chamber) + 0.1 l min⁻¹ (cup gas),He (flow rate not stated; carrier gas with N₂ or Ar mixed for sensitivity optimization),He (flow rate not stated; same system as glass protocol)
Plasma / Make-up Gas Addition,"Additional gas(es) mixed into the carrier stream downstream of the ablation cell, with the protocol-registered target flow rate. Ar make-up gas is standard. Small N₂ additions can enhance sensitivity for some elements. If N₂ is not added, state ""None"" explicitly to distinguish from not reported.",Advanced,Editable,Text (free),"e.g., 'Ar make-up gas, 0.95 l min⁻¹' | 'Ar make-up 0.80 l min⁻¹ + N₂ 2 ml min⁻¹ (sensitivity enhancement)' | 'None (no N₂ added)'",,2026-05-07,Y,Y,Y,,Ar make-up gas (flow rate not stated),Ar make-up: 0.81–0.99 l min⁻¹ (mapping); N₂ explicitly not added,Ar make-up: 0.947 l min⁻¹ (run 1 and run 2); N₂ not added,Ar make-up: 0.96 l min⁻¹; N₂ not added,N (ToF system; Ar make-up implied but not stated),"Ar make-up gas, 1.0 l min⁻¹ (added outside ablation cell)",N (parameters lost),Ar make-up: 0.9–1.2 l min⁻¹; Ar auxiliary: 0.6–1.2 l min⁻¹,Ar make-up gas (combined via T-piece in sample transport line near torch; flow rate not stated separately),Ar make-up gas (same as spot protocol),Ar make-up (flow rate not separately stated); N₂ 12 ml min⁻¹ added via Y-connector downstream of signal-smoothing device,N (gas not separately specified beyond total plasma flow),N₂ or Ar mixed into He carrier for sensitivity optimization (amounts not stated),N₂ or Ar mixed (same protocol as glass)
Auxiliary and Cool Gas Flow Rates,ICP auxiliary (intermediate) and cool (outer/plasma) Ar gas flow rates in l min⁻¹. The protocol registers target values; actual session values may be adjusted slightly during tuning.,Advanced,Editable,Text (free),"e.g., 'Cool gas: 15 l min⁻¹ Ar; Auxiliary gas: 0.80 l min⁻¹ Ar' | 'Cool: 16 l min⁻¹; Auxiliary: 1.5 l min⁻¹'",,2026-05-07,Y,Y,Y,,N,Cool: 15 l min⁻¹ Ar; Auxiliary: 0.81 l min⁻¹ (mapping),Cool: 15 l min⁻¹ Ar; Auxiliary: 0.90 l min⁻¹ (run 1 and run 2),Cool: 15 l min⁻¹ Ar; Auxiliary: 0.85 l min⁻¹,N,N (iCAP TQ standard conditions; not separately reported),N,Cool gas: 12–13 l min⁻¹ Ar; Auxiliary: 0.6–1.2 l min⁻¹,Plasma gas: 16 l min⁻¹; Auxiliary: 0.9 l min⁻¹; Nebulizer gas (from table): 1.1 l min⁻¹,Plasma gas: 16 l min⁻¹; Auxiliary: 0.9 l min⁻¹,Cool gas: 16.0 l min⁻¹ Ar; Auxiliary: 0.80 l min⁻¹ Ar,Plasma gas flow: 15 l min⁻¹; Auxiliary gas: 0.85 l min⁻¹,N,N
RF Power,"ICP radiofrequency forward power in watts. Fixed in the protocol; cannot be changed by analysts without defining a new protocol, because RF power affects plasma temperature, ionisation efficiency, oxide formation, and whether cool or normal plasma conditions are in effect.",Basic,Read-Only,Numeric (W),"e.g., 800 W | 1200 W | 1350 W | 1550 W",,,Y,Y,Y,,N (not reported),800 W (cool plasma for mapping),1000 W (run 1 major elements + run 2 trace elements),1000 W,N,1550 W,N (parameters lost),1400 W,1200 W,1200 W,1250 W,1550 W,N (Agilent 7900; standard conditions implied),N (same instrument)
Plasma Thermal Mode,"Whether the ICP plasma is operated under cool plasma (≤900 W RF) or normal (hot) plasma (>1000 W RF) conditions. Cool plasma substantially reduces argide-based polyatomic interferences (e.g., ⁴⁰Ar on ⁴⁰Ca, ⁴⁰Ar⁴⁰Ar on ⁸⁰Se). This is a fundamental method design choice that determines which interference corrections are necessary and should be documented independently of the RF Power field.",Basic,Read-Only,Controlled list,Normal plasma (>1000 W RF) | Cool plasma (≤900 W RF) | Mixed: specify mode per analytical sub-run,,,Y,Y,Y,,Normal plasma (implied; no cool plasma mentioned),Cool plasma (800 W RF) to reduce Ar-based argide interferences on ⁶⁰Ni and ⁷¹Ga,Normal plasma (1000 W RF),Normal plasma (1000 W RF),Normal plasma (ToF system; no cool plasma mentioned),Normal plasma (1550 W; KED mode used instead of cool plasma for interference suppression),N (parameters lost; medium resolution mode implies normal plasma),Normal plasma (1400 W RF power),Normal plasma (1200 W RF),Normal plasma (1200 W RF),Normal plasma (1250 W RF),Normal plasma (1550 W RF),Normal plasma (implied),Normal plasma (implied)
Signal Smoothing,"Description of any signal smoothing device or approach installed between the ablation cell and the ICP-MS to reduce pulse-to-pulse signal variability. Note: active signal smoothing devices (e.g., squid, SCFAST) are generally incompatible with high-resolution raster mapping because they degrade spatial resolution by mixing aerosol from successive laser shots. For mapping analyses, report ""None"" explicitly.",Advanced,Editable,Text (free),"e.g., 'Squid 2.0 (laurin technik)' | 'ARIS (Aerosol Rapid Introduction System)' | 'None'",,,Y,Y,Y,,N,None (no signal smoothing device; N₂ not added),None,None,ARIS (Aerosol Rapid Introduction System; Teledyne Photon Machines) for signal pulse compression and fast aerosol transport,None (galvanometric scanning system; smoothing incompatible with high-spatial-resolution mapping),N (parameters lost),N,None,None,Signal-smoothing device used downstream from ablation cell (model not specified); significantly reduced short-term signal variability,None (femtosecond laser produces inherently smooth signals),N (CetacAnalyte HE; smoothing status not reported),N
ICP Tuning,"Description of the approach used to optimise ICP plasma conditions prior to analysis, including the reference material used for tuning and the acceptance criteria (e.g., oxide production threshold, sensitivity targets, mass calibration).",Advanced,Editable,Text (free),"e.g., 'Daily auto-tune on NIST SRM 612; optimised for max sensitivity on ¹³⁹La and ²³²Th with ThO⁺/Th⁺ <0.5% and U/Th = 1.0 ± 0.05'",,,Y,Y,Y,,Daily optimization using NIST SRM 612 (or equivalent); optimized for sensitivity with low oxide production,Daily tuning; cool plasma conditions optimized; N₂ explicitly not added to avoid N-based interferences,Same instrument as mapping; tuning optimized per run (different RF power and resolution settings per run),Same instrument as olivine runs; tuned for normal plasma conditions,Daily tuning of delay between laser trigger and aerosol arrival; notch filter calibration for Ar-based ions,Gas flow rates optimized to maximize REE sensitivity while maintaining ThO⁺/Th⁺ <1%; KED He gas flow 4 ml min⁻¹ optimized,N (parameters lost),N,ICP and laser settings optimized daily for optimum signal intensity and low oxide formation (factory specifications; mass calibration and detector cross-calibration checked and redone if required),Same as spot protocol,"NIST 610 used to optimize He/Ar gas flows, torch position, RF power, and source lens settings for max sensitivity and peak flatness; small N₂ added downstream",Gas flows optimized via spot ablation of NIST SRM 612 to obtain maximum signal intensities while maintaining ThO/Th <0.3% and U/Th at 0.95–1.05,N (standard daily optimization implied),N
Oxide Production Method and Threshold,"Method used to quantify plasma oxide production and the acceptance threshold applied before commencing analysis. The ThO⁺/Th⁺ ratio (mass 248/232) is most widely used, but UO⁺/U⁺ (mass 254/238) or CeO⁺/Ce⁺ (mass 156/140) may also be used. Report both the measurement method (which oxide proxy) and the threshold value.",Basic,Read-Only,Text (free),"e.g., 'ThO⁺/Th⁺ (248/232) <0.5%' | 'ThO⁺/Th⁺ <0.3%; UO⁺/U⁺ monitored at 0.95–1.05' | 'CeO⁺/Ce⁺ <1.0%'",,,Y,Y,Y,,N (not reported; no oxide proxy threshold stated),ThO⁺/Th⁺ (mass 248/232); threshold not explicitly stated but minimized by cool plasma,N (normal plasma; no threshold stated for runs 1 and 2),N (normal plasma; no threshold stated),N (ToF system; notch filter for Ar ions),ThO⁺/Th⁺ (mass 248/232) <1% (monitored during tuning; KED He flow adjusted),N (parameters lost),N,N (factory optimization criterion; exact threshold not stated),N (same as spot protocol),N,ThO⁺/Th⁺ (mass 248/232) <0.3%; U/Th monitored at 0.95–1.05,N,N
Oxide Production,"Actual oxide production ratio measured during this analytical session, using the method specified in the protocol-level field ""Oxide Production Method and Threshold"". Report the measured value and confirm it met the protocol threshold.",N/A,Basic,Text (free),"e.g., 'ThO⁺/Th⁺ = 0.3% (threshold <0.5% met)' | 'ThO⁺/Th⁺ = 0.08%' | 'CeO⁺/Ce⁺ = 0.7% (threshold <1.0% met)'",,,Y,Y,Y,,N,N,N,N,N,ThO⁺/Th⁺ <1% (optimized during tuning as condition for gas flow optimization),N,N,N,N,N,ThO/Th = measured at <0.3%; U/Th = 0.95–1.05 (on NIST SRM 612),N,N
Instrument Warm-up / Session Duration Limit,"Minimum warm-up time required after plasma ignition before analyses begin, and any maximum session duration enforced to maintain stable operating conditions. These constraints are part of the protocol and cannot be varied by the analyst.",Advanced,Read-Only,Text (free),"e.g., '≥30 min warm-up after sample change; sessions ≤8 h after tuning' | '3–4 h warm-up; no session duration limit'",,,Y,Y,Y,,N,N,N,N,N,N,N,N,N,N,N,N,N,N
Drift Monitor Frequency,Frequency at which primary reference materials are analysed to monitor instrument drift and apply drift corrections across the session. Editable to allow analysts to increase monitoring frequency if drift is observed.,Advanced,Editable,Text (free),"e.g., 'Every 10 unknowns' | 'Start and end of session only' | 'Every 15–20 spot analyses; at start and end of each map for mapping'",,,Y,Y,Y,,Standards at start and end of session; external bracketing,Each GRM analyzed 3–5× before and 3–5× after sample analyses (all GRMs at start and end of session),Same as mapping protocol; GRMs at start and end,MPI-DING and USGS GRMs measured at beginning and repeatedly at end of each session,GRMs analyzed 3–5× before and 3–5× after samples in each session; 10 adjacent laser lines per GRM analysis,Reference materials (NIST SRM 612 for REEs; mineral references for MEs) measured under same conditions at start and end of each area,N (parameters lost),N,NIST SRM 612 and North Chile measured bracketing every 15 unknowns: 3×STD → 3×STD → 10×unknowns → repeat,NIST SRM 612 and North Chile at start and end of mapping session (30 min map; 3 measurements each before and after),N (no explicit drift correction described; external calibration with reference glasses provides correction),NIST SRM 612 and 614 measured as external standards within session; BHVO-2 and other GRMs as unknowns,NIST 610 as primary; NIST 612 and BCR-2G as monitoring standards,Same bracketing as silicate glass protocol
Analysis Sequence,"Repeating order of primary calibration standard(s), quality control standard(s), and unknown analyses within a measurement session. Editable to allow minor adjustments while maintaining the bracketing strategy defined in the protocol.",Basic,Editable,Text (free),"e.g., '1 primary std / 1 QC / 10 unknowns' | '2/4/15' | 'Calibration at start and end; unknowns in between'",,,Y,Y,Y,,Standards at start of session → raster unknowns → repeat → standards at end; separate session for Ge spot analyses,(i) Gas blanks → (ii) all glass GRMs for external calibration → (iii) 1–3 cosmic spherule unknowns → (iv) blanks → (v) all glass GRMs again,GRM block (3–5×) → unknowns → GRM block (3–5×); same structure for run 1 and run 2,MPI-DING and USGS GRMs at beginning → unknowns → repeated GRM at end,(i) Gas blanks → (ii) all glass GRMs → (iii) 1–3 CS samples → (iv) blanks → (v) all glass GRMs again,Reference materials analyzed under same conditions before and after mapping of each FG area,"BCR-2g, BHVO-2g, BIR-1g measured as calibration standards; Marjalahti as in-session control",IVB meteorite standards (Warburton Range external + Tawallah Valley secondary) measured alongside unknowns; exact bracketing not described,NIST SRM 612(×3) → North Chile(×3) → unknowns(×10) → NIST SRM 612(×2) → North Chile(×2) → unknowns(×10) → … (bracketing every 15),Background (1 min) → NIST SRM 612(×3) → North Chile(×3) → unknown map (30 min) → North Chile(×3) → NIST SRM 612(×3) → background,14 reference glasses analyzed to evaluate accuracy and provide calibration factors; natural minerals as unknowns for data quality evaluation; 1 block of 120 cycles per analysis,Gas blank (25 s) → ablation (45 s) → washout (25 s); NIST 612 and 614 as external standards; BHVO-2 and 6 GRMs measured as unknowns,NIST 610 as primary standard measured in session; NIST 612 and BCR-2G as monitoring standards; unknowns bracketed by standards,Same bracketing as silicate glass protocol
Analyte,"Isotopes (mass/charge) this protocol is designed to measure. Defines the scope of the protocol and enables matching of protocols to analytical needs. At analysis level, record the specific isotopes actually measured in the session — this may be a subset of the protocol scope if certain masses were excluded due to interference issues or detector limitations.",Basic,Editable,Text (free),"e.g., 'Major elements: ²⁵Mg, ²⁸Si, ⁴⁴Ca, ⁵⁷Fe; Trace elements: ⁴⁵Sc, ⁵¹V, ⁵³Cr ... ²³⁸U' | 'All REE: ¹³⁹La–¹⁷⁵Lu'",,2026-05-07,Y,Y,Y,,"³¹P, ⁵¹V, ⁵³Cr, ⁵⁵Mn, ⁵⁷Fe, ⁵⁹Co, ⁶⁰Ni, ⁶³Cu, ⁷¹Ga, ⁷⁴Ge, ⁷⁵As, ⁹⁵Mo, ¹⁰²Ru, ¹⁰³Rh, ¹⁰⁶Pd, ¹²⁰Sn, ¹²¹Sb, ¹⁸²W, ¹⁸⁵Re, ¹⁹⁰Os, ¹⁹³Ir, ¹⁹⁵Pt, ¹⁹⁷Au (23 elements; 31P, 51V, 53Cr, 55Mn, 57Fe, 59Co, 60Ni, 63Cu, 71Ga for spot Ge runs)","²⁵Mg, ²⁷Al, ²⁹Si, ³¹P, ⁴⁵Sc, ⁵¹V, ⁵³Cr, ⁵⁵Mn, ⁵⁷Fe, ⁶⁰Ni, ⁷¹Ga, ¹³⁹La, ¹⁵³Eu, ¹⁹⁵Pt (14 nuclides)","Run 1 (major): ²⁵Mg, ²⁹Si, ³¹P, ⁴⁴Ca, ⁵³Cr, ⁵⁵Mn, ⁵⁷Fe (7 nuclides; medium resolution); Run 2 (trace): ⁷Li, ⁴⁵Sc, ⁵¹V, ⁵³Cr, ⁵⁹Co, ⁶⁰Ni, ⁶³Cu, ⁶⁶Zn, ⁸⁹Y, ⁹⁰Zr, ⁹³Nb, ¹³³Cs, ¹³⁷Ba, ¹³⁹La–¹⁷⁵Lu (all REE), ¹⁸⁰Hf, ¹⁸¹Ta, ¹⁸²W, ¹⁸⁵Re, ¹⁹³Ir, ¹⁹⁵Pt, ¹⁹⁷Au, ²³²Th, ²³⁸U (36 nuclides)","²³Na, ²⁵Mg, ²⁷Al, ²⁹Si, ³¹P, ³⁹K, ⁴⁴Ca, ⁴⁵Sc, ⁴⁷Ti, ⁵¹V, ⁵³Cr, ⁵⁵Mn, ⁵⁷Fe, ⁵⁹Co, ⁶⁰Ni, ⁶³Cu, ⁶⁶Zn, ⁸⁵Rb, ⁸⁸Sr, ⁸⁹Y, ⁹⁰Zr, ⁹³Nb, ¹³³Cs, ¹³⁷Ba, ¹³⁹La–¹⁷⁵Lu (all REE), ¹⁸⁰Hf, ¹⁸¹Ta, ²⁰⁸Pb, ²³²Th, ²³⁸U (43 nuclides)","²³Na to ²³⁸U (full periodic table, m/z 23–238); quasi-simultaneous ToF acquisition","²³Na, ²⁴Mg, ²⁷Al, ²⁹Si, ³⁵Cl, ⁴⁴Ca, ⁴⁷Ti, ⁵⁷Fe (8 MEs) + ¹³⁹La, ¹⁴⁰Ce, ¹⁴⁶Nd, ¹⁴⁷Sm, ¹⁵³Eu, ¹⁵⁷Gd, ¹⁶³Dy, ¹⁶⁵Ho, ¹⁶⁶Er, ¹⁶⁹Tm, ¹⁷²Yb, ¹⁷⁵Lu (12 REEs; Pr and Tb excluded to keep total dwell time <1 s)","²⁵Mg, ²⁷Al, ³¹P, ⁴³Ca, ⁴⁴Ca, ⁴⁵Sc, ⁴⁷Ti, ⁴⁹Ti, ⁵¹V, ⁵²Cr, ⁵³Cr, ⁵⁹Co, ⁶⁰Ni, ⁶¹Ni, ⁶²Ni, ⁶⁴Zn, ⁶⁶Zn, ⁶⁹Ga, ⁷¹Ga (19 nuclides)","⁵⁹Co, ¹⁰¹Ru, ¹⁰³Rh, ¹⁰⁵Pd, ¹⁸⁵Re, ¹⁸⁹Os, ¹⁹³Ir, ¹⁹⁵Pt, ¹⁹⁷Au (9 HSE isotopes); ²⁴Mg, ²⁹Si, ³¹P, ³³S monitored for inclusion detection; ⁶¹Ni as internal standard","⁵²Cr, ⁵⁷Fe, ⁵⁹Co, ⁶¹Ni, ⁶⁵Cu, ⁶⁹Ga, ⁷²Ge, ⁷⁵As, ⁹⁹Ru, ¹⁰³Rh, ¹⁰⁵Pd, ¹⁸²W, ¹⁸⁵Re, ¹⁸⁹Os, ¹⁹³Ir, ¹⁹⁵Pt, ¹⁹⁷Au (17 isotopes); low relative abundance isotopes chosen for Ni and Fe (analog mode)","⁵²Cr, ⁵⁷Fe, ⁵⁹Co, ⁶¹Ni, ⁶⁵Cu, ⁶⁹Ga, ⁷²Ge, ⁷⁵As, ⁹⁹Ru, ¹⁰³Rh, ¹⁰⁵Pd, ¹⁸²W, ¹⁸⁵Re, ¹⁸⁹Os, ¹⁹³Ir, ¹⁹⁵Pt, ¹⁹⁷Au (same 17 isotopes as spot protocol)","L4 (⁸³Kr), L3 (¹⁶⁷Er²⁺), L2 (⁸⁴Sr), L1 (⁸⁵Rb), C (⁸⁶Sr), H1 (¹⁷³Yb²⁺), H2 (⁸⁷Sr), H3 (⁸⁸Sr) (7 cups monitoring Kr, Rb, Er, Yb, Sr)","²¹Sc, ⁵¹V, ⁵²Cr, ⁵⁹Co, ⁶⁰Ni, ⁶³Cu, ⁶⁶Zn, ⁶⁹Ga, ⁸⁵Rb, ⁸⁸Sr, ⁸⁹Y, ⁹⁰Zr, ⁹³Nb, ¹³³Cs, ¹³⁷Ba, ¹³⁹La, ¹⁴⁰Ce, ¹⁴¹Pr, ¹⁴⁶Nd, ¹⁴⁷Sm, ¹⁵³Eu, ¹⁵⁷Gd, ¹⁵⁹Tb, ¹⁶³Dy, ¹⁶⁵Ho, ¹⁶⁶Er, ¹⁶⁹Tm, ¹⁷²Yb, ¹⁷⁵Lu, ¹⁷⁸Hf, ¹⁸¹Ta, ²³²Th, ²³⁸U (32 trace elements)","¹⁹⁷Au, ⁶³Cu (primary targets); all detected via Agilent 7900 (exact isotope list not fully stated)","¹⁹⁷Au, ⁶³Cu (primary targets; Si and Fe from EMP as internal standards)"
Spectrometer Dwell Time,"Count time (dwell time) per mass position for each measured isotope in milliseconds. Longer dwell times improve counting statistics and lower detection limits but reduce the number of isotopes measurable within a given scan cycle time. For mapping, scan cycle time directly determines spatial resolution at a given scan speed: shorter cycle time = finer spatial resolution.",Basic,Editable,Text (free),"e.g., 6 ms (most isotopes); 35 ms (¹⁴⁷Sm, ¹⁵³Eu, ¹⁵⁸Gd for REE work)",,Analyte specific,Y,Y,Y,,N (dwell times not reported),0.01 s (10 ms) per nuclide; samples per peak: 10; duty cycle time: 1.944 s (14 nuclides),Run 1 (major): 0.01 s per nuclide; samples per peak: 18; duty cycle: 2.069 s; Run 2 (trace): 0.01 s per nuclide; samples per peak: 7; duty cycle: 2.062 s,"0.01 s per nuclide; samples per peak: 5; duty cycle: 1.813 s; mass window 150% for ²³Na–⁴⁷Ti, 100% for all other nuclides",N/A — ToF acquires full spectrum simultaneously; base integration time 46 ms; 60+ spectra aggregated per readout (100–300 Hz pixel rate → 68–206 spectra per pixel),0.05 s (50 ms) per isotope for all monitored masses (20 isotopes total),N (parameters lost; 10–50 ms varies by isotope per paper text),N,0.02 s per isotope; 100 samples per peak; 10 runs; 60 passes; total measurement time 120 s per analysis,0.02 s per isotope; 100 samples per peak (same as spot protocol),0.524 s integration time per cycle (one block of 120 cycles = 62.88 s total),30 ms (most isotopes) / 10 ms (alternate; dual detector mode),N,N
Background Count Time,"Total time spent measuring gas blank (background signal with laser off or shutter closed) before each ablation event, in seconds. For spot and transect analysis, a discrete background interval is measured before each ablation. For mapping, background is typically measured once per raster line or at the start of a map session rather than before each individual pixel. Editable to allow session-specific adjustment.",Basic,Editable,Numeric (s),"e.g., '30 s (spot/transect)' | '10 s per raster line (mapping)' | '25 s (one gas blank map per GRM at session start)'",,,Y,Y,Y,,N (gas blank measured before analyses but duration not reported),Scans for gas blank: 10 per line (before each mapping line); 80 scans during ablation,Run 1: 5 gas blank scans; 24 ablation scans; Run 2: 5 gas blank scans; 24 ablation scans,8 gas blank scans; 11 ablation scans (25 cycles measurement: 15 s blank + 20 s ablation + 10 s washout),Gas blank map (10 adjacent lines with laser shutter closed) acquired for each GRM at start of session,Background measured at start of each line scan area; washout time ~3 s between areas,N (parameters lost; gas blank measured before each analysis per paper text),N,20 s background measurement (laser shutter closed) before each 40 s ablation,60 s background measurement before mapping session start; 3 measurements each for NIST and North Chile after background,30 cycles × 0.524 s ≈ 15.7 s (first 30 cycles of the 120-cycle block with no laser ablation),25 s gas blank before each ablation,N (gas blank measured but duration not explicitly stated),N
Multi-Run Sequential Analysis Design,"Whether the protocol uses a single acquisition pass or multiple sequential runs on the same sample location, each optimized for different analytical objectives. For multi-run designs, describe the number of runs, their purpose, key laser and instrument settings per run, and how outputs of one run feed into data reduction of another. Not applicable to raster mapping, where each spatial location is visited exactly once.",Advanced,Read-Only,Text (free),"e.g., Single run | Two sequential runs: run 1 (major elements, 30 µm circular, medium resolution) → run 2 (trace elements, 130 µm circular, low resolution; Cr from run 1 as IS) | Pre-ablation pass + single acquisition run",,,Y,Y,N,,N (single raster acquisition; Ge spot separate session),N/A (mapping; no sequential multi-run),"Three-stage sequential design on same olivine location:
(1) Pre-ablation pass (2 J cm⁻², 150 µm square, 300 µm s⁻¹) to remove surface contamination;
(2) Run 1 — major elements (30 µm circular, MR M/ΔM=4000, 20 Hz, 7 nuclides);
(3) Run 2 — trace elements (130 µm circular, LR M/ΔM=300, 40 Hz, 36 nuclides; Cr from run 1 as IS)",Single spot analysis run per location (25 cycles: 15 s blank + 20 s ablation + 10 s washout); 3 replicates,N/A (mapping),N/A (mapping),Single spot per location (75 µm circular),Single spot per location (30 µm circular),Single acquisition run (20 spot analyses per sample under repeatability conditions),N/A (mapping),Single line scan per location (1 block of 120 cycles at 0.524 s integration),Single spot per location (45 s ablation at 1 Hz),Single spot per location (~40 s ablation at 7 Hz),Single spot per location (sulfides; same acquisition parameters as glass but 20 µm spot)
Analysis Location/Spot Coordinates,"Location of the analysis on the sample surface. For spot and transect analysis: stage coordinates (X, Y in µm) or a description relative to a named reference feature (e.g., mineral rim, inclusion boundary). For mapping: coordinates of the map corner(s) or centre, plus map dimensions. Enables spatial reconstruction and co-registration with other analytical images.",N/A,Basic,Text (free),"e.g., 'X = 12350 µm, Y = 8760 µm (stage coordinates)' | '500 µm from metal-olivine rim toward core' | 'Map centre: X=15000, Y=9000 µm; area: 1450×600 µm'",,,Y,Y,Y,,N,N,N,N,N,N,N,N,N,N,N,N,N,N
Number of Replicates,Number of replicate analyses performed on the same sample (or same nominal location for spot analysis) in this session. For spot analysis: number of individual spot analyses per grain or location. For transect: number of replicate transect lines. For mapping: number of map acquisitions of the same area (usually 1).,N/A,Basic,Integer,"e.g., 3 (three replicate spots per grain) | 1 (single transect) | 1 (single map)",,,Y,Y,Y,,N (number not stated explicitly; multiple irons analyzed),N (single map per olivine crystal section per sample),3 replicate analyses per grain (3× run 1 + 3× run 2 on same location),Multiple phosphate grains per meteorite; number varies by section,N (1 to 3 CSs per session; mapping of 5 micrometeorites total),2–5 areas mapped per FG (single pass per area),N (variable number of spots per sample),"N (variable number of spots per grain; Mg, Si, P, S monitored to check for inclusions)",20 spot analyses per meteorite under repeatability conditions; additional measurements on different days,1 map per meteorite (single 30-min mapping acquisition),N (variable; 12–30 analyses per mineral phase per meteorite),9 spot analyses in grid pattern for homogeneity testing; multiple analyses per fusion glass disk,N (variable per run),N (grain size >20 µm selected; number of analyzed grains variable)
Transect Length,"Total length of the transect line analysed in micrometres. This is an analysis-level parameter because it depends on the size of the feature of interest rather than being fixed in the protocol. The protocol fixes scan speed (captured in Transect Rate, Mapping Rate or Step Size); transect length is determined at analysis time based on grain or feature size.",N/A,Basic,Numeric (µm),"e.g., 500 µm | 1200 µm | 3000 µm",,,N,Y,N,,N/A,N/A,Line scan length: 400 µm (runs 1 and 2; 34 runs adjusted to measure 400 µm line + blank + washout),N/A,N/A,N/A,N/A,N/A,N/A,N/A,"Variable; analyses of plagioclase, pyroxene, glass in two lunar meteorites (NWA 10597 and NWA 6950); line length varies by mineral grain size",N/A,N/A,N/A
Mapping Area,"Total area covered by the 2D raster map, expressed as width × height in µm or as total area in µm² or mm². This is an analysis-level parameter because it depends on the size of the grain or phase to be mapped. The protocol fixes scan speed, line spacing, and spot size; the map area is chosen at analysis time to cover the target feature.",N/A,Basic,Text (free),"e.g., '1450×600 µm (870,000 µm²)' | '200×200 µm' | '0.5 mm²'",,,N,N,Y,,"Raster over ""a few millimeters"" of polished iron slab surface (area not precisely stated)","Each map: 1450×600 µm = 870,000 µm²; total of 8 PMG olivines mapped",N/A (line scan + spot; not 2D raster),N/A,N/A,Areas ranging from 200×200 µm² to 300×300 µm²; 2–5 areas per FG inclusion,N/A,N/A,N/A,Augusto Pestana: 30 min mapping session (area not explicitly stated; 150 µm spot at 10 µm s⁻¹),N/A,N/A,N/A,N/A
,,,,,,,,,,,,,,,,,,,,,,,,,
5. Data Processing,,,,,,,,,,,,,,,,,,,,,,,,,
Internal Standard Approach,"Method used to determine the internal standard (IS) concentration for each unknown sample, used to correct for variable ablation yield between analyses. The approach is a fundamental protocol design choice that cannot be changed by analysts.",Basic,Read-Only,Text (free),"e.g., 'Single element from EPMA (SiO₂ wt% used as IS)' | 'Sum-of-major-oxide normalization to 100% (Liu et al. 2008)' | 'Stoichiometry-derived (Ca fixed at 10.1 wt% for calcite)' | 'No IS — external calibration only'",,,Y,Y,Y,,No conventional internal standard; Fe+Ni+Co sum normalization to 100% (for most irons) — external calibration using iron meteorite standards; elemental fractionation corrected by multi-point external calibration,Sum-of-major-oxide normalization: MgO+FeO+SiO₂+P₂O₅ = 100 wt% per pixel (Liu et al. 2008 approach; no EPMA required for IS),Run 1 (major elements): sum-of-oxide normalization (MgO+FeO+SiO₂+P₂O₅=100 wt%; Liu et al. 2008); Run 2 (trace elements): single element IS from Run 1 (⁵³Cr concentration from major element run used as IS for trace element run),Sum-of-major-oxide normalization to 100 wt% (Liu et al. 2008; Appendix C3),Sum normalization of all element oxide mass fractions to 100%; multi-point external calibration against natural glass GRMs,"100% oxide sum normalization of 7 MEs (NaO, MgO, Al₂O₃, SiO₂, CaO, TiO₂, FeO) + Cl⁻; depth correction for ablation volume differences using LEICA DVM5000 digital microscope measurements",Single element from EPMA: ²⁵Mg (SiO₂ from EPMA used as indexing element for quantification; preferred values from GeoReM),Single element externally measured by EPMA: ⁶¹Ni concentration from EPMA at exact analysis location used as IS,Fe+Ni+Co sum normalization to 100% using iolite 3D Trace Elements DRS (eliminates need for independent EPMA IS),Fe+Ni+Co sum normalization to 100% (same DRS as spot protocol; mandatory for multi-phase mapping without prior IS knowledge),No conventional IS; external calibration only (Rb/Sr elemental fractionation corrected by series of reference glasses; 87Sr/86Sr mass bias corrected by exponential law using 88Sr/86Sr = 8.37521),"Two internal standards: Si from XRF SiO₂ (for Co, Ni, Cu, Zn); Al from XRF Al₂O₃ (for all other trace elements); non-matrix-matched external standards (NIST 612 + 614) used; fs laser minimizes matrix effects",Single element from EMP: Si (SiO₂ from EMP for silicate glass); NIST 610 as external standard,Single element from EMP: Fe (FeOT from EMP for sulfide); NIST 610 as external standard
Internal Standard Element,"Element(s) used as the internal standard, and how the IS concentration value was determined for unknown samples. For mapping protocols using oxide-sum normalization, report ""None (oxide-sum normalization)"" and cite the method reference.",Basic,Read-Only,Text (free),"e.g., '²⁹Si; SiO₂ wt% from EPMA' | '⁵³Cr; measured in preceding major-element run (run 1)' | 'None — sum of MgO+FeO+SiO₂+P₂O₅ = 100 wt% (Liu et al. 2008)'",,,Y,Y,Y,,No single IS; Fe+Ni+Co=100% sum normalization (equivalent to virtual IS),No single IS element; oxide sum normalization (MgO+FeO+SiO₂+P₂O₅) used as virtual IS per pixel,Run 1: No single IS; oxide sum normalization; Run 2: ⁵³Cr (concentration from Run 1 major-element analysis on 30 µm spot used as IS for 130 µm spot trace element run),No single IS; oxide sum normalization to 100 wt%,No single IS element; full 100% oxide sum normalization across all detected elements; gas blank included in regression (forced through zero),No single IS; 100% oxide sum normalization (7 MEs + Cl) with volume correction (depth measured by digital microscope for each material type),²⁵Mg; MgO wt% from EPMA used as standardizing value (indexing element),⁶¹Ni; concentration from EPMA measured at exact analysis spot location,No single IS; Fe+Ni+Co mass fractions normalized to 100% via iolite 3D DRS (yield correction factors applied for NIST SRM 612 relative to North Chile),No single IS; Fe+Ni+Co=100% normalization (same as spot protocol),No conventional IS; ⁸⁵Rb used to calculate ⁸⁷Rb/⁸⁶Sr via 87Rb/85Rb; external calibration for Rb/Sr elemental fractionation using reference glasses,"Si (SiO₂ from XRF) for Co, Ni, Cu, Zn; Al (Al₂O₃ from XRF) for all other 28 trace elements",Si from EMP (SiO₂ wt% for silicate glass),Fe from EMP (FeOT wt% for sulfide)
Elemental Fractionation Correction,"Method used to correct for laser-induced elemental fractionation (LIEF), including downhole fractionation during prolonged ablation, matrix-dependent fractionation between sample and calibration standard, and any specific correction algorithm applied. Reference the software function or publication.",Basic,Read-Only,Text (free),"e.g., 'Normalised to NIST SRM 612; no additional downhole correction' | 'Exponential downhole fractionation correction in Iolite using NIST SRM 612' | 'Linear time-drift correction applied per analysis'",,,Y,Y,Y,,Multi-point external calibration using series of iron meteorite reference materials (North Chile Filomena as primary standard for Fe/Co/Ni/Cu/Ga/Ge/As/W/Au; Hoba for Ru/Rh/Pd/Re/Os/Ir/Pt; NIST SRM 1263a V-Cr steel for V/Cr/Fe/Co/Ni/Cu/As/Mo/W/Au),Internal normalization to MgO+FeO+SiO₂+P₂O₅ oxide sum corrects for point-to-point ablation yield variation; additional pixel-by-pixel normalization fixes oxide sum to 100 wt%,Run 1: Oxide sum normalization corrects for ablation yield variation; external calibration using glass GRMs (NIST + USGS + MPI-DING); Run 2: Cr from run 1 as IS corrects for ablation yield; external calibration with expanded glass GRM set,Oxide sum normalization to 100 wt% corrects for ablation yield and matrix effects; external calibration with MPI-DING and USGS glass GRMs,"Oxide sum normalization corrects for ablation yield variation; multi-point external calibration (gas blank regression forced through zero); synthetic glasses (GSE-1G, GSD-1G) not used for trace element calibration due to anomalous concentrations",Femtosecond laser substantially reduces elemental fractionation (non-thermal ablation); depth-of-ablation correction for differences in drilling rate between glass standards and silicate minerals (4–12 µm depth measured by digital microscope),"External calibration using BCR-2g, BHVO-2g, BIR-1g; ²⁵Mg IS from EPMA corrects for ablation yield variation; no explicit downhole fractionation correction described",External calibration using calibration curve method with IVB iron meteorite standards; ⁶¹Ni as IS from EPMA corrects for ablation yield differences between sample and standard,External calibration using North Chile iron meteorite + NIST SRM 612 glass (yield correction applied in iolite 3D DRS for NIST relative to North Chile); ordinary least-squares fitting per 15 min calibration block; Fe+Ni+Co normalization eliminates need for independent EPMA IS,Same calibration approach as spot protocol (iolite 3D DRS; same yield correction),Femtosecond laser substantially reduces elemental fractionation; no explicit downhole correction; Rb/Sr elemental fractionation corrected externally by analyzing series of reference glasses; exponential law for Sr isotope mass bias (88Sr/86Sr = 8.37521),Femtosecond laser substantially reduces elemental fractionation and matrix effects (stated); non-matrix-matched external standards (NIST 612 + 614) used successfully with fs laser (verified by GRM accuracy assessment),Femtosecond laser reduces LIEF; NIST 610 external standard; Si IS from EMP corrects for ablation yield,Femtosecond laser reduces LIEF; NIST 610 external standard; Fe IS from EMP corrects for ablation yield; micronuggets identified from Au signal spikes and excluded from integration
Uncertainty Propagation Method,"Approach used to propagate analytical uncertainty from raw count rates through the data reduction chain to final reported concentrations or isotope ratios. Specifies which uncertainty sources are included: counting statistics, calibration standard uncertainty, internal standard concentration uncertainty, drift correction uncertainty. Editable because this field may be unspecified at protocol registration (Advanced tier) and can be completed by the analyst when documenting the analysis.",Advanced,Editable,Text (free),"e.g., Counting statistics only (1σ on integrated signal, Longerich et al. 1996) | SD of n replicate analyses used as combined uncertainty estimate | Full propagation: counting + calibration standard + IS uncertainty (specify formula)",,,Y,Y,Y,,Standard deviation (SD) across individual integration cycles of raster scans; uncertainty propagation not formally described,Longerich et al. (1996) equation (3SD/S × √(1/Nb + 1/Na)),Longerich et al. (1996) for LOD; uncertainty for concentrations not formally described,Longerich et al. (1996) for LOD; uncertainty not formally described,Pettke et al. (2012) equation for LoDs; intermediate precision assessed from repeated GRM mapping over 1 year,Theoretical 1σ analytical precision from counting statistics; dominated by counting statistics for REEs near detection limits,N,2SE of individual spot measurements reported,N (iolite 4 computes uncertainty internally via Longerich et al. 1996),N (same as spot protocol),Standard error (SE = SD/√n) for repeatability within individual runs; assessed separately for 87Sr/86Sr and 87Rb/86Sr using signal intensity regression,N (Iolite 4 internal uncertainty propagation implied),N,N
Matrix Offset Correction (LIEF),Whether an empirical correction was applied to account for systematic differences in laser-induced elemental fractionation (LIEF) patterns between the external calibration standard and the sample matrix.,Advanced,Read-Only,Text (free),"e.g., 'Applied: 6.4% offset in Ca/Si determined by comparison with EPMA (Jenner & O'Neill 2012)' | 'Not applied; Ca used as IS to cancel LIEF offset' | 'Not applicable'",,,Y,Y,Y,,N (no matrix offset correction; iron meteorite standards used to minimize matrix mismatch),N (oxide sum normalization approach is inherently matrix-independent within olivine composition range),N,N,N (natural rock glass GRMs used; no separate matrix offset correction),"N (depth correction applied but this corrects for ablation rate differences, not LIEF per se; fs laser minimizes fractionation)",N,N (fs laser minimizes LIEF; IVB iron meteorite standards used as matrix-matched reference),N (yield correction in iolite DRS addresses relative sensitivity differences between NIST SRM 612 and North Chile),N (same as spot protocol),N (fs laser minimizes LIEF),N (fs laser minimizes matrix effects),N (fs laser),N (fs laser)
Signal Integration Interval Method,"Approach used to select the stable signal interval for integration during data reduction, and to exclude anomalous signals from inclusions or cracks. For spot/transect analysis: involves identifying and excluding transient start/end instabilities within the time-resolved signal. For mapping analysis: corresponds to defining Volumes of Interest (VOIs) or applying phase masks across the 2D map (e.g., manual selection, automated clustering, threshold-based masking).",Basic,Read-Only,Text (free),"Manual visual inspection per analysis | Automated threshold (specify software and threshold) | Fixed time window applied uniformly | k-means clustering on multi-element map data | Phase mask applied using elemental threshold (e.g., P₂O₅ to exclude veinlets)",,,Y,Y,Y,,N (raster averages; selection method not described),"Manual visual inspection of time-resolved signal per line; anomalous spikes (inclusions, cracks, veinlets) excluded; P-rich veinlet regions identified and excluded from olivine averages","Time-resolved signals inspected manually; unstable intervals at start and end discarded; Cr heterogeneities and inclusion signals (elevated P, Ca, Co, Ni) identified and excluded from integration","Anomalous time steps excluded (inclusions, cracks, heterogeneity); manual inspection","VOI (Volume of Interest) selection using k-means clustering algorithm in HDIP software, or manual selection; each VOI corresponds to a distinct mineral phase or compositional region of the micrometeorite",Manual selection of analytical points restricted to target minerals based on ME distribution maps; points from adjacent minerals excluded; averaging over ≥10 pixels for minerals >40×40 µm²,"Time steps with enhanced P, Ca, Co, Ni, Zn count rates (indicating inclusions or cracks) excluded from integration; manual inspection","Time-resolved signals monitored; analyses with elevated Mg, Si, P, S (inclusion indicators) excluded; stable signal intervals used for integration",Time-resolved LA-ICP-MS signals inspected per analysis; background interval (20 s) and ablation interval (40 s) selected; no automated spike exclusion described,Same procedure as spot protocol; signal integration for mapping not separately described,Regions of integration for gas background and sample signal selected first; cycles at beginning and end of ablation discarded; for heterogeneous minerals (unstable 87Rb/86Sr): SUIA (Smallest Unit Isochron Age) data reduction strategy applied per cycle,"Time-resolved signals inspected visually; flux blank contributions to pollution elements (V, Co, Zn, Ba, La, Ce, Ta, U) identified and subtracted; 9-spot grid homogeneity tested before analysis",Time-resolved LA-ICP-MS signal inspected; micronuggets identified from spikes in Au signal and excluded from integration to obtain smooth signals (verified by Fig. 1 in paper),Same approach as glass; micronugget identification from Au signal spikes critical for sulfide analyses
Signal Integration Time,"Actual integration time used for the ablation signal in this analysis, in seconds. This is an analysis-level outcome determined during data reduction by applying the Signal Integration Interval Method to the time-resolved signal. It is equal to or shorter than the Ablation Duration per Spot because the signal start and end transients are typically discarded. Not applicable to mapping analysis: for mapping, the equivalent concept is the per-pixel cycle time, which is determined by the spectrometer dwell time settings (a protocol-level field) rather than being an analysis-level outcome.",N/A,Basic,Numeric (s),"e.g., 40 s | 60 s",,,Y,Y,N,,N/A (mapping) / ~20 s (Ge spots: 20 s ablation at 50 Hz),N/A (mapping),Run 1: ~50 s (34 runs covering 400 µm line + 10 s blank + washout); Run 2: same structure; actual integrated signal window within run not separately stated,20 s (spot ablation time; full ablation interval used for integration after exclusion of anomalous steps),N/A (mapping),N/A (mapping),N (parameters lost),N,40 s (full ablation interval used; background subtracted separately),N/A (mapping),60–70 cycles × 0.524 s ≈ 31–37 s (final integrated signal window after discarding beginning and end cycles from 90 acquired cycles),45 s on-sample ablation (full ablation interval used for integration),~40 s (inferred from typical CetacAnalyte HE protocol; stable signal used),~40 s (same)
Spike / Outlier Filtering Approach,"Method used to identify and remove anomalous signal spikes arising from micronuggets, inclusions, cracks, or instrument artifacts during time-resolved signal processing. Editable because the specific implementation may vary between sessions while remaining within the protocol framework.",Advanced,Editable,Text (free),"e.g., 'Significant single spikes visually identified and removed in Iolite' | 'Statistical filter: data points >3σ from running mean removed' | 'No filtering applied' | 'Automated spike detection in SILLS'",,,Y,Y,Y,,"N (raster scans; ""failed to yield useful Ge abundances"" for Klamath Falls noted — implying visual quality control)",Manual identification and exclusion of P-rich veinlet pixels from olivine averages; anomalous spikes from inclusions excluded per line,"Manual inspection; analyses with elevated P, Ca, Co, Ni (phosphate or metal inclusions) excluded; Cr heterogeneities also flagged",Anomalous time steps excluded during manual inspection,k-means clustering in HDIP software for automated phase segmentation; mixed-phase edge pixels and epoxy pixels identified by threshold and excluded,Manual selection of integration pixels; cross-contamination between adjacent minerals minimized by selecting points restricted to single mineral based on ME distribution,"Time steps with enhanced P, Ca, Co, Ni, Zn excluded (inclusions and heterogeneities); Grubb's test applied to EPMA data for outlier detection","Monitoring of Mg, Si, P, S to check for micro-inclusions (sulfides); analyses with elevated inclusion signals excluded entirely",N (no explicit spike filtering described beyond background subtraction),N (mapping; iolite 3D DRS handles background; no per-pixel spike filtering described),Cycles with 87Rb/86Sr >1 deleted (invalid Rb interference correction); cycles with 88Sr signal <0.2 V discarded (poor precision); SUIA method applied to heterogeneous minerals,"Homogeneity index (H) applied to test element distribution; Co, Ni, Cu in high-Si glass (GSR-1) identified as near-LOD and flagged; flux blank contributions to pollution elements subtracted",Micronuggets identified from Au signal spikes in time-resolved spectra; excluded from integration (smooth signals = fully dissolved Au; Fig. 1 shows this criterion),Same approach as glass; Au spike identification critical for determining solubility vs. nugget contribution
Blank / Background Correction Method,"Method used to subtract the gas blank (background signal with laser off) from the ablation signal. For spot and transect analysis: typically the mean of a pre-ablation gas blank interval is subtracted per isotope per analysis. For mapping: background may be subtracted per raster line, per map session, or using a separate gas blank map acquired under identical conditions.",Basic,Read-Only,Text (free),"e.g., 'Mean of 30 s pre-ablation gas blank subtracted per isotope per analysis' | 'Separate gas blank map (10 adjacent lines, laser off) acquired for each GRM; mean used for subtraction'",,,Y,Y,Y,,Gas blank measured before each raster analysis; mean background subtracted,Gas blank measured before each ablation line (10 scans of gas blank per mapping line); average background subtracted from each corresponding ablation line,Gas blank measured before each analysis (5 scans); average background value preceding each analysis subtracted from corresponding data,Gas blank measured before each spot analysis (8 scans); average background subtracted,"Gas blank map (10 adjacent lines, laser shutter closed) acquired for each GRM at session start and after each set of samples; mean background subtracted",Background measured before each line scan area; washout time (~3 s) used to define start of new ablation period,Gas blank measured before each analysis (laser shutter closed); time steps with background-level signals excluded during data reduction,Gas blank measured before each spot; background period during single spot transient (rapid intensity rise and decay) used for background correction,Background signal measured for 20 s (laser shutter closed) before each 40 s ablation; background mean subtracted per isotope in iolite,Background (1 min) measured at session start; additional 3 measurements of NIST and North Chile used for calibration (background included in regression line for gas blank),First 30 cycles (no laser ablation) used for background collection; background Kr⁺ signals removed by correction; no additional Kr peak stripping applied,Gas blank measured for 25 s before each ablation; background subtracted per isotope,N (background subtraction performed but method not explicitly described; implied from standard Agilent/iolite workflow),N (same as glass protocol)
Pulse/Analog Detector Nonlinearity Correction,Whether a correction was applied for nonlinear response at the transition between pulse-counting and analog detector modes.,Advanced,Editable,Controlled list / Text,Not applicable (instrument uses pulse counting only) | Applied: describe method and elements affected | Not applied (crossover threshold not reached for any element) | Not applied (known bias accepted),,,Y,Y,Y,,Applied: triple mode detection at 65% duty cycle (pulse counting + analog + Faraday); specific cross-calibration not described,Applied: triple mode detection; cross-calibration between pulse-counting and analog modes performed,Applied: Run 1 medium resolution with Faraday for major elements; Run 2 low resolution; cross-calibration performed,Applied: triple mode detection,N/A — ToF detector; MCP with simultaneous detection; notch filter for Ar-based ions prevents detector saturation,N/A (quadrupole with SEM; single detection mode),N (parameters lost),N (quadrupole X-series 2; single detector mode),"Applied: triple mode detector (pulse counting, analog, Faraday); low relative abundance isotopes chosen for Ni and Fe to allow analog mode measurement of major matrix elements",Applied (same as spot),N/A (MC-ICP-MS; Faraday cups and electron multiplier ICs; no pulse/analog transition),Applied: dual detector mode (30 ms / 10 ms dwell alternation),N,N
Isobaric Interference Corrections Applied,"Whether isobaric interference corrections were applied for any measured isotope in this protocol. A protocol-level Boolean: if the protocol includes interference corrections, this is always Yes. Element-specific detail is captured in Interfering Species and Interference Correction Method.",Basic,Read-Only,Boolean,Yes | No,,Analyte specific,Y,Y,Y,,Yes — ⁹⁹Ru used instead of ¹⁰¹Ru to avoid ⁴⁰Ar⁶¹Ni⁺ interference; isotope selection minimizes other interferences,Yes — cool plasma conditions (800 W) applied to reduce argide-based interferences (³⁶Ar²⁴Mg⁺ on ⁶⁰Ni; ⁴⁰Ar³¹P⁺ on ⁷¹Ga); oxide-based interferences minimized by dry plasma and tuning; mathematical corrections in some cases (Table C1),Yes — cool plasma not applicable (normal plasma); argide corrections less critical; oxide interferences monitored; spectral interference list in Table C1,Yes — same instrument settings; interference corrections as per Table C1,"Yes — notch filter quadrupole attenuates ³⁶Ar⁺, ⁴⁰Ar⁺, ⁴⁰ArH⁺, ⁴⁰Ar⁴⁰Ar⁺ to avoid detector saturation",Yes — KED (kinetic energy discrimination) mode with He collision gas (4 ml min⁻¹) suppresses polyatomic ion interferences,N (parameters lost; medium resolution mode implies interference resolution by mass),"No explicit corrections applied; monitoring of Mg, Si, P, S used to detect and exclude inclusion-contaminated analyses rather than correct for spectral interferences","Yes — isotope selection to minimize interferences (e.g., ⁹⁹Ru instead of ¹⁰¹Ru to avoid ⁴⁰Ar⁶¹Ni⁺; low abundance isotopes for Fe and Ni)",Yes (same as spot protocol),Yes — correction for doubly charged ions: ¹⁶⁸Er²⁺ on ⁸⁴Sr; ¹⁷⁰Er²⁺ and ¹⁷⁰Yb²⁺ on ⁸⁵Rb; ¹⁷²Yb²⁺ on ⁸⁶Sr; ¹⁷⁴Yb²⁺ on ⁸⁷Sr; ⁸⁷Rb isobaric on ⁸⁷Sr (corrected using 85Rb signal and exponential law),"Yes — fs laser substantially reduces oxide and matrix interferences; flux blank contributions to V, Co, Zn, Ba, La, Ce, Ta, U identified and subtracted",Yes (fs laser reduces interferences),Yes (fs laser reduces interferences)
Interfering Species,"Elemental or molecular species (oxides, argides, doubly charged ions) overlapping with the measured isotope.",Basic,Read-Only,Text (free),"e.g., '⁸⁷Rb on ⁸⁷Sr; ¹⁷⁰Yb²⁺ on ⁸⁵Rb' | '⁴⁰Ar³¹P⁺ on ⁷¹Ga; ⁴⁴Ca¹⁶O⁺ on ⁶⁰Ni' | '¹³⁷Ba¹⁶O⁺ on ¹⁵³Eu' | 'None'",,Analyte specific,Y,Y,Y,,⁴⁰Ar⁶¹Ni⁺ on ¹⁰¹Ru (most abundant Ru isotope → use ⁹⁹Ru instead),Per Table C1: ¹²C¹³C⁺ on ²⁵Mg; ¹⁵N¹⁶O⁺ on ³¹P; ²⁹Si¹⁶O⁺ on ⁴⁵Sc; ³⁵Cl¹⁶O⁺ on ⁵¹V; ⁴⁰Ar¹³C⁺ on ⁵³Cr; ⁴⁰Ar¹⁵N⁺ on ⁵⁵Mn; ⁴⁰Ar¹⁶OH⁺ on ⁵⁷Fe; ⁴⁴Ca¹⁶O⁺ and ²⁴Mg³⁶Ar⁺ on ⁶⁰Ni; ³¹P⁴⁰Ar⁺ and ⁵⁵Mn¹⁶O⁺ on ⁷¹Ga; ¹³⁷Ba¹⁶O⁺ on ¹⁵³Eu (most significant interferences in bold),Same interference list as mapping (Table C1); argide-based interferences less critical without cool plasma,Same interference list (Table C1),"³⁶Ar⁺, ⁴⁰Ar⁺, ⁴⁰ArH⁺, ⁴⁰Ar⁴⁰Ar⁺ (attenuated by notch-filter quadrupole)",Polyatomic ions (oxide ions ThO⁺/Th⁺ as proxy); argide ions suppressed by KED; no specific element-by-element list given,N (parameters lost; medium resolution resolves most polyatomic interferences),"Sulfide inclusions detectable via ³³S signal; phosphide inclusions via ³¹P; silicate inclusions via ²⁴Mg, ²⁹Si (used to exclude contaminated analyses)",⁴⁰Ar⁶¹Ni⁺ on ¹⁰¹Ru (primary concern) → ⁹⁹Ru used instead; Fe and Ni matrix species on other isotopes minimized by isotope selection,Same as spot protocol,¹⁶⁸Er²⁺ on ⁸⁴Sr; ¹⁷⁰Er²⁺ + ¹⁷⁰Yb²⁺ on ⁸⁵Rb; ¹⁷²Yb²⁺ on ⁸⁶Sr; ¹⁷⁴Yb²⁺ on ⁸⁷Sr; ⁸⁷Rb on ⁸⁷Sr (isobaric),"Li₂B₄O₇ flux blank contains V, Co, Zn, Ba, La, Ce, Ta, U at detectable levels; subtracted as blank contribution",N,N
Interference Correction Method,"Equation or procedure used to correct for isobaric interferences, including the production rate factor and the reference material used to measure it.",Basic,Read-Only,Text (free),"e.g., 'Mathematical correction: ⁸⁷Sr_corrected = ⁸⁷Sr_measured − f(⁸⁷Rb/⁸⁵Rb) × ⁸⁵Rb' | 'Cool plasma (800 W) reduces ⁴⁰Ar-based argides by >90% for ⁶⁰Ni and ⁷¹Ga' | 'KED mode (He collision gas 4 ml min⁻¹) suppresses polyatomic interferences'",,Analyte specific,Y,Y,Y,,Isotope selection: ⁹⁹Ru chosen over ¹⁰¹Ru; other isotopes chosen to minimize interference,"Physical mitigation: cool plasma (800 W RF) reduces ³⁶Ar²⁴Mg⁺ on ⁶⁰Ni, ⁴⁰Ar³¹P⁺ on ⁷¹Ga by >90%; oxide interferences minimized by dry plasma conditions; background subtraction corrects for time-invariant Ar-based interferences; mathematical corrections applied where feasible per Appendix C4",Argide corrections less critical (normal plasma); oxide-based interferences minimized by tuning; same interference list but without cool plasma mitigation,Same approach as mapping; oxide sum normalization partially corrects for matrix-dependent interferences,"Physical attenuation: notch-filter quadrupole removes Ar-based ions (³⁶Ar⁺, ⁴⁰Ar⁺, ⁴⁰ArH⁺, ⁴⁰Ar⁴⁰Ar⁺) before detector to prevent saturation",KED mode with He collision gas (4 ml min⁻¹): interfering polyatomic ions lose kinetic energy through collisions with He and are rejected by retarding potential; He flow optimized to suppress interferences while maintaining REE ion transmission; oxide production monitored by ThO⁺/Th⁺ <1%,"Medium mass resolution (M/ΔM ≈ 4000) separates many polyatomic interferences from analyte peaks (e.g., resolves ⁵⁴Fe⁺ from ⁵⁴Cr⁺)","Exclusion-based approach: analyses with elevated Mg, Si, P, S (from silicate, phosphate, or sulfide inclusions) excluded entirely rather than applying mathematical corrections",Isotope selection minimizes interferences; low-abundance isotopes of Fe and Ni chosen for analog mode to prevent detector saturation,Same isotope selection as spot protocol,Sequential interference correction: (a) doubly charged Er and Yb corrections on Sr masses using measured 167Er²⁺ and 173Yb²⁺ signals and natural isotope ratios; (b) 87Rb isobaric correction on 87Sr using measured 85Rb signal and user-specified 87Rb/85Rb calculated from exponential law for mass bias,"Flux blank subtraction: blank contribution to each pollution element (V, Co, Zn, Ba, La, Ce, Ta, U) measured in procedure blanks and subtracted; LOQ for pollution elements = blank value + 10SD",N,N
Memory Effect Mitigation,"Protocol applied to identify and minimise memory effects from high-concentration elements in the previous sample or standard that may contaminate subsequent analyses, or from incomplete aerosol washout between adjacent pixels in raster mapping mode. For mapping, the mitigation strategy involves controlling scan speed relative to washout time to ensure each pixel signal is sufficiently free of the preceding pixel's contribution.",Advanced,Editable,Text (free),"e.g., 'Extended washout (≥60 s He flush) between high-concentration standards and unknowns' | 'Scan speed set so that washout time (<1 s) is shorter than pixel acquisition interval' | 'None required for this element suite'",,,Y,Y,Y,,N (washout time between analyses not stated; sequential raster scans),Gas blank measured before each ablation line; adequate washout ensured by duty cycle timing,Washout time: 11 s between runs (runs include 400 µm line + blank + washout),10 s washout time after 20 s spot ablation (specified in acquisition protocol),Low-dispersion tube-type cell + ARIS provides very short aerosol pulse response (<1 ms at 1% baseline); delay between laser trigger and aerosol arrival tuned daily; effectively eliminates inter-pixel memory in mapping,Washout time approximately 3 s (defined as time for REE signal to decrease by two orders of magnitude after ablation of NIST SRM 612); scan speed (2 µm s⁻¹) ensures laser moves only 6 µm during washout — less than 10 µm spot diameter,N (parameters lost),N (single spot analyses; no sequential memory effect described),N (washout between analyses not explicitly described; sequential spot analyses),N (mapping; ARIS-equivalent not described; single mapping session),N (no memory effect mitigation described; line scan mode with no return to same location),25 s washout between analyses (25 s gas blank → 45 s ablation → 25 s washout),N,N
Normalization / Standards-Based Correction,"Any post-acquisition normalization applied to correct for systematic biases identified from secondary reference materials, or stoichiometric normalization applied per pixel in mapping. Distinct from the primary internal standard approach captured in Internal Standard Approach.",Advanced,Editable,Text (free),"e.g., 'None' | '100% oxide sum normalization applied per pixel to enforce mass balance (Liu et al. 2008)' | 'Normalized to ⁸⁸Sr/⁸⁶Sr = 8.37521 for mass bias correction in Sr isotope analysis'",,,Y,Y,Y,,External calibration with iron meteorite and NIST SRM 1263a V-Cr steel standards; no post-acquisition normalization described,100% oxide sum normalization (MgO+FeO+SiO₂+P₂O₅) applied per pixel after IS-normalized external calibration (equations 3–4 in Appendix C1) to fix final mass balance,Run 1: 100% oxide sum normalization; Run 2: Cr IS from Run 1 applied; no further post-acquisition normalization,100% oxide sum normalization to 100 wt% for phosphate minerals (Appendix C3),100% oxide sum normalization of all detected element oxides to 100% after multi-point external calibration,100% oxide sum normalization (7 MEs + Cl) after external calibration; per-pixel normalization accounts for varying mineral stoichiometry across the FG,"No post-acquisition normalization; BCR-2g, BHVO-2g, BIR-1g used for calibration; Marjalahti as in-session control",No post-acquisition normalization; calibration curve method using IVB standards provides direct quantification,Fe+Ni+Co=100% sum normalization applied in iolite 3D Trace Elements DRS as final step; yield correction factors applied for NIST SRM 612 relative to North Chile,Fe+Ni+Co=100% normalization (mandatory for multi-phase mapping); same iolite DRS as spot,⁸⁸Sr/⁸⁶Sr = 8.37520933 used for Sr isotope mass fractionation correction (exponential law); ⁸⁷Rb/⁸⁵Rb = 0.385706 and ⁸⁶Sr/⁸⁸Sr = 0.119351 for ⁸⁷Rb/⁸⁶Sr calculation; external calibration factor from reference glasses applied to correct Rb/Sr elemental fractionation,No post-acquisition normalization beyond IS approach (two IS elements applied element-specifically),No post-acquisition normalization beyond IS (Si from EMP),No post-acquisition normalization beyond IS (Fe from EMP)
,,,,,,,,,,,,,,,,,,,,,,,,,
6. Quality Control & Uncertainty,,,,,,,,,,,,,,,,,,,,,,,,,
Primary Calibration Standard Name,"Primary reference material(s) used to calibrate the instrument and convert raw signal intensities to concentrations or isotope ratios. Include material name, source institution, and citation for the accepted values used. Editable because the specific lot or certification vintage may differ between sessions while the material type remains the same.",Basic,Editable,Text (free),"e.g., 'NIST SRM 612 (Jochum et al. 2011, doi:10.1111/j.1751-908X.2011.00120.x)' | 'USGS BCR-2G (GeoReM preferred values, georem.mpch-mainz.gwdg.de)'",,,Y,Y,Y,,North Chile Filomena (IIAB iron meteorite; Wasson et al. 1989) for Fe/Co/Ni/Cu/Ga/Ge/As/W/Au; Hoba (IVB; Walker et al. 2008) for Ru/Rh/Pd/Re/Os/Ir/Pt; NIST SRM 1263a V-Cr steel (Campbell & Humayun 2005) for V/Cr/Fe/Co/Ni/Cu/As/Mo/W/Au,"Multiple glass GRMs used together for linear regression external calibration: NIST SRM 612, NIST SRM 614, USGS GSD-1G (synthetic), USGS GSE-1G (synthetic), USGS BHVO-2G, USGS BIR-1G (natural basalt glasses)","Same glass GRM set as mapping for Run 1; expanded set additionally includes MPI-DING KL2-G, ML3B-G, StHs6/80-G, T1-G, ATHO-G, BM90/21-G, GOR128-G, GOR132-G for Run 2 trace elements",MPI-DING and USGS glass GRMs (measured at beginning and repeatedly at end of each session; multipoint calibration),"Multiple natural rock glass GRMs: USGS GSE-1G, GSD-1G (synthetic basaltic), BIR-1G, BHVO-2G, BCR-2G (basaltic), NKT-1G (nephelinitic); MPI-DING GOR128-G, GOR132-G (komatiitic), ML3B-G, KL2-G (basaltic), ATHO-G (rhyolitic), StHs6/80-G (andesitic), T1-G (dioritic). Note: GSE-1G and GSD-1G not used for trace element calibration due to anomalous concentrations","NIST SRM 612 (glass, REE reference; Jochum et al. 2011); natural minerals as ME references: augite (Morogoro, Tanzania, Nichika Inc.) for Mg, Al, Fe; olivine (Horoman, Hokkaido) for Mg, Si, Fe; Cl-apatite (Chichibu, Saitama) for Cl; titanite (Mt Dromedary Complex) for Ca, Ti","USGS standard glasses BCR-2g, BHVO-2g, and BIR-1g; preferred values from GeoReM website",Warburton Range (IVB iron meteorite; Walker et al. 2008) — used as primary external standard and for calibration curve method,NIST SRM 612 glass (Jochum et al. 2011) + North Chile Filomena iron meteorite (Wasson et al. 1989) — used together with yield correction in iolite 3D DRS,NIST SRM 612 (Jochum et al. 2011) + North Chile Filomena — same as spot protocol,"NIST 610 for instrument parameter optimization; series of reference glasses (NIST 612, BHVO-2G, BCR-2G, NKT-1G, TB-1G, ATHO-G, KL2-G, ML3B-G, StHs6/80-G, T1-G) for external calibration of ⁸⁷Rb/⁸⁶Sr ratio; natural clinopyroxenes (NHB-9, YY12-01) and anorthite (YG4301) as unknown samples for ⁸⁷Sr/⁸⁶Sr data quality evaluation",NIST SRM 612 + NIST SRM 614 (non-matrix-matched external standards); self-made BHVO-2 lithium borate glass (matrix-matched) tested as alternative but NIST 612+614 found sufficient with fs laser,NIST 610 (primary external standard; Jochum et al. 2011); Si from EMP as IS,NIST 610 (primary external standard); Fe from EMP as IS
Secondary Reference Materials,"Quality-control reference materials analysed as unknowns alongside samples in the same session to assess accuracy and monitor drift. Include material name, source, and citation for accepted values used for comparison. Editable because selection of secondary RMs may vary across sessions.",Basic,Editable,Text (free),"e.g., 'NIST SRM 610 (Jochum et al. 2011); GOR132-G (Jochum et al. 2006)' | 'BHVO-2G (GeoReM), BCR-2G (GeoReM)'",,,Y,Y,Y,,"Two natural clinopyroxenes (NHB-9, YY12-01) and one natural anorthite (YG4301) — see Chernonozhkin 2021 Chem. Geol. 562 (not present in this paper; standards used for Fe/Ru/etc. calibration)","MPI-DING glasses: GOR132-G, StHs6/80-G, T1-G; USGS: BCR-2G, BHVO-2G — measured as unknowns alongside samples and compared to GeoReM preferred values (Table 1 and Section 3.3)",Same GRM set measured as unknowns for accuracy assessment,Same MPI-DING and USGS glasses measured as unknowns for accuracy assessment,BHVO-2G and StHs6/80-G — selected as QC materials processed as secondary unknowns in every analytical session (measured in 8 and 6 sessions respectively over 1 year),BHVO-2G processed as unknown for accuracy assessment (Table 2),"BCR-2G, BHVO-2G, BIR-1G processed as unknowns alongside samples (same standards as calibration — in-session validation)",Tawallah Valley (IVB iron meteorite; Walker et al. 2008) — measured as secondary/check standard alongside unknowns,North Chile Filomena measured as unknown on different days over 4 months to assess intermediate precision (Table 3 and Fig. 2),North Chile and NIST SRM 612 measured before and after mapping session as QC materials,Natural clinopyroxenes NHB-9 and YY12-01 (reference values given in Table 2); anorthite YG4301 — measured as unknowns for 87Sr/86Sr data quality evaluation,"AC-E (granite, CRPG), GSR-1 (granite, NRCG), JB-1b (basalt, GSJ), GSR-3 (basalt, NRCG), AGV-2 (andesite, USGS), W-2A (diabase, USGS) — 6 GRMs covering mafic to felsic rock types analyzed as unknowns; also NWA14526 (lunar basalt) and NWA13190 (shergottite) compared with SN-ICP-MS",NIST SRM 612 and BCR-2G (monitoring standards measured in same sessions),NIST SRM 612 and BCR-2G (same monitoring standard set as glass protocol)
Detection Limit,"Session detection limit for each measured isotope, expressed in µg g⁻¹, ng g⁻¹, or wt% as appropriate. Report the value(s) and units per isotope or element group. Mandatory at analysis level to demonstrate the reliability of reported near-detection-limit concentrations. The calculation method is captured separately in Detection Limit Method.",Advanced,Basic,Numeric (ppm or wt%),"e.g., '0.003 ng g⁻¹ (La), 0.005 ng g⁻¹ (Ce) (3σ background; Longerich et al. 1996)' | 'Range: 0.005–23.5 µg g⁻¹ across all measured isotopes (Pettke et al. 2012)'",,Analyte specific,Y,Y,Y,,LODs not formally reported; all concentrations above detection limits except noted (Cr in some irons below LOD),"LODs reported in Table E1 (Appendix E) for 2D mapping: average of all individual pixel LODs (Na=1, Nb=10 per Longerich et al. 1996)","LODs reported in Table 1 for line scan + spot trace elements: Na=24, Nb=5 per Longerich et al. 1996; LOQ = 10SD criterion",N (LODs not separately reported for phosphate analyses),LODs range 0.1–10 µg g⁻¹ for most elements using 5×5 µm spot; down to 10 ng g⁻¹ for some trace elements (REEs). Reported for areas 0.004–0.05 mm²; LODs calculated per Pettke et al. (2012),20–50% uncertainty for individual REE data points; Lu measured down to ~10 ng g⁻¹ (0.4× CI-normalized); LODs not explicitly tabulated but implied by REE abundance levels achieved,N (LODs not stated; concentrations reported for all nuclides above background),N (LODs not formally stated),"LODs in µg g⁻¹ (median from Table 3): As 2, Au 0.1, Co 2, Cr 19, Cu 0.8, Fe 5300, Ga 0.1, Ge 0.2, Ir 0.04, Ni 60, Os 0.09, Pd 0.06, Pt 0.4, Re 0.02, Rh 0.05, Ru 0.3, W 0.09; calculated per Longerich et al. (1996) in iolite 4",N (LODs not separately reported for mapping),N (LODs not applicable to isotope ratio measurements; precision and accuracy of 87Sr/86Sr and 87Rb/86Sr assessed instead),LODs for 32 elements in Li-borate glass BHVO-2: 0.005–23.5 µg g⁻¹ (dilution-limited; much higher than undiluted glass LODs); LODs for NIST 610: 0.007–0.45 µg g⁻¹; LOQ = 3.3 × LOD (Pettke 2012) for most elements; LOQ for pollution elements = blank + 10SD (Gold Book IUPAC),Detection limits for Au ~0.01 ppm; Cu ~0.1 ppm in silicate melt (stated in paper),Same LODs as silicate glass protocol for Au and Cu
Detection Limit Method,Reference or description of the method used to calculate session detection limits. Mandatory at analysis level. Must be consistent with the method applied to generate the Detection Limit values reported above.,Advanced,Basic,Text / URI,"e.g., '3σ of background ion counts per Longerich et al. (1996), doi:10.1039/ja9961100899' | 'Sample-individual LOD per Pettke et al. (2012), doi:10.1016/j.oregeorev.2011.11.001'",,,Y,Y,Y,,N (not formally stated),Longerich et al. (1996): LOD = (3SD/S) × √(1/Nb + 1/Na),Longerich et al. (1996); LOQ = 10SD criterion (same equation),N (not formally stated),Pettke et al. (2012): LOD = (3.29 × √(Rbkg × DT × (Nan + Nan²/Nbkg)) + 2.71) / (Nan × DT × S),N (counting statistics implied; exact LOD formula not stated),N,N,Longerich et al. (1996) — implemented in iolite 4; sample-individual LOD calculated per analysis,N (LODs not separately reported for mapping),N (not applicable; isotope ratio measurements),Pettke (2012) for most elements: LOD = (3.29 × √(Rbkg × DT × ...) + 2.71) / (Nan × DT × S); LOQ for pollution elements = blank value + 10SD (IUPAC Gold Book),"N (stated as ""detection limits"" without specific formula)",N
Limit of Quantification (LOQ) Method,Reference or description of the method used to calculate the limit of quantification (LOQ): the lowest concentration reliably measurable with acceptable precision and accuracy. Mandatory at analysis level when concentrations near the LOD are reported. Concentrations between LOD and LOQ are detectable but not reliably quantifiable.,Advanced,Basic,Text / URI,"e.g., 'LOQ = 10 × SD of background counts (10σ criterion)' | 'LOQ = 3.3 × LOD per IUPAC Gold Book' | 'LOQ = blank value + 10 SD for pollution elements (V, Ba, U)'",,,Y,Y,Y,,N,N,LOQ = 10SD of background counts (10σ criterion; Chernonozhkin et al. 2021),N,N,N,N,N,N,N,N,"LOQ = 3.3 × LOD per Pettke (2012) for most elements; LOQ = blank value + 10SD per IUPAC Gold Book for pollution elements (V, Co, Zn, Ba, La, Ce, Ta, U) where blank contribution is significant",N,N
Within-Session Analytical Precision and Assessment Method,"Reproducibility of repeated measurements within a single analytical session. Report both the assessment method and the precision values. Assessment method must specify: (1) the reference material used, (2) number of replicates n, and (3) the statistic reported (1σ RSD, 2σ RSD, etc.). For mapping: assess from repeated analyses of a reference material area at session start and end, or from replicate analyses of a homogeneous reference phase within the map.",Advanced,Basic,Text (free),"e.g., '1σ RSD = 1.5% for Ba, 2.3% for La (n=5 on NIST SRM 612 per session)' | 'Mapping: 4% 1σ RSD across 3 GRM map areas at session start and end (n=3)'",,Analyte specific,Y,Y,Y,,N (within-session precision not formally assessed; standard deviation across raster scans reported per element),Intermediate precision for mapping: most elements at ≥10 µg g⁻¹: 5–15% RSD; elements <10 µg g⁻¹: 5–30% RSD; assessed from repeated GRM mapping in 8 sessions over 1 year (n=8 for each element),"LOD calculated per analysis (Na=24, Nb=5); precision not formally reported as separate metric",N (precision not formally reported for phosphate analyses),"Intermediate precision: 5–15% RSD for elements ≥10 µg g⁻¹; 5–30% RSD for elements <10 µg g⁻¹ (assessed from repeated GRM mapping over 1 year, n=8)",20–50% uncertainty for individual REE data points (dominated by counting statistics near LOD; grain areas 40×40 µm² represent averaging of ≥10 pixels),N (within-session precision not formally assessed),Analytical uncertainties: 2SE of individual spot measurements reported alongside data,"RSD <15% for most elements in Arraias meteorite under repeatability conditions (n=20 spot analyses); Cr: 20%, Ir: 16%, Os: 20% RSD; assessed by repeated analysis of same meteorite in one session",N (within-session precision for mapping not separately assessed),Standard error (USE = SE at 95% confidence) for 87Sr/86Sr and 87Rb/86Sr per individual run; dependent on signal intensity (regression shown in Fig. 3); relative errors for 87Rb/86Sr: ±3% for most reference glasses; 87Sr/86Sr relative errors: <0.2‰ for materials with 87Rb/86Sr <1,Analytical precision (RSD) within 10% for most of 32 trace elements in 6 silicate GRMs (verified by homogeneity index assessment across 9 spots per disk),N (within-session precision not separately reported),N
Between-Session (Long-Term) Analytical Precision and Assessment Method,"Reproducibility of measurements across multiple analytical sessions over weeks to months (long-term or intermediate precision). Report both the assessment method and the precision values. Specify: reference material used, number of sessions n, time span covered, and statistic reported. Long-term precision is typically assessed from a compiled record of secondary reference material values across all sessions.",Advanced,Basic,Text (free),"e.g., '2σ RSD = 3% for Eu/Eu* on GOR132-G across 12 sessions over 8 months' | '1σ RSD = 2% for most REEs on BHVO-2G across 17 sessions over 3 years (n=85 analyses)'",,Analyte specific,Y,Y,Y,,N,N,N,N,Intermediate precision (between-session): 5–15% RSD for most elements ≥10 µg g⁻¹ over 8 sessions in 1 year; down to 3% RSD for some elements; assessed from repeated BHVO-2G GRM mapping (n=8 sessions),N,N,N,Intermediate precision: RSD ≤20% for most elements assessed over multiple days on North Chile iron meteorite measured as unknown (n multiple days over 4 months),N,N,N,N,N
Analytical Accuracy and Assessment Method,"Offset between measured and accepted reference values for secondary reference materials, expressed as % relative bias. Report both the assessment method and the accuracy values. Specify: (1) secondary RM used and source of reference values, (2) number of analyses, and (3) elements or element groups assessed. Report any systematic biases and likely causes.",Advanced,Basic,Text (free),"e.g., 'Within ±5% of GeoReM preferred values for most REEs on GOR132-G (n=15); +8% for Nb (known matrix sensitivity)' | '±3% for all elements on BHVO-2G vs. GeoReM (n=20)'",,Analyte specific,Y,Y,Y,,"LA-ICP-MS concentrations agreed with NAA within ±40% for most elements (LA relative to NAA); within ±10% for Ni, Co, Ga; differences in W (4.39 vs 1.06 ng g⁻¹ for Cerro del Inca by LA vs INAA) and Au/As up to 30% — attributed to heterogeneous sampling scale difference between techniques",No systematic bias demonstrated; MgO+FeO+SiO₂+P₂O₅ oxide sums after mapping varied 95–99 wt% (average near 100%); LA-ICP-MS Fa# values compared to EMPA values for 8 PMG (Fig. 5A shows good agreement),Trace element accuracy verified against literature INAA and EPMA data; major elements verified by comparison with EMPA results from same section,N (accuracy assessment not separately stated for phosphate analyses),No systematic bias observed for elements with well-characterized GRMs; W in StHs6/80-G: 0.35 ± 0.25 µg g⁻¹ (consensus: 0.47 ± 0.18 µg g⁻¹); W in BHVO-2G: 0.26 ± 0.18 µg g⁻¹ (consensus: 0.223 ± 0.058 µg g⁻¹) — both consistent with reference values,REE abundances in FG minerals consistent with previous SIMS data; group II REE patterns reproduced; BHVO-2G accuracy assessment: results within systematic uncertainties of calibration,Sc: good agreement with Davis (1977) INAA values within measurement scatter; overall accuracy verified by comparison with literature INAA and SIMS data; Marjalahti used as in-session control (Mn deviation from reference value noted as 4.2% above Ryder 1984),N (accuracy formally assessed by comparison with internal standard; absolute accuracy not separately reported),"Results for 9 known iron meteorites: >75% of published values within LA-ICP-MS result ± 2s (two standard deviations); relative differences mostly within ±20% (Fig. 2); specific discrepancies: Ir in Arraias +40%, Ir in Nossa Senhora +64%, Co and Ga in Campo del Cielo (heterogeneity issues); trend lines slope 0.87–1.17 with R² = 0.97–1.0",N (mapping accuracy not separately assessed from spot protocol),"87Sr/86Sr relative errors <0.2‰ for reference materials with 87Rb/86Sr <1 (12 of 14 reference materials); 87Rb/86Sr relative accuracy within ±3% for 11 glasses; exceptions: NIST 610 (−2.97%), NIST 612 (+2.02%), ATHO-G (+2.89%) — all within stated ±3% criterion",Analytical results within 10% of reference values for most of 32 trace elements in 6 GRMs (mafic to felsic); precision (RSD) within 10% for most elements; lunar basalt (NWA14526) and shergottite (NWA13190) results compared with SN-ICP-MS and found reliable,Au and Cu fully dissolved in most glasses (smooth signals); Au results consistent with Au solubility trends from literature; comparison with SN-ICP-MS (solution) for two extraterrestrial samples confirms reliability,"Sulfide Au and Cu concentrations consistent with strong positive correlation with log fS₂ (Fig. 5A) confirming thermodynamic equilibrium; partitioning coefficients Dsulfide/melt consistent with literature (Li et al. 2019, 2021)"
,,,,,,,,,,,,,,,,,,,,,,,,,
Additional Notes,Any additional context about this protocol or analysis session not captured by the structured fields above. Use sparingly; structured fields are preferred for all information that can be formally categorised.,Advanced,Advanced,Text (free),,,,Y,Y,Y,,"Raster scans used for main element dataset (23 elements); separate spot analyses on 5 irons for more precise Ge abundances (150 µm spot, 50 Hz, 20 s); two different analysis modes represent distinct protocols but are reported in same paper",Pallasite olivine 2D mapping in cool plasma mode (800 W) is a core methodological innovation; total of 8 PMG meteorites mapped; P-rich veinlets excluded from olivine averages; Fa# values verified against EMPA (Fig. 5A),"Multi-run sequential design is the key methodological innovation: Run 1 (major elements, 30 µm, MR) provides Cr IS for Run 2 (trace elements, 130 µm, LR); pre-ablation pass removes surface contamination before Run 1","Phosphate phase identification used LA-ICP-MS data combined with EMPA and µXRF (Fig. D9); merrillite, stanfieldite, farringtonite distinguished by REE patterns; oxide sum normalization applied to phosphate (not olivine IS approach)","LA-ICP-ToF-MS used here (not scanning LA-ICP-MS); key capability: full mass range (Na–U) recorded simultaneously; pixel sizes 2–5 µm; demonstrates quantitative accuracy despite being often called ""semi-quantitative""",msfsLA (multiple-spot femtosecond laser ablation) uses galvanometric scanner for rapid wide-area imaging; SUIA data reduction strategy not applicable here (no isotope ratio measurement); depth correction for ablation volume differences is methodological innovation,Many instrument parameters lost during extended lab shutdown; 75 µm spot size in medium resolution mode on sector-field ICP-MS is unusual combination for olivine trace elements; 25 Mg IS from EPMA is standard approach,fs laser (260 nm Ti:sapphire) essential for HSE measurement in metal (reduces elemental fractionation and matrix effects); IVB iron meteorite standards (Warburton Range + Tawallah Valley) as matrix-matched standards for iron meteorite metal,Key innovations: (1) use of two measurement standards (NIST SRM 612 + North Chile) with yield correction in iolite 3D DRS; (2) Fe+Ni+Co=100% normalization eliminates need for EPMA IS; Cr results not quantitative due to argide interferences,Elemental mapping used as classification tool even without prior knowledge of structural variations (kamacite vs. plessite); demonstrates LA-ICP-MS mapping applicability for iron meteorite classification,LA-MC-ICP-MS transect mode with Rb-Sr isotope ratio measurement; SUIA (Smallest Unit Isochron Age) data reduction strategy developed for heterogeneous minerals; signal-smoothing device used to reduce short-term variability,Target: bulk trace element analysis of extraterrestrial samples using only 10 mg; Li-borate flux fusion (35:1 dilution) with fs laser — first reported use of fs laser for flux fusion glass analysis; non-matrix-matched external standards demonstrated accurate with fs laser,Analysis of quenched experimental glasses from high-pressure (1 GPa) piston-cylinder experiments; Au and Cu solubility measurements; smooth time-resolved signals indicate fully dissolved Au (no micronuggets),Analysis of quenched experimental pyrrhotite (Fe₁₋ₓS) from same piston-cylinder experiments; 20 µm spot required due to small grain size (5–50 µm); same instrument and analytical session as glass protocol
