Metadata Item,Description,Procedure-Level Tier,Analysis-Level Tier,Data Type,Example / Allowed Content,Comments,Last Update,Keyed By,Purpose,Spot,Transect,Mapping,Literature Assessment,"Nakanishi et al. 2022
(GCA 319)
CR chondrite metal (HSE)
Spot analysis
fs-LA-Q-ICP-MS
Tokyo Institute of Technology","Liu et al. 2024
(JAAS 39)
Extraterrestrial samples
(Li-borate flux glass)
Spot analysis
fs-LA-Q-ICP-MS
Chinese Academy of Sciences","Liu et al. 2025
(GCA 393)
Experimental silicate glass
Spot analysis
ns-LA-Q-ICP-MS
Guangzhou Inst. Geochemistry","Liu et al. 2025
(GCA 393)
Experimental sulfide
Spot analysis
ns-LA-Q-ICP-MS
Guangzhou Inst. Geochemistry","Liu et al. 2016
(M&PS 51)
Tissint martian meteorite
Silicates, oxides & glass
Spot analysis
LA-Q-ICP-MS
Virginia Tech","Liu et al. 2016
(M&PS 51)
Tissint martian meteorite
Phosphate (merrillite)
Spot analysis
LA-Q-ICP-MS
Virginia Tech"
1. Procedure Identification,,,,,,,,,,N,N,N,N,,,,,N,N
Procedure Name,"A short descriptive name for this analytical procedure, including a version number. Should identify the instrument, the technique, and the scope of what is measured — analyte, material, or feature.",Basic,Read-Only,Text (free),"e.g., 'LA-ICP-MS Trace Elements Silicate Glass v1.2' | 'fs-LA-ICP-MS Major and Trace Elements Sulfide v1'",Source: Core module,2026-08-08,(none),,Y,Y,Y,,Nakanishi et al. (2022) CR Chondrite Metal HSE fs-LA-ICP-MS Spot v1,Liu et al. (2024) Extraterrestrial Flux Glass fs-LA-ICP-MS Spot v1,Liu et al. (2025) Experimental Silicate Glass LA-ICP-MS Spot v1,Liu et al. (2025) Experimental Sulfide LA-ICP-MS Spot v1,N,N
Technique,Top-level analytical technique identifier.,Basic,Read-Only,Controlled list,LA-ICP-MS | LA-ICP-OES | LA-MC-ICP-MS | LA-ICP-ToF-MS | LA-ICP-MS/MS | Other: specify,Source: Core module,2026-05-06,(none),,Y,Y,Y,,fs-LA-Q-ICP-MS,fs-LA-Q-ICP-MS,LA-Q-ICP-MS,LA-Q-ICP-MS,LA-ICP-MS (193 nm excimer laser + ICP-MS; top-level technique) [P4],LA-ICP-MS (same as silicate protocol) [P4]
Procedure Author,Person(s) or laboratory responsible for developing and registering this procedure. ORCID recommended for individuals.,Basic,Read-Only,Text (free),"e.g., 'J. Smith (ORCID: 0000-0001-2345-6789)' | 'Isotope Geochemistry Lab, University of X'",Source: Core module,2026-08-08,(none),,Y,Y,Y,,"Nakanishi, Yokoyama, Okabayashi, Iwamori, Hirata","Liu, Xue, Li, Wang et al.","Liu, Li, Xu, Xiong et al.","Liu, Li, Xu, Xiong et al.",N,N
Laboratory,Name of the laboratory or institution hosting the instrument.,Basic,Editable,Text (free),"e.g., 'Geo-/Cosmochemistry Lab, University of Cologne'",Source: Core module,2026-05-06,(none),,Y,Y,Y,,"Dept. of Earth and Planetary Sciences, Tokyo Institute of Technology, Japan","State Key Laboratory of Lithospheric Evolution and Environmental Coevolution, IGGCAS, Beijing, China","State Key Laboratory of Isotope Geochemistry, Guangzhou Institute of Geochemistry, CAS, China","State Key Laboratory of Isotope Geochemistry, Guangzhou Institute of Geochemistry, CAS, China","Department of Geosciences, Virginia Tech [P4]","Department of Geosciences, Virginia Tech [P4]"
Laboratory ID,"Persistent identifier for the laboratory (e.g., ROR ID).",Advanced,Editable,URI / DOI,ROR ID or equivalent URI (https://ror.org/),Source: Core module,2026-08-08,(none),,Y,Y,Y,,N,N,N,N,N,N
Procedure Start Date,First date this procedure configuration was used in production.,Basic,Read-Only,Date,"YYYY-MM-DD, e.g., 2022-04-22",Source: Core module,2026-07-24,(none),,Y,Y,Y,,N,N,N,N,N,N
Funding Source for Procedure Development,"Grants and other funding sources that supported instrument acquisition, major upgrades, procedure development, and associated personnel time. Include grant numbers and funding agencies where applicable.",Advanced,Read-Only,Text (free),"e.g., 'NSF EAR-2142500; DFG INST 216/1019-1 FUGG no. 665508' | 'None'",Source: Core module,2026-07-24,(none),,Y,Y,Y,,JSPS KAKENHI; Tokyo Institute of Technology,NSFC; Chinese Academy of Sciences,"Strategic Priority Research Program (B) CAS; NSFC 92062222, 42073057, 42250710679, 42250202, 42273023","Strategic Priority Research Program (B) CAS; NSFC 92062222, 42073057, 42250710679, 42250202, 42273023",N,N
Procedure Reference(s),"DOI or URL for peer-reviewed publications or technical reports describing, validating, or benchmarking this procedure.",Advanced,Read-Only,URI / DOI,"e.g., doi:10.1016/j.oregeorev.2011.11.001",Source: Core module,2026-07-24,(none),,Y,Y,Y,,"Nakanishi et al. (2022) GCA 319, 254; Walker et al. (2008) for IVB standards","Liu et al. (2024) JAAS 39, 2728; Pettke et al. (2012) for LOD","Liu et al. (2025) GCA 393, 170; Xu et al. (2022) for experimental protocol","Liu et al. (2025) GCA 393, 170; Xu et al. (2022)",Udry et al. (2012) and Pernet-Fisher et al. (2014) cited as broad references for the analytical procedure [P4],Same as silicate protocol [P4]
Procedure DOI,"DOI or unique persistent identifier for the registered procedure used in this analysis, generated upon procedure submission to a data repository. If a DOI has been applied for but not yet minted, enter ""pending"".",N/A,Basic,URI / DOI,"e.g., http://doi.org/10.60520/IEDA/114187 | pending",Source: Core module,2026-08-25,(none),Encourages formal procedure registration and ensures traceability.,Y,Y,Y,,N,N,N,N,N,N
Session Identifier,"Identifier for the analytical session this record describes — the laboratory's own run, sequence or batch identifier as generated by the instrument or acquisition software. Distinct from any persistent identifier a repository mints on submission.",N/A,Basic,Text (free),,Source: Core module,2026-08-25,(none),"The analysis record corresponds to one session, which may cover several samples, and this is the link back to the raw instrument files.",Y,Y,Y,,,,,,,
Analyst,Name(s) of the analyst(s) who performed the analysis session. ORCID is recommended for persistent identification.,N/A,Basic,Text (free),"e.g., 'J. Smith (ORCID: 0000-0001-2345-6789)'",Source: Core module,2026-08-25,(none),,Y,Y,Y,,N,N,N,N,N (Allan Patchen and Luca Fedele assisted with data collection per acknowledgments; not explicitly named as analysts in methods) [P20-Ack],N (same as silicate protocol) [P20-Ack]
Analysis Start Date,"Date on which the analytical session began. For sessions spanning multiple days, use the date of the first session. Format: YYYY-MM-DD.",N/A,Basic,Date,"YYYY-MM-DD, e.g., 2022-04-22",Source: Core module,2026-08-25,(none),,Y,Y,Y,,N,N,N,N,N,N
Analysis End Date,Date on which the analytical session ended. May equal Analysis Start Date for single-day sessions. Format: YYYY-MM-DD.,N/A,Basic,Date,"YYYY-MM-DD, e.g., 2022-04-22",Source: Core module,2026-08-25,(none),,Y,Y,Y,,N,N,N,N,N,N
Funding Source for Analysis,"Grants and other funding sources that supported the specific sample analyses and data collection reported here. Include grant numbers and funding agencies. Distinct from procedure development funding, which may have been awarded years earlier.",N/A,Basic,Text (free),"e.g., 'NASA 80NSSC21K0153; DFG WE 2850/5-1' | 'None'",Source: Core module,2026-08-25,(none),,Y,Y,Y,,"JSPS Grant-in-Aid for Scientific Research (grants 26106002, 26220713, 16H04081, 19H00715, 19H01081, 20H04609)",Strategy Priority Research Program (Category B) of Chinese Academy of Sciences (XDB0710000); NSFC 42073022,"Strategic Priority Research Program (B) of CAS (XDB0840200); NSFC 92062222, 42073057, 42250710679, 42250202, 42273023","Strategic Priority Research Program (B) of CAS (XDB0840200); NSFC 92062222, 42073057, 42250710679, 42250202, 42273023",NASA Cosmochemistry grants NNX11AG58G (to L.A.T.) and NNN13D465T (to Y.L.); NSF EAR-1226270 (to P.D.A.) and EAR-1019770 (to R.J.B.); Y.L. supported by Jet Propulsion Laboratory [P20-Ack],Same as silicate protocol [P20-Ack]
Coupled Technique(s),"Other analytical techniques applied to the same sample(s) whose results are intended to be interpreted together with data from this procedure. Document coupling with any technique whose results are functionally linked to this dataset — providing calibration inputs, complementary spatial context, or required companion measurements. Use the same controlled vocabulary as the Technique field. Enter ""None"" if no coupling is intended.",Advanced,Editable,Controlled list / Text,EPMA | SIMS | ICP-MS (solution) | Noble Gas MS | Other: specify | None | N/A,Source: Core module,2026-08-25,(none),,Y,Y,Y,,EPMA (electron probe microanalysis),N,N,N,EPMA (EMP) [P4],EPMA (EMP) [P4]
Coupling Description,"Description of how this procedure is coupled with the technique(s) listed above. Include: (1) the functional relationship — what data or context flows between techniques, or how results are combined (e.g. which output from the coupled technique serves as input to data reduction for this technique); and (2) the analytical sequence — which technique is performed first and why (e.g. non-destructive before destructive). Required when Coupled Technique(s) is not ""None"".",Advanced,Editable,Text (free),"e.g., 'EPMA provides major element concentrations (SiO₂ as internal standard) used in LA-ICP-MS data reduction; EPMA performed first because LA-ICP-MS ablation is destructive' | 'SIMS isotope ratios cross-validated against LA-ICP-MS; SIMS performed first due to shallower beam penetration'",Source: Core module,2026-08-25,(none),,Y,Y,Y,,"EPMA used to measure Ni concentration at the exact LA-ICP-MS analysis spot location, required for internal standardization of HSE data [Section 2.3]",N,N,N,EPMA provides major element concentrations for comparison with LA-ICP-MS oxide-sum normalization results; agreement within <10% verified [P4],"EPMA provides CaO concentration at exact analysis spot, used as internal standard for LA-ICP-MS data reduction (LA-ICP-MS 40Ca counts normalized to EMP CaO) [P4]"
Coupled Procedure DOI,"Registered procedure DOI for the coupled technique named above. If the coupled procedure has not yet been registered, enter the DOI of a publication describing the coupled method, or ""pending"". Enter ""None"" if no coupling is planned.",N/A,Advanced,URI / DOI,"e.g., 'http://doi.org/10.60520/IEDA/114187' | pending | None",Source: Core module,2026-08-25,(none),"Provides a stable, citable link to the companion method independent of whether a dataset has been deposited.",Y,Y,Y,,N,N,N,N,N,N
Coupled Dataset or Publication Reference,"DOI or other persistent identifier for the co-registered dataset or publication where both datasets are reported together. Accepts: a dedicated dataset DOI (if separately deposited), a shared dataset DOI (if co-submitted in the same package), or a publication DOI. Use ""same submission"" if the coupled dataset is included in this data package, or ""pending"" if not yet assigned. If coupling is documented through a shared sample identifier only, that information is already captured in Sample Persistent Identifier (Group 2).",N/A,Advanced,URI / DOI / Text,"e.g., 'doi:10.26022/IEDA/112969' | same submission | pending | None",Source: Core module,2026-08-25,(none),,Y,Y,Y,,N,N,N,N,N,N
,,,,,,,,,,,,,,,,,,,
2. Samples,,,,,,,,,,N,N,N,N,,,,,N,N
Target Material,General description of the material type(s) this procedure is designed to analyse.,Basic,Read-Only,Controlled list / Text,Silicate glass | Feldspar | Pyroxene | Olivine | Oxide | Sulfide | Carbonate | Phosphate | Native metal | Iron meteorite | Fluid inclusion | Melt inclusion | Whole rock | Other: specify | N/A | None,Source: Core module,2026-08-25,(none),"Used for discoverability and procedure matching, and because the material type constrains sample preparation, calibration and matrix-matching requirements.",Y,Y,Y,,"CR chondrite metal grains (interior, margin, and isolated types)",Li-borate flux fusion glass (extraterrestrial sample preparation),Experimental dacitic silicate glass (quench product),Experimental pyrrhotite (Fe₁₋ₓS) sulfide (quench product),"Martian meteorite (Tissint) silicates, oxides, and glass: olivine, low-Ca pyroxene, augite, maskelynite, Fe-Ti-Cr oxides, shock melt glass, fusion crust [P4]","Martian meteorite (Tissint) phosphate: sodium-merrillite [P4, P12]"
Sample Form / Analytical Substrate,"Physical form of the material as it enters the ablation cell. Editable to accommodate legitimate variations (e.g., thin section vs. mount) that do not alter the analytical procedure.",Basic,Editable,Controlled list,In situ — polished thin section | In situ — polished epoxy mount | In situ — polished thick section | Pressed powder pellet | Li-borate fused glass disc | Nano-particulate pressed pellet | Liquid | N/A | None | Other: specify,Source: Laser Ablation module,2026-08-27,(none),,Y,Y,Y,,"In situ — polished epoxy thick section (petropoxy 154 resin, 0.5 µm diamond finish)","Li-borate flux fusion glass disc (10 mg sample + 350 mg Li₂B₄O₇, 35:1 dilution)",In situ — polished epoxy mount (experimental capsule half-section),In situ — polished epoxy mount (same capsule section as glass protocol),"In situ — polished thin section (Tissint sections: Tata-2-C3, Tata-3-C2, UT1, UT3) [P4, P5-P11]",In situ — polished thin section (same sections as silicate protocol) [P4]
Sample Name,"Name or identifier of each sample analysed in this session, as used in the laboratory — a sample mount, section or aliquot counts as one entry where that is what the laboratory tracks. Should match the identifier used in associated publications or data tables.",N/A,Basic,Text (free),"e.g., 'NWA 10597 ol-1' | 'Imilac PMG section 3 grain 2'",Source: Core module,2026-08-25,defines: sample,The analysis record corresponds to one session and may cover several samples.,Y,Y,Y,,N,N,N,N,Tissint Martian meteorite [P4],Tissint Martian meteorite [P4]
Sampling Unit,"The physical subdivision of the sample to which one row of reported values corresponds — the unit that is analysed and reported, as distinct from the sample as a whole. Where units nest (e.g. confined tracks within grains), state both levels.",Basic,Basic,Controlled list / Text,Whole sample | Aliquot | Grain | Spot | Analysis point | Phase | Sub-volume | Region of interest | N/A | None | Other: specify,Source: Core module,2026-08-25,defines: sampling unit,,Y,Y,Y,,,,,,,
Sample Persistent Identifier,"Globally unique, persistent identifier for each sample listed in Sample Name. IGSN (International Geo Sample Number) is the recommended standard for geological and cosmochemical samples, as used by Astromat, EarthChem and SESAR. Where a sample and its sub-samples are separately registered, record the identifier at the level actually analysed.",Advanced,Advanced,URI / IGSN,"e.g., IGSN: IEDA-100001 (https://www.igsn.org/) | Smithsonian NMNH catalog number",Source: Core module,2026-08-25,sample,,Y,Y,Y,,N,N,N,N,N,N
Fusion Flux and Dilution Ratio,"For procedures using fused glass, the flux type and sample:flux dilution ratio used to prepare the analytical glass.",Advanced,Editable,Text (free),"e.g., 'Li-tetraborate, 1:2 (sample:flux)' | 'Li-metaborate/tetraborate 50:50, 1:5' | 'Not applicable (in situ)'",Source: Laser Ablation module,2026-08-27,(none),,Y,Y,Y,,N/A,Li₂B₄O₇ flux; sample:flux = 1:35 (10 mg sample + 350 mg flux),N/A,N/A,N/A (in situ),N/A (in situ)
Sample Preparation Method,"Description of how samples were prepared for analysis (mounting, polishing, coating, fusion procedure, etc.).",Basic,Editable,Controlled list / Text,Polished thin section | Polished thick section | Polished block or epoxy mount | Grain mount | Fused bead | Experimental capsule section | Etched or chemically treated surface | N/A | None,,2026-08-26,(none),,Y,Y,Y,,"Thick sections in petropoxy 154 resin, polished to 0.5 µm diamond paste, C-coated for EPMA then surface polished before LA",Li-borate fusion: 350 mg Li₂B₄O₇ + 10 mg powdered sample fused in Pt-Au crucible (M4 automatic fluxer); glass surface cleaned with ethanol before LA,Experimental capsule longitudinally sectioned with wire saw; half mounted in epoxy for analysis,Same capsule section as silicate glass; sulfide grains ≥20 µm selected by SEM-BSE,N (not described; sections mentioned; polished implied) [P4],N (same as silicate protocol) [P4]
Pre-Ablation Surface Treatment,"Procedure applied immediately before each analysis to remove surface contamination or condition the sample surface. Distinct from general sample preparation. For spot analysis, pre-ablation pulses are discarded before signal acquisition begins. For mapping, this step is typically omitted.",Advanced,Editable,Text (free),"e.g., '10 pre-ablation pulses discarded before acquisition (50 µm, 10 Hz, 2 J cm⁻²)' | '150 µm square spot, 2 J cm⁻², 20 Hz, 300 µm s⁻¹ pre-ablation pass (Chernonozhkin et al. 2021)' | 'None'",Source: Laser Ablation module,2026-08-27,(none),In mapping the large area ablated averages out surface effects.,Y,Y,Y,,N,Surface cleaning with ethanol before analysis,N,N,N (not stated) [P4],N (not stated) [P4]
Target Selection Criteria,"The rules governing which part of the sample is analysed, and why. Covers the criteria applied when choosing grains, aliquots, spots, or a region of interest — size, morphology, clarity, freedom from inclusions or alteration, phase identity, or spatial position. Distinct from Target Material, which states the material type the procedure is designed for: this field states how, within such a sample, the analysed portion is picked out.",Basic,Editable,Text (free),"e.g., 'Euhedral, crack- and inclusion-free grains 80-150 um; oscillatory-zoned rims targeted, inherited cores avoided on CL' | 'All grains in the separate analysed (detrital provenance)'",Source: Target Selection module,2026-08-25,(none),,Y,Y,Y,,,,,,,
Pre-Analysis Imaging and Screening,"Imaging or other characterisation performed before the measurement in order to select or locate the analysed target, including the technique, instrument and settings used, and how individual analyses are linked back to the images. Distinct from any imaging the procedure performs as its own measurement. Where the imaging is performed on a separate instrument, it should also be recorded in the Group 1 coupling fields.",Advanced,Editable,Text (free),"e.g., 'CL imaging on Zeiss Sigma SEM at 10 kV before spot placement; every dated grain imaged and spot positions annotated' | 'BSE and CL mosaics; micro-Raman screening of chemical-abrasion effectiveness (McKanna et al. 2023)'",Source: Target Selection module,2026-08-25,sample,,Y,Y,Y,,,,,,,
Chemical Abrasion Conditions,"Annealing and partial-dissolution conditions applied to mitigate Pb loss before analysis, following Mattinson (2005): annealing temperature and duration, and the acid, temperature and duration of the partial-dissolution step. Record 'None' where grains were analysed untreated.",Basic,Read-Only,Text (free),"e.g., 'Annealed 900 C, 60 h; partial dissolution 12 M HF, 210 C, 12 h' | 'Annealed 850 C, 48 h; 29 M HF, 180 C, 12 h' | 'None (untreated)'",Source: U-Pb module,2026-08-25,(none),"Condon et al. (2024) require these where chemical abrasion was applied, and state that it generally should be for zircon. The absence of treatment materially affects how discordance should be read.",Y,Y,Y,,,,,,,
,,,,,,,,,,,,,,,,,,,
3. Instrument & Software,,,,,,,,,,N,N,N,N,,,,,N,N
Laser Manufacturer & Model,Manufacturer and model of the laser ablation system.,Basic,Read-Only,Text (free),"e.g., 'ESI/NWR imageGEO193' | 'Coherent GeoLas HD' | 'Teledyne Analyte Excite 193' | 'Teledyne Analyte G2'",Source: Laser Ablation module,2026-08-27,(none),,Y,Y,Y,,"Cyber Laser IFRIT (Ti:sapphire fs UV laser, 260 nm)","Shanghai Chemlab GenesisGEO (high-repetition-rate fs laser, 343 nm)",Resonetics 193 nm ArF excimer laser (coupled to Cetac Analyte HE system),Resonetics 193 nm ArF excimer laser (coupled to Cetac Analyte HE system; same system as glass protocol),GeoLasPro (193 nm Excimer laser-ablation system; manufacturer not stated by name; GeoLasPro is a Lambda Physik/Coherent product) [P4],GeoLasPro 193 nm Excimer laser-ablation system (same as silicate protocol) [P4]
Instrument Manufacturer,"Manufacturer of the instrument that performs the measurement, recorded as a controlled value. Where a procedure couples a sample-introduction system to an analysing instrument, this records the analysing instrument. Instrument Model gives the specific designation.",Basic,Read-Only,Controlled list,Thermo Fisher Scientific | Agilent | PerkinElmer | Nu Instruments | Analytik Jena | Shimadzu | Other: specify | Unknown | N/A | None,Source: Core module,2026-08-25,(none),Recording it as a controlled value lets procedures be found by vendor.,Y,Y,Y,,,,,,,
Instrument Model,"Model designation of the instrument that performs the measurement, including any generation or configuration suffix. Conventionally written with the manufacturer name included; Instrument Manufacturer records the vendor separately, as a controlled value, so that procedures remain findable by vendor.",Basic,Read-Only,Text (free),"e.g., 'Thermo Scientific iCAP TQ' | 'Agilent 7900' | 'Thermo Scientific Element XR' | 'TOFWERK icpTOF'",Source: Core module,2026-08-25,(none),,Y,Y,Y,,Thermo Scientific X-series 2 (Q-ICP-MS),Agilent 8900 (Q-ICP-MS; ICP-MS/MS capable),Agilent 7900 (Q-ICP-MS),Agilent 7900 (Q-ICP-MS),Agilent 7500ce ICP-MS [P4],Agilent 7500ce ICP-MS [P4]
ICP-MS Type,"Type of ICP-MS system - the mass analyser and, where the instrument has one, the collector configuration.",Basic,Read-Only,Controlled list,Single-collector quadrupole (Q-ICP-MS) | Triple quadrupole (ICP-MS/MS) | N/A | None | Other: specify,Source: ICP-MS module,2026-08-27,(none),Determines available cell configurations and interference mitigation strategies.,Y,Y,Y,,Single-collector quadrupole (Q-ICP-MS),"N (ICP-MS type not stated; Agilent 8900 model named but ""quadrupole"" or ""ICP-MS/MS"" not used in paper)","N (ICP-MS type not stated; Agilent 7900 model named but ""quadrupole"" not explicitly stated)",N (ICP-MS type not stated),N (quadrupole implied by Agilent 7500ce model; not explicitly stated in paper) [P4],N (same as silicate protocol) [P4]
Instrument Serial Number or Lab Identifier,Serial number or laboratory-internal identifier for the specific instrument unit.,Advanced,Editable,Text (free),"e.g., 'Element XR S/N 1234' | 'Lab unit: Ghent-SF2'",Source: ICP-MS module,2026-08-25,(none),Supports traceability to instrument service records.,Y,Y,Y,,N,N,N,N,N,N
Interface Cone Configuration,Geometry and designation of the sampler and skimmer cones installed during analysis. State both cones.,Basic,Read-Only,Text (free),"e.g., 'Ni standard sample cone + Ni H-type skimmer' | 'Al standard sample cone + Al H-type skimmer (1.1 mm aperture)' | 'Pt sample cone + Pt skimmer'",Source: ICP-MS module,2026-08-27,(none),"Some instruments offer multiple skimmer cone geometries (standard, high-sensitivity) that differ in aperture size and affect ion transmission efficiency and matrix tolerance.",Y,Y,Y,,Ni micro-skimmer cone Xs; Ni sampler cone,N,N,N,N,N
Sampler and Skimmer Cone Material,Material composition of the sampler and skimmer cones. State both sampler and skimmer materials; a single statement is acceptable where they are identical.,Advanced,Read-Only,Text (free),"Nickel (Ni) sampler and skimmer cones (standard configuration); Platinum (Pt) sampler, nickel (Ni) skimmer",Source: ICP-MS module,2026-08-27,(none),"Cone material affects sensitivity, matrix tolerance, and long-term stability.",Y,Y,Y,,,,,,,
Torch Depth,"Distance between the load coil and the sampling cone tip (mm), also called injector depth or torch position depending on the instrument manufacturer.",Advanced,Editable,Text (free),5 mm; Standard position (manufacturer default; not explicitly reported),Source: ICP-MS module,2026-08-25,(none),"Affects ion transmission efficiency, oxide formation, and doubly-charged species production.",Y,Y,Y,,,,,,,
Torch Type,"Type of plasma torch installed (e.g. standard quartz, high-matrix, low-flow).",Advanced,Read-Only,Text (free),Standard quartz | High-matrix (low-flow) | Low-volume | N/A | None | Other: specify,Source: ICP-MS module,2026-08-26,(none),Injector inner diameter (typically 1.5–2.5 mm) affects aerosol transport efficiency and plasma conditions in LA-ICP-MS.,Y,Y,Y,,N,N,N,N,N,N
Guard Electrode,"Whether a guard electrode - also called a grounded shield electrode, extraction lens, or Fassel torch shield - is installed and active on the torch assembly.",Basic,Read-Only,Controlled list,On | Off | Not applicable (instrument does not have guard electrode) | N/A | None | Other: specify,Source: ICP-MS module,2026-08-27,(none),"Capacitively decouples the plasma from the load coil, reducing secondary discharge and improving ion extraction efficiency.",Y,Y,Y,,N,N,N,N,N,N
Mass Resolution Setting,"Operating mass resolution of the mass analyser. Where the analyser permits selection, state the mode; where individual analytes are assigned to different modes, state each.",Basic,Editable,Controlled list / Text,"Unit resolution (quadrupole, fixed) | Low resolution (LR) | Medium resolution (MR) | High resolution (HR) | Multiple modes assigned per analyte | N/A | None",Source: ICP-MS module,2026-08-26,(none),For quadrupole instruments this is fixed at unit resolution by instrument design.,Y,Y,Y,,Unit resolution (quadrupole fixed),Unit resolution (quadrupole; ICP-MS/MS mode not specified),Unit resolution (quadrupole fixed),Unit resolution (quadrupole fixed),N (unit resolution implied for quadrupole; not explicitly stated) [P4],N (same as silicate protocol) [P4]
Detector Configuration,"Type(s) of detector(s) installed in the mass spectrometer. For single-collector instruments, note whether dual pulse-counting/analog mode is used. For multi-collector instruments, describe the Faraday/multiplier cup layout.",Basic,Read-Only,Text (free),"e.g., 'Single SEM, dual mode (pulse counting and analog)' | 'Single SEM in triple mode (pulse, analog, Faraday)' | 'Nine Faraday cups + one ion counter (MC)'",,2026-08-26,(none),,Y,Y,Y,,N,Dual mode detector (30 ms / 10 ms dwell alternation),N,N,N,N
Collision/Reaction Cell (CRC) Configuration,"Whether a collision or reaction cell is installed and its operating mode. In standard mode (STD), no cell gas is introduced and the cell acts only as an ion guide. In kinetic energy discrimination (KED) mode, helium thermalizes ions so that polyatomic interferences, which have a larger collision cross-section, are selectively retarded by a cell exit barrier voltage. In dynamic reaction cell (DRC) mode, a reactive gas selectively neutralizes specific interferences through ion-molecule reactions. Specific gas types, flow rates and cell voltages are documented in Group 4. Record 'Not installed' where the instrument has no collision/reaction cell.",Basic,Read-Only,Controlled list,"Not installed | STD (standard mode, no gas) | KED (kinetic energy discrimination, He gas) | DRC (dynamic reaction cell, reactive gas) | KED+DRC | ICP-MS/MS (triple-quadrupole mode) | N/A | None | Other: specify",Source: collision/reaction cell module,2026-08-27,channel,On MS/MS instruments a second mass filter preceding the cell enables precursor-ion selection.,Y,Y,Y,,N,N,N,N,N,N
Laser Wavelength and Type,Wavelength and type of the laser used for ablation in nanometres.,Basic,Read-Only,Text (free),"e.g., '193 nm ArF excimer' | '213 nm Nd:YAG frequency-quintupled' | '257 nm Yb:KGW femtosecond' | '1030 nm Yb:KGW IR femtosecond'",Source: Laser Ablation module,2026-08-27,(none),,Y,Y,Y,,260 nm Ti:sapphire femtosecond UV; pulse duration ~220 fs (IFRIT system),343 nm fs (GenesisGEO high-repetition-rate femtosecond laser),193 nm (CetacAnalyte HE; ns pulse),193 nm (CetacAnalyte HE; ns pulse),193 nm Excimer (ArF excimer) [P4],193 nm Excimer (ArF excimer) [P4]
Acquisition Software,"Instrument control, automation and data acquisition software used to collect the raw data, including version number. Distinct from Data Processing Software(s), which covers everything applied to the data after acquisition.",Basic,Editable,Text (free),"e.g., 'Thermo Qtegra 2.10.3324' | 'Agilent MassHunter Workstation 4.6' | 'Thermo PlasmaLab 2.5.4'",Source: Core module,2026-08-26,(none),,Y,Y,Y,,N,N,N,N,N,N
Data Processing Software(s),"All software applied to the data after acquisition in order to produce the reported quantities, including version numbers. List every package used. Distinct from Acquisition Software, which controls the instrument and collects the raw data.",Basic,Editable,Text (free),"e.g., 'Iolite 4.7 (Paton et al. 2011)' | 'GLITTER 4.4' | 'SILLS 1.1.5 (Guillong et al. 2008)' | 'LAtools' | 'In-house MatLab script'",Source: Core module,2026-08-26,(none),,Y,Y,Y,,N (in-house reduction implied),Iolite 4 (Paton et al. 2011),N,N,"AMS ver. 1.0 (Mutchler et al. 2008; Analysis Management System, stand-alone software) [P4]",AMS ver. 1.0 (Mutchler et al. 2008) [P4]
Ablation Cell Type,"Type, design origin, and internal volume of the ablation cell.",Basic,Read-Only,Text (free),"e.g., 'Two-volume HelEx II (Müller et al. 2009)' | 'HDIP low-dispersion tube-type cell' | 'Single-volume standard cell' | 'ARIS (Aerosol Rapid Introduction System)'",Source: Laser Ablation module,2026-08-27,(none),Cell volume is a primary determinant of aerosol washout time and therefore the achievable time resolution of the data.,Y,Y,Y,,N,N,Cetac Analyte HE system (stated as the laser ablation system coupled to Agilent 7900),Cetac Analyte HE system (same as silicate glass protocol),N,N
Sample Introduction,"Configuration by which the ablated aerosol is delivered to the plasma, including tubing, any signal-homogenising device, and any co-aspirated solution introduced alongside the aerosol — for example a Tl solution used for instrumental mass bias correction, or an isotopic spike used for isotope dilution. Distinct from the carrier and make-up gas fields, which record gas identity and flow rather than what else enters the plasma.",Basic,Read-Only,Text (free),"e.g., 'Squid signal homogeniser, 2 m PTFE tubing, no co-aspiration' | 'Dry plasma; Tl solution co-aspirated via desolvating nebuliser for mass bias correction'",Source: Laser Ablation module,2026-08-27,(none),,Y,Y,Y,,,,,,,
,,,,,,,,,,,,,,,,,,,
4. Measurement Information,,,,,,,2026-08-26,,,N,N,N,N,,,,,N,N
Analytical Mode,Primary analytical mode(s) executed under this procedure. Records one value for a single-mode procedure and all applicable modes for a multi-mode one. Applies even where a procedure defines no mode flag columns.,Basic,Read-Only,Controlled list,'Spot' | 'Transect' | 'Mapping' | 'Spot; Transect',Source: Core module,2026-08-26,(none),"Serves as the procedure-level declaration of measurement type, distinct from the mode flag columns, which state per-field applicability. Ensures every procedure record is self-describing and comparable across the library.",Y,Y,Y,,,,,,,
Laser Spot Geometry,"Shape and dimensions of the laser ablation spot in micrometres registered by the procedure. For circular spots, report diameter; for square or rectangular spots, report width × length.",Basic,Editable,Text (free),"e.g., '25 µm circular' | '20×20 µm square' | '15 or 25 µm circular (phase-dependent)'",Source: Laser Ablation module,2026-08-27,(none),,Y,Y,Y,,30 µm circular,100×100 µm square (stated as 100 µm diameter spot at 1 Hz),40 µm circular (silicate glass),20 µm circular (sulfide; grain sizes >20 µm selected),24 and 32 µm diameter (commonly used for silicates and glass); 90 µm (some olivine analyses to evaluate low REE signal sampling) [P4],~24 µm diameter [P4]
Spot Diameter (Measured),"Diameter of the laser spot as independently measured on the sample or on a test material, distinct from the nominal value the procedure registers.",N/A,Basic,Numeric (µm),"e.g., '32.4' | 'nominal 35, measured 33.1 +/- 0.8 (n = 12 pits, white-light profilometry)'",Source: Laser Ablation module,2026-08-27,(none),Measured companion to Laser Spot Geometry: nominal and delivered spot size can differ appreciably with optics condition and focus.,Y,Y,Y,,,,,,,
Laser Spot Path / Ablation Mode,Sampling mode or ablation pattern used during analysis.,Basic,Read-Only,Controlled list,Spot (stationary) | Transect (continuous line scan) | Raster area (2D elemental mapping) | Stepped line profile | N/A | None | Other: specify,Source: Laser Ablation module,2026-08-27,(none),,Y,Y,Y,,Spot (stationary),Spot (stationary; single spot at 1 Hz),"N (ablation mode not explicitly stated; ""beam diameter"" terminology used but ""spot"" or ""spot mode"" not written)",N (ablation mode not explicitly stated),Spot (stationary) [P4],Spot (stationary) [P4]
Laser Energy,Laser pulse energy in millijoules as set at the laser output or measured at the sample surface. Report only when the system displays energy directly. Laser fluence (J cm⁻²) is the preferred quantity and is captured in Laser Fluence (Energy Density).,Advanced,Editable,Numeric (mJ),"e.g., 0.001 mJ | 3.5 mJ",Source: Laser Ablation module,2026-08-27,(none),Less commonly reported than fluence because it does not account for spot area.,Y,Y,Y,,N,N,N,N,150 mJ output energy [P4],150 mJ output energy [P4]
Laser Fluence (Energy Density),"Laser pulse energy per unit area at the sample surface in J cm⁻², as registered by the procedure. If the system reports only as % of maximum output, include that value and note the system maximum where known.",Basic,Editable,Numeric (J cm⁻²),"e.g., '3.5 J cm⁻²' | '7 J cm⁻²' | '60% output (PHAROS system, max ~15 J cm⁻²)'",Source: Laser Ablation module,2026-08-27,(none),"Fluence is the physically meaningful quantity controlling ablation rate, crater morphology, elemental fractionation, and particle size distribution.",Y,Y,Y,,12 J cm⁻²,6.79 J cm⁻²,"~2.5 J cm⁻² (stated as ""energy of ~2.5 J/cm²"")",~2.5 J cm⁻²,7–10 J/m² (stated in paper; units as written; likely a typographic error for J/cm²) [P4],7–10 J/m² (same as silicate protocol) [P4]
Laser Beam Energy Profile,"Spatial energy distribution of the laser beam at the sample surface, and whether a beam homogenizer is installed.",Advanced,Read-Only,Controlled list / Text,Flat-top (top-hat) — beam homogenizer installed | Gaussian — no beam homogenizer | Not stated | N/A | None,Source: Laser Ablation module,2026-08-27,(none),A flat-top (top-hat) profile produces more uniform ablation craters and more reproducible crater morphology than a Gaussian beam.,Y,Y,Y,,N,N,N,N,N,N
Laser Repetition Rate,Laser pulse repetition rate in hertz registered by the procedure.,Basic,Editable,Numeric (Hz),"e.g., 5 | 10 | 20 | 100",Source: Laser Ablation module,2026-08-27,(none),"For mapping methods, repetition rate together with scan speed and spot size determines pixel size and spatial resolution.",Y,Y,Y,,20 Hz,1 Hz,7 Hz,7 Hz,5 Hz [P4],5 Hz [P4]
Laser Pulse Duration,"Duration of each individual laser pulse, including units.",Basic,Read-Only,Text (free),"e.g., '4 ns (ArF excimer)' | '20 ns' | '290 fs (Yb:KGW)' | '220 fs (Ti:sapphire)'",Source: Laser Ablation module,2026-08-27,(none),Pulse duration determines the ablation regime: nanosecond (ns) pulses involve significant thermal effects and elemental fractionation; femtosecond (fs) pulses are non-thermal and substantially reduce elemental fractionation and matrix effects.,Y,Y,Y,,~220 fs (Ti:sapphire IFRIT system),Femtosecond (exact value not stated; GenesisGEO fs laser),N (ns; CetacAnalyte HE; pulse duration not reported),N (ns; CetacAnalyte HE),N (ns excimer system; pulse duration not stated) [P4],N (same as silicate protocol) [P4]
Ablation Duration per Spot,"Total on-sample ablation (signal acquisition) time per individual spot in seconds, as set in the acquisition method. For transect analysis, the equivalent procedure-level parameter is scan speed (captured in Transect Rate, Mapping Rate or Step Size). For mapping analysis, total acquisition time is sample-area-dependent and is not captured here.",Basic,Editable,Numeric (s),"e.g., 40 s | 60 s | 90 s",Source: Laser Ablation module,2026-08-27,(none),"For spot analysis, reflects the deliberate trade-off between signal accumulation (longer = lower LOD), sample consumption, and session throughput.",Y,N,N,,N,45 s ablation (after 25 s gas blank; 25 s washout between analyses),~40 s (inferred from typical CetacAnalyte HE protocol for glass),~40 s (same protocol; grain size >20 µm selected),N (not stated) [P4],N (not stated) [P4]
Ablation Pit Depth and Ablation Rate,"Depth of the ablation pit produced under the registered laser conditions, the method used to measure it, and the resulting per-pulse ablation rate. For transect and mapping the equivalent quantity is trench depth under the same conditions.",Basic,Editable,Text (free),"e.g., 'Pit depth 18 um after 300 pulses (white-light profilometry); 60 nm/pulse' | 'Trench depth 4 um at 5 um/s scan speed'",Source: Laser Ablation module,2026-08-27,(none),Sets the achievable depth resolution and governs downhole elemental fractionation.,Y,Y,Y,,,,,,,
"Transect Rate, Mapping Rate or Step Size","For continuous line scan (transect) and raster mapping: the stage translation speed in µm s⁻¹. For mapping, the mapping rate (mm² h⁻¹) may be reported as an alternative when scan speed is session-variable. For stepped line profiles: the distance between successive spot positions in µm.",Advanced,Editable,Text (free),"e.g., '5 µm s⁻¹ (transect)' | '9 µm s⁻¹ (raster mapping, 20×20 µm spot, 20 Hz)' | '20 µm step size' | '0.3–30 mm² h⁻¹ (mapping rate range)'",Source: Laser Ablation module,2026-08-27,(none),"Together with spot size and repetition rate, determines spatial resolution along the scan direction.",N,Y,Y,,N/A (spot mode),N/A (spot mode),N/A (spot mode),N/A (spot mode),N/A (spot analysis),N/A (spot analysis)
Raster Line Spacing (Mapping Only),"Distance between adjacent raster lines in a 2D elemental map, measured perpendicular to the scan direction, in micrometres. Applies to raster mapping only.",Basic,Editable,Text (free),"20 µm (contiguous, equal to spot size) | 15 µm pitch with 5 µm gap between lines | N/A (spot or line-scan mode)",Source: Laser Ablation module,2026-08-27,(none),"Together with spot size, this determines whether adjacent lines are contiguous (line spacing = spot size), overlapping (line spacing < spot size), or have gaps (line spacing > spot size).",N,N,Y,,N/A (spot mode),N/A (spot mode),N/A (spot mode),N/A (spot mode),N/A (spot analysis),N/A (spot analysis)
Carrier Gas and Flow Rate,"Gas used to transport ablated aerosol from the ablation cell to the ICP-MS torch, with the procedure-registered target flow rate(s). Flow rates are procedure targets; actual session values may be adjusted within ±10% during tuning.",Basic,Editable,Text (free),"e.g., 'He, 0.75 l min⁻¹' | 'He: MFC-1 (cell) 0.60 l min⁻¹ + MFC-2 (cup) 0.35 l min⁻¹'",Source: Laser Ablation module,2026-08-27,(none),Helium is standard for most UV laser systems due to superior aerosol transport.,Y,Y,Y,,Carrier gas flow: 0.6 L/min; species not named (carrier gas identity not stated in Table 1 or text),He: 0.7 l min⁻¹ (chamber) + 0.1 l min⁻¹ (cup gas),He (flow rate not stated; carrier gas with N₂ or Ar mixed for sensitivity optimization),He (flow rate not stated; same system as glass protocol),N (not stated) [P4],N (not stated) [P4]
Make-up Gas and Flow Rate,"Supplementary gas added to the sample-carrying stream between the sample introduction system and the plasma, with its identity and the procedure-registered target flow rate. Record any small nitrogen or hydrogen addition with its own flow, whose unit commonly differs from the make-up flow. Record 'None' explicitly where no supplementary gas is added, to distinguish it from not reported.",Advanced,Editable,Numeric (L/min) / Text,"e.g., 'Ar make-up gas, 0.95 l min⁻¹' | 'Ar make-up 0.80 l min⁻¹ + N₂ 2 ml min⁻¹ (sensitivity enhancement)' | 'None (no N₂ added)'",Source: ICP-MS module,2026-08-26,(none),"Argon make-up is standard and maintains total gas delivery where the carrier flow alone is insufficient — downstream of an ablation cell, or of a desolvation system that has removed solvent load. Small nitrogen or hydrogen additions enhance sensitivity for some elements.",Y,Y,Y,,Ar make-up: 0.9–1.2 l min⁻¹; Ar auxiliary: 0.6–1.2 l min⁻¹,N (gas not separately specified beyond total plasma flow),N₂ or Ar mixed into He carrier for sensitivity optimization (amounts not stated),N₂ or Ar mixed (same protocol as glass),N (not stated) [P4],N (not stated) [P4]
Coolant (Plasma) Gas Flow Rate,"Flow rate of the outer (coolant/plasma) argon gas stream that sustains the ICP plasma, in L/min.",Basic,Editable,Numeric (L/min),14 L/min | 15 L/min | Other: specify,Source: ICP-MS module,2026-08-26,(none),Determines plasma volume and stability.,Y,Y,Y,,Cool gas: 12–13 l min⁻¹ Ar; Auxiliary: 0.6–1.2 l min⁻¹,Plasma gas flow: 15 l min⁻¹; Auxiliary gas: 0.85 l min⁻¹,N,N,N (not stated) [P4],N (not stated) [P4]
Auxiliary Gas Flow Rate,"Flow rate of the intermediate (auxiliary) argon gas stream, between the torch body and the injector tube, which positions the plasma relative to the load coil, in L/min. Distinct from the outer coolant (plasma) gas and from the gas stream that carries sample into the plasma.",Basic,Editable,Numeric (L/min),0.8 L/min | 1.0 L/min | 1.2 L/min | Other: specify,Source: ICP-MS module,2026-08-26,(none),Affects ion extraction efficiency and oxide production rates.,Y,Y,Y,,N,N,N,N,N,N
RF Power,"Radiofrequency forward power applied to the ICP, in watts.",Basic,Editable,Numeric (W),"e.g., 800 W | 1200 W | 1350 W | 1550 W",Source: ICP-MS module,2026-08-26,(none),"Affects plasma temperature, ionisation efficiency, oxide formation, and whether cool or normal plasma conditions are in effect.",Y,Y,Y,,1400 W,1550 W,N (Agilent 7900; standard conditions implied),N (same instrument),N (not stated) [P4],N (not stated) [P4]
Plasma Thermal Mode,Whether the ICP plasma is operated under cool plasma (<=900 W RF) or normal (hot) plasma (>1000 W RF) conditions. Document independently of the RF Power field.,Basic,Read-Only,Controlled list,Normal plasma (>1000 W RF) | Cool plasma (≤900 W RF) | Mixed: specify mode per analytical sub-run | N/A | None | Other: specify,Source: ICP-MS module,2026-08-26,(none),"Cool plasma substantially reduces argide-based polyatomic interferences (e.g., ⁴⁰Ar on ⁴⁰Ca, ⁴⁰Ar⁴⁰Ar on ⁸⁰Se). A fundamental method design choice that determines which interference corrections are necessary.",Y,Y,Y,,N,N,N,N,N (not stated) [P4],N (not stated) [P4]
Signal Smoothing,"Description of any signal smoothing device or approach installed between the ablation cell and the ICP-MS to reduce pulse-to-pulse signal variability. For mapping analyses, report ""None"" explicitly.",Advanced,Editable,Text (free),"e.g., 'Squid 2.0 (laurin technik)' | 'ARIS (Aerosol Rapid Introduction System)' | 'None'",Source: Laser Ablation module,2026-08-27,(none),"Note: active signal smoothing devices (e.g., squid, SCFAST) are generally incompatible with high-resolution raster mapping because they degrade spatial resolution by mixing aerosol from successive laser shots.",Y,Y,Y,,N,N,N (CetacAnalyte HE; smoothing status not reported),N,N (not stated) [P4],N (not stated) [P4]
ICP Tuning,"Description of the approach used to optimise ICP plasma conditions prior to analysis, including the reference material used for tuning and the acceptance criteria (e.g., oxide production threshold, sensitivity targets, mass calibration).",Advanced,Editable,Text (free),"e.g., 'Daily auto-tune on NIST SRM 612; optimised for max sensitivity on ¹³⁹La and ²³²Th with ThO⁺/Th⁺ <0.5% and U/Th = 1.0 ± 0.05'",Source: ICP-MS module,2026-08-26,(none),,Y,Y,Y,,N,Gas flows optimized via spot ablation of NIST SRM 612 to obtain maximum signal intensities while maintaining ThO/Th <0.3% and U/Th at 0.95–1.05,N (standard daily optimization implied),N,N (not stated) [P4],N (not stated) [P4]
Instrument Sensitivity,"Instrument sensitivity achieved in the session, with the isotope or channel it was measured on and the conditions it applies to. May be expressed either as detected signal per unit concentration or per unit mass of analyte delivered — counts per second per ppb, volts per ppm, counts per picogram — or as useful yield, the percentage of sampled atoms ultimately detected as ions, with the method used to derive it cited. A sensitivity the procedure requires before analyses may begin belongs with the tuning acceptance criteria.",N/A,Advanced,Numeric + unit / Text,"e.g., '0.42% useful yield (U, method of Horstwood et al. 2016)' | '0.1% useful yield (analytes, msfs-LA-ICP-MS)' | '1.2 x 10^6 cps/ppb on 115In' | 'N/A'",Source: ICP-MS module,2026-08-26,channel,"Useful yield is the more comparable of the two wherever the amount of material consumed varies between procedures, as it does with spot size, fluence and repetition rate.",Y,Y,Y,,,,,,,
Oxide Production Method and Threshold,"Method used to quantify plasma oxide production and the acceptance threshold applied before commencing analysis. Record both the monitored mass ratio(s) and the maximum allowed threshold(s). Measured values are recorded in Oxide Production. The monitored ratio is procedure-dependent: ThO+/Th+ (m/z 248/232), UO+/U+ (254/238), CeO+/Ce+ (156/140) and BaO+/Ba+ are all in use.",Basic,Read-Only,Text (free),"e.g., 'ThO⁺/Th⁺ (248/232) <0.5%' | 'ThO⁺/Th⁺ <0.3%; UO⁺/U⁺ monitored at 0.95–1.05' | 'CeO⁺/Ce⁺ <1.0%'",Source: ICP-MS module,2026-08-26,(none),,Y,Y,Y,,N,ThO⁺/Th⁺ (mass 248/232) <0.3%; U/Th monitored at 0.95–1.05,N,N,N (not stated) [P4],N (not stated) [P4]
Oxide Production,"Measured oxide production ratio obtained during session-start tuning, for the proxy specified in Oxide Production Method and Threshold. Record the measured value and confirm whether the procedure threshold was met.",N/A,Basic,Text (free),"e.g., 'ThO⁺/Th⁺ = 0.3% (threshold <0.5% met)' | 'ThO⁺/Th⁺ = 0.08%' | 'CeO⁺/Ce⁺ = 0.7% (threshold <1.0% met)'",Source: ICP-MS module,2026-08-26,(none),,Y,Y,Y,,N,ThO/Th = measured at <0.3%; U/Th = 0.95–1.05 (on NIST SRM 612),N,N,N (not stated) [P4],N (not stated) [P4]
Doubly-Charged Species Monitor,The mass ratio monitored to estimate doubly-charged ion (M²⁺) formation during instrument tuning. The monitor species and the mass positions monitored should be stated explicitly. Analogous to Oxide Production Method and Threshold for oxide monitoring.,Advanced,Editable,Text (free),¹³⁸Ba²⁺/¹³⁸Ba⁺ (m/z 69/138); Ce²⁺/Ce⁺ (m/z 70/140); ²³⁸U²⁺/²³⁸U⁺ (m/z 119/238),,2026-08-27,(none),Doubly-charged ions appear at half the mass of the parent ion and can cause isobaric interferences on analytes in that mass region.,Y,Y,Y,,,,,,,
Doubly-Charged Species Production,Measured percentage of doubly-charged ion production for the monitored species at the time of instrument tuning. The acceptable threshold is typically <1% or <3%. Report both the threshold and the measured value where possible.,Advanced,Editable,Text (free),"<1% (threshold); 0.4% (measured, ¹³⁸Ba²⁺/¹³⁸Ba⁺); N (not reported)",,2026-08-27,(none),,Y,Y,Y,,,,,,,
Instrument Warm-up / Session Duration Limit,"Minimum warm-up time required after plasma ignition before analyses begin, and any maximum session duration enforced to maintain stable operating conditions.",Advanced,Read-Only,Text (free),"e.g., '≥30 min warm-up after sample change; sessions ≤8 h after tuning' | '3–4 h warm-up; no session duration limit'",Source: ICP-MS module,2026-08-26,(none),,Y,Y,Y,,N,N,N,N,N (not stated) [P4],N (not stated) [P4]
Analysis Sequence,"The repeating order in which calibration or bracketing standards, quality-control and secondary reference materials, blanks and unknowns are interleaved within a measurement session. Adjustments must maintain the bracketing strategy defined in the procedure.",Basic,Editable,Text (free),"e.g., '1 primary std / 1 QC / 10 unknowns' | '2/4/15' | 'Calibration at start and end; unknowns in between'",Source: ICP-MS module,2026-08-27,(none),,Y,Y,Y,,IVB meteorite standards (Warburton Range external + Tawallah Valley secondary) measured alongside unknowns; exact bracketing not described,Gas blank (25 s) → ablation (45 s) → washout (25 s); NIST 612 and 614 as external standards; BHVO-2 and 6 GRMs measured as unknowns,NIST 610 as primary standard measured in session; NIST 612 and BCR-2G as monitoring standards; unknowns bracketed by standards,Same bracketing as silicate glass protocol,NIST 610 glass standard analyzed before and after every session; unknowns in between [P4],Same as silicate protocol [P4]
Analyte,"The chemical species this procedure is designed to determine, recorded at whatever resolution the chemistry is resolved — element(s) for this technique; valence species where a procedure resolves oxidation state; compounds where it resolves molecules. Isotopes are not analytes: isotopes of an element are the same chemical species. The subset actually measured may be narrower than the registered suite where species were excluded due to interferences or scope reduction.",Basic,Editable,Text (free),"e.g., 'Major elements: Mg, Si, Ca, Fe; Trace elements: Sc, V, Cr ... U' | 'All REE: La-Lu'",Source: Analyte module,2026-08-26,defines: analyte,,Y,Y,Y,,"⁵⁹Co, ¹⁰¹Ru, ¹⁰³Rh, ¹⁰⁵Pd, ¹⁸⁵Re, ¹⁸⁹Os, ¹⁹³Ir, ¹⁹⁵Pt, ¹⁹⁷Au (9 HSE isotopes); ²⁴Mg, ²⁹Si, ³¹P, ³³S monitored for inclusion detection; ⁶¹Ni as internal standard","²¹Sc, ⁵¹V, ⁵²Cr, ⁵⁹Co, ⁶⁰Ni, ⁶³Cu, ⁶⁶Zn, ⁶⁹Ga, ⁸⁵Rb, ⁸⁸Sr, ⁸⁹Y, ⁹⁰Zr, ⁹³Nb, ¹³³Cs, ¹³⁷Ba, ¹³⁹La, ¹⁴⁰Ce, ¹⁴¹Pr, ¹⁴⁶Nd, ¹⁴⁷Sm, ¹⁵³Eu, ¹⁵⁷Gd, ¹⁵⁹Tb, ¹⁶³Dy, ¹⁶⁵Ho, ¹⁶⁶Er, ¹⁶⁹Tm, ¹⁷²Yb, ¹⁷⁵Lu, ¹⁷⁸Hf, ¹⁸¹Ta, ²³²Th, ²³⁸U (32 trace elements)","¹⁹⁷Au, ⁶³Cu (primary targets); all detected via Agilent 7900 (exact isotope list not fully stated)","¹⁹⁷Au, ⁶³Cu (primary targets; Si and Fe from EMP as internal standards)","N (not explicitly listed in methods; results text mentions Sc, V, Ti, Co, Ni, REEs measured in silicates; full isotope list not stated) [P4, P7, P11]",N (not explicitly listed in methods; merrillite REE La-Lu at 14–414 ppm range mentioned in results; full isotope list not stated) [P12]
Monitored Masses,"Specific masses monitored in this procedure, grouped by the analyte element they serve where they serve one. Covers atomic isotopes and, where a reaction cell shifts an analyte onto a different mass, the product mass actually measured. Includes interference-monitor and internal-standard masses, which serve no analyte and so have no parent element. The analyte list is given by the Analyte field and is never inferred from the element symbols appearing here.",Basic,Read-Only,Text (free),⁷Li | ²⁵Mg | ⁵⁶Fe | ²⁰⁸Pb | (176+82)Hf (NH3 mass-shift product) | N/A | None | Other: specify,,2026-08-26,defines: channel per analyte,,Y,Y,Y,,N,N,N,N,N,N
Reported Variables and Units,"The final variable(s) this procedure reports and their units — distinct from the fields recording what was *acquired* rather than what is reported. Record every reported variable, including intermediate quantities reported alongside final ones (e.g. both the 206Pb/238U ratio and the 206Pb/238U date). Where a reported variable is a nominal property with no magnitude (e.g. a mineral identification), record the variable and give the unit as 'N/A — nominal property'.",Basic,Read-Only,Text (free),"e.g., 'Element concentrations in ug/g; 2SE per analyte' | '207Pb/206Pb, 206Pb/238U, 207Pb/235U (radiogenic, common-Pb corrected), absolute ratios with 2-sigma'",Source: Core module,2026-08-26,defines: reported property,A procedure may acquire many channels and report a small number of derived quantities; without this field a data consumer cannot tell which.,Y,Y,Y,,,,,,,
Signal Collection Mode,"Mode used to collect ion signal across the monitored masses. In peak hopping mode, the quadrupole jumps sequentially between pre-set mass positions and dwells at each peak; in scanning mode, the quadrupole sweeps continuously across a defined mass range.",Basic,Read-Only,Controlled list,Peak hopping | Scanning | N/A | None | Other: specify,,2026-08-27,(none),Peak hopping is standard for multi-element trace analysis as it maximises integration time at each mass.,Y,Y,Y,,N,N,N,N,N,N
Ion Counter Dead Time,"Dead time of each ion-counting detector channel, used in the dead-time correction applied to high count rates. Distinct from pulse/analog cross-calibration, which relates the two detector modes rather than correcting counting losses within the pulse-counting mode.",Basic,Editable,Numeric (ns),"e.g., '23' | '23 ns (determined from NIST 612 at varying spot size, checked quarterly)'",Source: ICP-MS module,2026-08-26,channel,,Y,Y,Y,,,,,,,
Collision Gas Type,"Type of collision gas introduced into the collision/reaction cell in KED mode. Record 'None' if the cell is in STD mode, and 'N/A' where Collision/Reaction Cell (CRC) Configuration does not include KED or the instrument has no cell.",Basic,Read-Only,Controlled list / Text,He | H2 | He+H2 | N/A | None,Source: collision/reaction cell module,2026-08-27,channel,"Helium (He) is the standard collision gas for kinetic energy discrimination, being low in mass and chemically inert.",Y,Y,Y,,N,N,N,N,N,N
Collision Gas Flow Rate,"Flow rate of the collision gas, typically He, introduced into the collision/reaction cell in KED mode, in mL/min. Record 'None' if the cell is in STD mode, and 'N/A' where Collision/Reaction Cell (CRC) Configuration does not include KED or the instrument has no cell.",Basic,Editable,Numeric (mL/min),3.5 mL/min | 4.0 mL/min | None (STD mode),Source: collision/reaction cell module,2026-08-27,(none),Controls the degree of ion thermalization and KED efficiency; higher flow rates give greater interference suppression at the cost of analyte sensitivity.,Y,Y,Y,,N,N,N,N,N,N
Cell Exit Discrimination Voltage,"Bias voltage applied at the collision/reaction cell exit to discriminate between analyte ions and low-energy polyatomic interferences in KED mode, in volts (V). Record 'None' if the cell is in STD mode, and 'N/A' where Collision/Reaction Cell (CRC) Configuration does not include KED or the instrument has no cell.",Basic,Editable,Numeric (V),−5 V | −8 V | None (STD mode),Source: collision/reaction cell module,2026-08-27,(none),"A negative bias preferentially retards slow polyatomic ions while transmitting faster analyte ions, controlling the degree of polyatomic suppression.",Y,Y,Y,,N,N,N,N,N,N
Reaction Gas Type,"Type of reactive gas introduced into the dynamic reaction cell (DRC) for interference removal through ion-molecule reactions. Common reaction gases include NH₃ (e.g., for Fe, Ca, K isotopes), O₂ (e.g., for As, Ge) and CH₄. Record 'None' if DRC mode is not used, and 'N/A' where Collision/Reaction Cell (CRC) Configuration does not include DRC or the instrument has no cell.",Advanced,Read-Only,Controlled list / Text,NH3 | O2 | CH4 | N/A | None,Source: collision/reaction cell module,2026-08-27,channel,,Y,Y,Y,,N,N,N,N,N,N
Reaction Gas Flow Rate,"Flow rate of the reactive gas introduced into the dynamic reaction cell (DRC), in mL/min. Record 'None' if DRC mode is not used, and 'N/A' where Collision/Reaction Cell (CRC) Configuration does not include DRC or the instrument has no cell.",Advanced,Editable,Numeric (mL/min),0.4 mL/min | 0.8 mL/min | None,Source: collision/reaction cell module,2026-08-27,(none),,Y,Y,Y,,N,N,N,N,N,N
Collision/Reaction Gas Mixture Ratio,"Where the collision or reaction cell is supplied with a mixture of gases rather than a single gas, the identities and proportions of that mixture. Recorded separately from the gas identity. Record 'N/A' where a single gas is used.",Advanced,Editable,Text (free),"e.g., 'NH3:He 1:9' | 'High-purity NH3, no mixture' | 'N/A (single gas)' | 'None'",,2026-08-27,channel,The proportions change reaction efficiency and interference suppression independently of which gases are used.,Y,Y,Y,,N,N,N,N,N,N
Reaction Product Ion / Mass-Shift Transition,"Where a monitored mass is produced by a reaction in the collision/reaction cell, the precursor ion, the reagent gas and the product ion measured. Records the mass-shift chemistry relating the mass measured to the analyte it reports, which the monitored mass alone does not state. Record 'N/A' where the analyte is measured on its own mass.",Advanced,Read-Only,Text (free),"e.g., '176Hf + NH3 -> (176+82)Hf+ (adduct, +82 u)' | 'N/A (on-mass measurement)'",,2026-08-27,channel,,Y,Y,Y,,N,N,N,N,N,N
Dwell Time per Mass,"Count time (dwell time) per mass position, in milliseconds.",Basic,Editable,Numeric (ms) / Text,"e.g., 6 ms (most isotopes); 35 ms (¹⁴⁷Sm, ¹⁵³Eu, ¹⁵⁸Gd for REE work)",,2026-08-27,channel,"Longer dwell times improve counting statistics and lower detection limits but reduce the number of isotopes measurable within a given scan cycle time. For mapping, scan cycle time directly determines spatial resolution at a given scan speed: shorter cycle time = finer spatial resolution.",Y,Y,Y,,N,30 ms (most isotopes) / 10 ms (alternate; dual detector mode),N,N,N (not stated) [P4],N (not stated) [P4]
Total Integration Time per Output Data Point,"Total duty-cycle time for one complete mass-scan sweep — the sum of all per-isotope dwell times plus inter-mass settling times. Not recoverable from Dwell Time per Mass alone, because settling time is not captured there. Applies to sequential (quadrupole and single-collector sector-field) acquisition.",Basic,Editable,Numeric (s),"e.g., '0.284' | '0.31 s (24 masses, 10 ms dwell, 4 ms settling)'",,2026-08-27,(none),Sets the time resolution of the downhole signal.,Y,Y,N,,,,,,,
Background Count Time,"Total time spent measuring gas blank (background signal with laser off or shutter closed) before each ablation event, in seconds. For spot and transect analysis, a discrete background interval is measured before each ablation. For mapping, background is typically measured once per raster line or at the start of a map session rather than before each individual pixel. Editable to allow session-specific adjustment.",Basic,Editable,Numeric (s),"e.g., '30 s (spot/transect)' | '10 s per raster line (mapping)' | '25 s (one gas blank map per GRM at session start)'",Source: Laser Ablation module,2026-08-27,(none),,Y,Y,Y,,N,25 s gas blank before each ablation,N (gas blank measured but duration not explicitly stated),N,50 s (background counted for 50 s before each LA-ICP-MS analysis) [P4],50 s (same as silicate protocol) [P4]
Multi-Run Sequential Analysis Design,"Whether the procedure uses a single acquisition pass or multiple sequential runs on the same sample location, each optimized for different analytical objectives. For multi-run designs, describe the number of runs, their purpose, key laser and instrument settings per run, and how outputs of one run feed into data reduction of another. Not applicable to raster mapping, where each spatial location is visited exactly once.",Advanced,Read-Only,Text (free),"e.g., Single run | Two sequential runs: run 1 (major elements, 30 µm circular, medium resolution) → run 2 (trace elements, 130 µm circular, low resolution; Cr from run 1 as IS) | Pre-ablation pass + single acquisition run",Source: Laser Ablation module,2026-08-27,(none),,Y,Y,N,,Single spot per location (30 µm circular),Single spot per location (45 s ablation at 1 Hz),Single spot per location (~40 s ablation at 7 Hz),Single spot per location (sulfides; same acquisition parameters as glass but 20 µm spot),Single spot analysis per location [P4],Single spot analysis per location [P4]
Analysis Location/Spot Coordinates,"Location of the analysis on the sample surface. For spot and transect analysis: stage coordinates (X, Y in µm) or a description relative to a named reference feature (e.g., mineral rim, inclusion boundary). For mapping: coordinates of the map corner(s) or centre, plus map dimensions.",N/A,Basic,Text (free),"e.g., 'X = 12350 µm, Y = 8760 µm (stage coordinates)' | '500 µm from metal-olivine rim toward core' | 'Map centre: X=15000, Y=9000 µm; area: 1450×600 µm'",Source: Laser Ablation module,2026-08-27,sample > sampling unit,Enables spatial reconstruction and co-registration with other analytical images.,Y,Y,Y,,N,N,N,N,N,N
Number of Replicates,"Number of replicate measurements performed on the same sample, or on the same nominal location where the technique is spatially resolved. For spot analysis this is the number of individual spots per grain or location; for transects, the number of replicate lines; for mapping, the number of map acquisitions of the same area; for solution work, the number of discrete replicate measurements acquired per sample solution.",Advanced,Basic,Integer,"e.g., 3 (three replicate spots per grain) | 1 (single transect) | 1 (single map)",,2026-08-27,(none),,Y,Y,Y,,"N (variable number of spots per grain; Mg, Si, P, S monitored to check for inclusions)",9 spot analyses in grid pattern for homogeneity testing; multiple analyses per fusion glass disk,N (variable per run),N (grain size >20 µm selected; number of analyzed grains variable),N (not stated),N (not stated)
Transect Length,"Total length of the transect line analysed in micrometres. Scan speed is captured separately in Transect Rate, Mapping Rate or Step Size.",N/A,Basic,Numeric (µm),"e.g., 500 µm | 1200 µm | 3000 µm",Source: Laser Ablation module,2026-08-27,(none),Depends on the size of the feature of interest rather than being fixed in the procedure.,N,Y,N,,N/A,N/A,N/A,N/A,N/A (spot analysis),N/A (spot analysis)
Mapping Area,"Total area covered by the 2D raster map, expressed as width × height in µm or as total area in µm² or mm². This is an analysis-level parameter because it depends on the size of the grain or phase to be mapped. The procedure fixes scan speed, line spacing, and spot size; the map area is chosen at analysis time to cover the target feature.",N/A,Basic,Text (free),"e.g., '1450×600 µm (870,000 µm²)' | '200×200 µm' | '0.5 mm²'",Source: Laser Ablation module,2026-08-27,(none),,N,N,Y,,N/A,N/A,N/A,N/A,N/A (spot analysis),N/A (spot analysis)
,,,,,,,,,,,,,,,,,,,
5. Data Processing,,,,,,,2026-08-26,,,N,N,N,N,,,,,N,N
Internal Standard Approach,Method used to determine the internal standard (IS) concentration for each unknown sample.,Basic,Read-Only,Text (free),"e.g., 'Single element from EPMA (SiO₂ wt% used as IS)' | 'Sum-of-major-oxide normalization to 100% (Liu et al. 2008)' | 'Stoichiometry-derived (Ca fixed at 10.1 wt% for calcite)' | 'No IS — external calibration only'",Source: Laser Ablation module,2026-08-27,(none),Corrects for variable ablation yield between analyses.,Y,Y,Y,,Single element externally measured by EPMA: ⁶¹Ni concentration from EPMA at exact analysis location used as IS,"Two internal standards: Si from XRF SiO₂ (for Co, Ni, Cu, Zn); Al from XRF Al₂O₃ (for all other trace elements); non-matrix-matched external standards (NIST 612 + 614) used; fs laser minimizes matrix effects",Single element from EMP: Si (SiO₂ from EMP for silicate glass); NIST 610 as external standard,Single element from EMP: Fe (FeOT from EMP for sulfide); NIST 610 as external standard,Normalization to 100 wt% oxide total (for silicates and oxides) [P4],Single element IS: EMP CaO concentration used; LA-ICP-MS 40Ca counts normalized to CaO from EMP analysis at the same spot [P4]
Internal Standard Element,"Element(s) used as the internal standard, the monitored isotope, and how the internal-standard concentration was established for unknowns. Where the element serves isotope-ratio work it must have a known isotopic composition and a mass close to the analyte's. Record 'None' together with the alternative used where no internal standard is applied.",Basic,Read-Only,Text (free),"e.g., '²⁹Si; SiO₂ wt% from EPMA' | '⁵³Cr; measured in preceding major-element run (run 1)' | 'None — sum of MgO+FeO+SiO₂+P₂O₅ = 100 wt% (Liu et al. 2008)' | For mapping procedures using oxide-sum normalization, report ""None (oxide-sum normalization)"" and cite the method reference.",Source: ICP-MS module,2026-08-26,(none),,Y,Y,Y,,⁶¹Ni; concentration from EPMA measured at exact analysis spot location,"Si (SiO₂ from XRF) for Co, Ni, Cu, Zn; Al (Al₂O₃ from XRF) for all other 28 trace elements",Si from EMP (SiO₂ wt% for silicate glass),Fe from EMP (FeOT wt% for sulfide),"None (oxide sum normalization, 100 wt% total) [P4]",40Ca; CaO wt% from EMP at the analysis spot [P4]
Per-Analyte Calibration Strategy,"Approach used to convert measured ion signals to reported concentrations, and specifically any case where different analytes or analyte groups within one procedure are calibrated differently - different primary standards for different mass ranges or phases, or one element serving as internal standard while others are externally calibrated. Where a single strategy applies to all analytes, record that strategy. Where the procedure reports isotope ratios only and no concentrations, record 'Not applicable (isotope ratios only)'.",Basic,Read-Only,Text (free),Single strategy: ⁴³Ca IS for all analytes (see Internal Standard fields); Multi-strategy: ⁴³Ca IS for major elements; NIST 610 external calibration for REEs; Fe+Ni+Co sum normalization for PGEs,Source: ICP-MS module,2026-08-26,analyte,,Y,Y,Y,,,,,,,
Elemental Fractionation Correction,"Method used to correct for laser-induced elemental fractionation (LIEF), including downhole fractionation during prolonged ablation, matrix-dependent fractionation between sample and calibration standard, and any specific correction algorithm applied. Reference the software function or publication.",Basic,Read-Only,Text (free),"e.g., 'Normalised to NIST SRM 612; no additional downhole correction' | 'Exponential downhole fractionation correction in Iolite using NIST SRM 612' | 'Linear time-drift correction applied per analysis'",Source: Laser Ablation module,2026-08-27,(none),,Y,Y,Y,,External calibration using calibration curve method with IVB iron meteorite standards; ⁶¹Ni as IS from EPMA corrects for ablation yield differences between sample and standard,Femtosecond laser substantially reduces elemental fractionation and matrix effects (stated); non-matrix-matched external standards (NIST 612 + 614) used successfully with fs laser (verified by GRM accuracy assessment),Femtosecond laser reduces LIEF; NIST 610 external standard; Si IS from EMP corrects for ablation yield,Femtosecond laser reduces LIEF; NIST 610 external standard; Fe IS from EMP corrects for ablation yield; micronuggets identified from Au signal spikes and excluded from integration,External calibration using NIST 610 glass standard analyzed before and after session; oxide-sum normalization corrects for ablation yield variation; no explicit downhole fractionation correction described [P4],External calibration using NIST 610; EMP CaO as IS corrects for ablation yield; no explicit downhole correction described [P4]
Mass Bias Correction Strategy,"Strategy used to correct instrumental isotopic mass fractionation, also called mass bias or mass discrimination. Distinct from Elemental Fractionation Correction, which addresses inter-element fractionation during ablation and transport: this field addresses discrimination between isotopes of the same element, and applies wherever the procedure reports isotope ratios.",Basic,Read-Only,Text (free),"e.g., 'Standard-sample bracketing against NIST 612' | 'Co-aspirated Tl, exponential law' | 'None (elemental concentrations only)'",,2026-08-26,(none),,Y,Y,Y,,,,,,,
Uncertainty Level,"The convention at which reported uncertainties are quoted — 1-sigma, 2-sigma, or a 95% confidence interval — and whether a measured spread is reported as a standard error or a standard deviation. State the convention applying to all values reported under this procedure, and state each separately where different reported quantities use different conventions. Distinct from Uncertainty Propagation Method, which addresses how component uncertainties are combined rather than how the result is quoted.",Basic,Read-Only,Controlled list / Text,2σ (95% confidence) | 1σ (68% confidence) | 95% confidence interval | 2 standard errors (2SE) | 1 standard deviation (1SD) | N/A | None,Source: ICP-MS module,2026-08-26,(none),A reported uncertainty is not interpretable without it: the same numeric value means different things at 1-sigma and at 95% confidence.,Y,Y,Y,,,,,,,
Uncertainty Propagation Method,"The approach used to propagate analytical uncertainty through the data reduction chain to the final reported value. State which sources are included in the propagation: counting statistics, calibration standard uncertainty, internal standard uncertainty, drift correction, and any systematic contributions. Distinct from Uncertainty Level, which states the convention at which the resulting uncertainty is quoted.",Advanced,Editable,Text (free),"e.g., Counting statistics only (1σ on integrated signal, Longerich et al. 1996) | SD of n replicate analyses used as combined uncertainty estimate | Full propagation: counting + calibration standard + IS uncertainty (specify formula)",Source: ICP-MS module,2026-08-26,reported property,,Y,Y,Y,,2SE of individual spot measurements reported,N (Iolite 4 internal uncertainty propagation implied),N,N,N (not stated) [P4],N (not stated) [P4]
Matrix Offset Correction (LIEF),Whether an empirical correction was applied to account for systematic differences in laser-induced elemental fractionation (LIEF) patterns between the external calibration standard and the sample matrix.,Advanced,Read-Only,Text (free),"e.g., 'Applied: 6.4% offset in Ca/Si determined by comparison with EPMA (Jenner & O'Neill 2012)' | 'Not applied; Ca used as IS to cancel LIEF offset' | 'Not applicable'",Source: Laser Ablation module,2026-08-27,(none),,Y,Y,Y,,N (fs laser minimizes LIEF; IVB iron meteorite standards used as matrix-matched reference),N (fs laser minimizes matrix effects),N (fs laser),N (fs laser),N (not stated; agreement within <10% between oxide-sum normalization and EMP-based IS noted as validation) [P4],N (not stated) [P4]
Signal Integration Interval Method,"Method used to define which portion of the acquired signal is integrated for each reported measurement, and the rule for excluding unstable or anomalous portions. State whether the interval is the full acquisition, a stable sub-interval selected by inspection, or selected by an automated criterion, and name the criterion.",Basic,Read-Only,Controlled list / Text,Full acquisition | Stable interval selected by inspection | Automated threshold | Automated outlier rejection | Fixed time window | N/A | None,Source: ICP-MS module,2026-08-26,(none),,Y,Y,Y,,"Time-resolved signals monitored; analyses with elevated Mg, Si, P, S (inclusion indicators) excluded; stable signal intervals used for integration","Time-resolved signals inspected visually; flux blank contributions to pollution elements (V, Co, Zn, Ba, La, Ce, Ta, U) identified and subtracted; 9-spot grid homogeneity tested before analysis",Time-resolved LA-ICP-MS signal inspected; micronuggets identified from spikes in Au signal and excluded from integration to obtain smooth signals (verified by Fig. 1 in paper),Same approach as glass; micronugget identification from Au signal spikes critical for sulfide analyses,Time-lapse plots of each spot examined; only the plateau region used to quantify trace element abundances [P4],Time-lapse plots examined; only plateau region used (same as silicate protocol) [P4]
Signal Integration Time,"The integration time actually used for the reported signal, in seconds - the time retained after the signal-integration interval has been applied, and therefore equal to or shorter than the total acquisition. Where the procedure computes it from an acquisition structure, record that basis.",N/A,Basic,Numeric (s),"e.g., 40 s | 60 s | Not applicable to mapping analysis: for mapping, the equivalent concept is the per-pixel cycle time, determined by the spectrometer dwell time settings.",Source: ICP-MS module,2026-08-26,(none),It is equal to or shorter than the Ablation Duration per Spot because the signal start and end transients are typically discarded.,Y,Y,N,,N,45 s on-sample ablation (full ablation interval used for integration),~40 s (inferred from typical CetacAnalyte HE protocol; stable signal used),~40 s (same),N (not stated) [P4],N (not stated) [P4]
Spike / Outlier Filtering Approach,"Criteria used to identify and exclude anomalous data - signal spikes, individual cycles, or whole replicate measurements - before the reported value is calculated. State where in the reduction sequence the filter is applied.",Advanced,Editable,Text (free),"e.g., 'Significant single spikes visually identified and removed in Iolite' | 'Statistical filter: data points >3σ from running mean removed' | 'No filtering applied' | 'Automated spike detection in SILLS'",Source: ICP-MS module,2026-08-26,(none),,Y,Y,Y,,"Monitoring of Mg, Si, P, S to check for micro-inclusions (sulfides); analyses with elevated inclusion signals excluded entirely","Homogeneity index (H) applied to test element distribution; Co, Ni, Cu in high-Si glass (GSR-1) identified as near-LOD and flagged; flux blank contributions to pollution elements subtracted",Micronuggets identified from Au signal spikes in time-resolved spectra; excluded from integration (smooth signals = fully dissolved Au; Fig. 1 shows this criterion),Same approach as glass; Au spike identification critical for determining solubility vs. nugget contribution,N (not explicitly stated; implied by plateau-region selection excluding non-stable intervals) [P4],N (same as silicate protocol) [P4]
Blank / Background Correction Method,"Method used to subtract background and, where relevant, procedural blank from the measured signal. State what is subtracted - instrument background acquired with no sample reaching the plasma, an on-peak zero acquired on the same matrix, or a separately measured procedural blank - over what interval it is measured, and at what granularity it is applied.",Basic,Read-Only,Controlled list / Text,Gas blank | On-peak zero | Solution blank | Procedural blank | On-peak zero + procedural blank | N/A | None,Source: ICP-MS module,2026-08-26,(none),,Y,Y,Y,,Gas blank measured before each spot; background period during single spot transient (rapid intensity rise and decay) used for background correction,Gas blank measured for 25 s before each ablation; background subtracted per isotope,N (background subtraction performed but method not explicitly described; implied from standard Agilent/iolite workflow),N (same as glass protocol),50 s background measurement before each analysis; background subtracted (method not explicitly described beyond counting duration) [P4],50 s background measurement before each analysis (same as silicate protocol) [P4]
Pulse/Analog Detector Nonlinearity Correction,Whether a correction was applied for nonlinear response at the transition between pulse-counting and analog detector modes.,Advanced,Editable,Controlled list / Text,Not applicable (instrument uses pulse counting only) | Applied: describe method and elements affected | Not applied (crossover threshold not reached for any element) | Not applied (known bias accepted) | N/A | None,,2026-08-26,(none),,Y,Y,Y,,N (quadrupole X-series 2; single detector mode),Applied: dual detector mode (30 ms / 10 ms dwell alternation),N,N,N (not stated) [P4],N (not stated) [P4]
Isobaric Interference Corrections Applied,"Whether mathematical corrections for isobaric, polyatomic or residual interferences are applied in data reduction, supplementary to any suppression already achieved by chemical separation, mass resolution, or a collision/reaction cell. Detail for each affected mass is carried by Interfering Species and Interference Correction Method.",Basic,Read-Only,Controlled list / Text,Yes | No | N/A | None,Source: ICP-MS module,2026-08-26,(none),,Y,Y,Y,,"No explicit corrections applied; monitoring of Mg, Si, P, S used to detect and exclude inclusion-contaminated analyses rather than correct for spectral interferences","Yes — fs laser substantially reduces oxide and matrix interferences; flux blank contributions to V, Co, Zn, Ba, La, Ce, Ta, U identified and subtracted",Yes (fs laser reduces interferences),Yes (fs laser reduces interferences),N (not stated) [P4],N (not stated) [P4]
Interfering Species,"The isobaric, polyatomic and doubly charged species that overlap the measured masses and are corrected in data reduction - direct isobars, oxides and argides, hydrides, and abundance-sensitivity tailing from an adjacent large beam. Name each species and the mass it affects.",Basic,Read-Only,Text (free),"e.g., '⁸⁷Rb on ⁸⁷Sr; ¹⁷⁰Yb²⁺ on ⁸⁵Rb' | '⁴⁰Ar³¹P⁺ on ⁷¹Ga; ⁴⁴Ca¹⁶O⁺ on ⁶⁰Ni' | '¹³⁷Ba¹⁶O⁺ on ¹⁵³Eu' | 'None'",Source: ICP-MS module,2026-08-26,channel,,Y,Y,Y,,"Sulfide inclusions detectable via ³³S signal; phosphide inclusions via ³¹P; silicate inclusions via ²⁴Mg, ²⁹Si (used to exclude contaminated analyses)","Li₂B₄O₇ flux blank contains V, Co, Zn, Ba, La, Ce, Ta, U at detectable levels; subtracted as blank contribution",N,N,N (not stated) [P4],N (not stated) [P4]
Interference Correction Method,"Equation or procedure used to calculate and remove each interference contribution, together with how its magnitude was established - a monitor mass measured simultaneously and scaled by natural abundance ratios, a production-rate factor measured on a reference material or interference standard solution, or a tailing factor measured on a pure standard. Name the reference material used.",Basic,Read-Only,Text (free),"e.g., 'Mathematical correction: ⁸⁷Sr_corrected = ⁸⁷Sr_measured − f(⁸⁷Rb/⁸⁵Rb) × ⁸⁵Rb' | 'Cool plasma (800 W) reduces ⁴⁰Ar-based argides by >90% for ⁶⁰Ni and ⁷¹Ga' | 'KED mode (He collision gas 4 ml min⁻¹) suppresses polyatomic interferences'",Source: ICP-MS module,2026-08-26,channel,,Y,Y,Y,,"Exclusion-based approach: analyses with elevated Mg, Si, P, S (from silicate, phosphate, or sulfide inclusions) excluded entirely rather than applying mathematical corrections","Flux blank subtraction: blank contribution to each pollution element (V, Co, Zn, Ba, La, Ce, Ta, U) measured in procedure blanks and subtracted; LOQ for pollution elements = blank value + 10SD",N,N,N (not stated) [P4],N (not stated) [P4]
Isotope Dilution Data Reduction Method,"Mass balance approach used to calculate sample mass fractions, and where applicable isotope ratios, from spike-sample isotope ratio measurements. For double-spike procedures the ratios and concentrations are co-determined through the spike inversion; for conventional isotope dilution the IUPAC ID equations are used. Record 'None' where neither isotope dilution nor double-spike methods are applied.",Basic,Read-Only,Text (free),IUPAC isotope dilution equations | Double-spike inversion | None | N/A | Other: specify,Source: ICP-MS module,2026-08-26,(none),,Y,Y,Y,,N,N,N,N,N,N
Memory Effect Mitigation,"Procedure applied to identify and minimise carry-over of high-concentration or isotopically distinct material from a preceding measurement into the current one. Mitigation is applied primarily at measurement time, by allowing sufficient washout or rinse between successive introductions. At data processing level, record any flagging or exclusion of measurements where the required washout may not have been achieved.",Advanced,Editable,Text (free),"e.g., 'Extended washout (≥60 s He flush) between high-concentration standards and unknowns' | 'Scan speed set so that washout time (<1 s) is shorter than pixel acquisition interval' | 'None required for this element suite'",Source: ICP-MS module,2026-08-26,(none),,Y,Y,Y,,N (single spot analyses; no sequential memory effect described),25 s washout between analyses (25 s gas blank → 45 s ablation → 25 s washout),N,N,N (not stated) [P4],N (not stated) [P4]
Normalization / Standards-Based Correction,"Post-acquisition normalization applied to the reported data beyond the primary calibration — for example correction to a reference value derived from secondary reference materials, or correction for a systematic bias those materials reveal. Record 'None' if no additional normalization is applied.",Advanced,Editable,Text (free),"e.g., 'None' | '100% oxide sum normalization applied per pixel to enforce mass balance (Liu et al. 2008)' | 'Normalized to ⁸⁸Sr/⁸⁶Sr = 8.37521 for mass bias correction in Sr isotope analysis'",Source: Composition QC module,2026-08-27,reported property,,Y,Y,Y,,No post-acquisition normalization; calibration curve method using IVB standards provides direct quantification,No post-acquisition normalization beyond IS approach (two IS elements applied element-specifically),No post-acquisition normalization beyond IS (Si from EMP),No post-acquisition normalization beyond IS (Fe from EMP),100% oxide total normalization applied per analysis for silicates and oxides; NIST 610 used for external calibration before and after session [P4],No post-acquisition normalization; EMP CaO applied directly as IS; NIST 610 for external calibration [P4]
Calibration Factor and Determination Method,"An externally-calibrated factor that converts the measured quantity into the reported quantity, how it was determined, and its uncertainty. Applies where the conversion depends on a factor calibrated against a reference of independently known value, rather than on the instrument response alone. Distinct from the fields that name the calibration material and that state which approach applies to which analyte, where the technique has them: this field records the resulting factor itself.",Basic,Editable,Text (free),"e.g., ID-TIMS: EARTHTIME ET535 or ET2535 tracer, calibrated per Condon et al. (2015) and McLean et al. (2015), with stated uncertainty | LA-ICP-MS: matrix-matched primary zircon RM of independently known age (91500, GJ-1, Plesovice) used for downhole-fractionation and Pb/U calibration, with the accepted age and its source",Source: Calibration Factor module,2026-08-26,reported property,,Y,Y,Y,,,,,,,
Procedural Blank Level,"The measured level of the analytical blank in the session, and — where the reported quantity is a ratio — its composition, since a blank subtracted from a ratio biases the result unless its own composition is known. Companion to the blank correction method.",N/A,Basic,Text (free),"e.g., 'Total procedural Pb blank 0.6 +/- 0.3 pg; blank Pb composition 206Pb/204Pb = 18.55, 207Pb/204Pb = 15.50, 208Pb/204Pb = 38.08 (long-term lab average, n = 42)' | 'Gas blank 120 counts/s at mass 206, subtracted per analysis'",Source: Blank module,2026-08-26,(none),Follows the criterion-versus-measurement split the library applies wherever a procedure sets a threshold and an analysis reports a value against it.,Y,Y,Y,,,,,,,
Analysis Inclusion and Rejection Criteria,"The rules determining which individual analyses contribute to a reported aggregate result, together with the outcome of applying them: how many analyses were acquired, how many were included, and on what grounds any were excluded. Distinct from within-analysis outlier filtering, which removes anomalous points inside a single analysis: this field decides which whole analyses enter the reported value.",Basic,Basic,Text (free),"e.g., '30 grains analysed, 24 included; excluded 4 discordant beyond -5% to +10% and 2 with Pb*/Pbc < 20' | 'All analyses included, no filter applied'",Source: Aggregation module,2026-08-26,(none),"Criteria and outcome are combined in one field because neither is interpretable without the other, following the precision/accuracy precedent.",Y,Y,Y,,,,,,,
Age Calculation Method,"The equation used to convert the measured quantities into an age or date, together with a citation for that equation. Name the equation unambiguously; where a procedure supports more than one, state which is used and under what conditions. Distinct from Age Model and Software, which records how multiple analyses are combined into a single reported result.",Basic,Read-Only,Text (free),"e.g., 206Pb/238U and 207Pb/235U date equations (Jaffey et al. 1971 decay constants) | 207Pb/206Pb date | Wetherill concordia intercept | Tera-Wasserburg concordia intercept | 238U/206Pb-207Pb/206Pb isochron",Source: Geochronology module,2026-08-26,reported property,Required by every geochronology reporting standard surveyed (Condon et al. 2024; Schaen et al. 2021; Rooney et al. 2024; Flowers et al. 2024; Kohn et al. 2024; Mahan et al. 2023).,Y,Y,Y,,,,,,,
Reported Date Type,"The kind of date or age the procedure reports. Where more than one type is reported, list all, separated by semicolons.",Basic,Editable,Controlled list,Weighted mean 206Pb/238U | Weighted mean 207Pb/235U | Weighted mean 207Pb/206Pb | Concordia upper intercept | Concordia lower intercept | Tera-Wasserburg intercept | Single-grain date | Isochron date | Other: specify | N/A | None,Source: Geochronology module,2026-08-26,reported property,"Most dating systems derive several different date types from the same measurements, so a reported age is ambiguous without this. Kohn et al. (2024) carry this as a named required item (""fission-track age type""); the equivalent distinction is required by all five other standards surveyed.",Y,Y,Y,,,,,,,
Inherited or Initial Signal Correction,"How any non-radiogenic, inherited or pre-existing component of the measured signal was accounted for, including the composition assumed, its source, and its uncertainty. Record 'None' where the measured quantity accumulates from zero and no such component exists.",Basic,Editable,Text (free),"e.g., Stacey & Kramers (1975) two-stage model Pb at the interpreted age | 204Pb-based correction | 207Pb-based correction | 208Pb-based correction | Tera-Wasserburg anchored lower intercept | measured Pb from co-genetic K-feldspar | None (Pb*/Pbc sufficiently high that correction is negligible; state the threshold)",Source: Geochronology module,2026-08-26,reported property,"Applies to five of the six dating systems surveyed; fission track is the sole genuine exception, as tracks accumulate from zero. The value actually applied is frequently sample-specific (a two-stage model composition evaluated at the interpreted age) or session-derived (a trapped composition solved from an isochron intercept), so a revision to the assumed composition should not require registering a new procedure. Same reasoning as Rule 5's Constants and Reference Values Used.",Y,Y,Y,,,,,,,
Radiogenic Fraction of Measured Signal,"The proportion of the measured signal that is radiogenic, as opposed to inherited, initial or otherwise non-radiogenic. Measured companion to Inherited or Initial Signal Correction.",N/A,Basic,Text (free),"Reported for U-Pb as Pb*/Pbc, the ratio of radiogenic to common Pb. e.g., '1250' | '18' | 'range 12-340 across 24 analyses'",Source: Geochronology module,2026-08-26,reported property,"It indicates how strongly the reported age depends on the assumed non-radiogenic composition — a result derived from a low radiogenic fraction is sensitive to that assumption in a way a high-fraction result is not, and that sensitivity is invisible from the age and its uncertainty alone. Follows the criterion-versus-measurement split used for Oxide Production.",Y,Y,Y,,,,,,,
Age Model,"The statistical model used to combine individual analyses into a single reported age, including any criteria governing which model is applied. Record the model only — the software implementing it belongs in Data Reduction Software (Group 3), whose scope already extends to age calculation; where reduction and age regression use different packages, list both there.",Basic,Editable,Text (free),"e.g., Weighted mean with MSWD-based uncertainty expansion | York (1969) regression | IsoplotR Model-1, escalating to Model-3 where MSWD exceeds the stated cutoff | Bayesian / Monte Carlo age model",Source: Geochronology module,2026-08-26,reported property,This is a methodological choice that changes the result: a Model-1 and a Model-3 regression of the same data yield different ages and different uncertainties. Required in some form by all six geochronology reporting standards surveyed.,Y,Y,Y,,,,,,,
Age Datum / Reference Epoch,"The zero point from which the reported age is measured, where this is not the present day, and the date it corresponds to. Record 'Present day' where the conventional datum applies. Where the datum is not the present, record it explicitly: year of sample collection for luminescence, end of irradiation for 40Ar/39Ar decay corrections.",Advanced,Basic,Text (free),Present day (the conventional datum for U-Pb; state explicitly rather than leaving blank),Source: Geochronology module,2026-08-26,reported property,Required in these cases by Mahan et al. (2023) and Schaen et al. (2021).,Y,Y,Y,,,,,,,
Intermediate Daughter Disequilibrium Correction,"Correction for initial disequilibrium in intermediate daughter products of the U decay chains — principally 230Th, and where relevant 231Pa — together with the Th/U or Pa/U partitioning value assumed and its source. Record 'None' with a justification where no correction was applied.",Advanced,Read-Only,Text (free),"e.g., '230Th correction applied, Th/U(magma) = 2.8 assumed from whole-rock' | '230Th and 231Pa corrections applied (Crowley et al. 2007)' | 'None (sample older than 100 Ma; effect below stated uncertainty)'",Source: U-Pb module,2026-08-26,(none),"Unique to U-Pb among dating systems, because the chains are long enough for intermediate-daughter disequilibrium at crystallisation to bias the 206Pb/238U date, most severely in young samples. Condon et al. (2024) write ""we recommend these dates be reported corrected for initial 230Th and 231Pa daughter isotope disequilibrium"" — recommended rather than required.",Y,Y,Y,,,,,,,
Discordance Definition and Values,"How discordance between the 206Pb/238U, 207Pb/235U and 207Pb/206Pb chronometers is defined for this procedure, and the discordance values obtained. State the formula used. The rule for excluding discordant analyses, and how many were excluded, belong in Analysis Inclusion and Rejection Criteria.",Advanced,Read-Only,Text (free),"e.g., '100 x (1 - [206Pb/238U date] / [207Pb/206Pb date])' | '2-sigma concordia ellipse overlap' | 'discordance -3% to +7% across 24 analyses'",Source: U-Pb module,2026-08-26,pair: reported property,"Genuinely specific to U-Pb: it is the only system in routine use with two independent decay schemes in the same mineral, so agreement between them is an internal consistency test no other system can run. Condon et al. (2024) write that for samples older than a few hundred million years ""it is also useful to provide a measure of discordance"" — useful and age-conditional rather than required. Several definitions are in circulation and they are not interchangeable.",Y,Y,Y,,,,,,,
Error Correlation Between Reported Quantities,"The correlation coefficient between pairs of reported quantities whose uncertainties are not independent, together with the pair it applies to and how it was obtained.",Advanced,Basic,Numeric (dimensionless) / Text,"e.g., 'rho(206Pb/238U, 207Pb/235U) = 0.83, from the data reduction software error propagation' | 'rho = 0.31 (double-spike inversion covariance)'",,2026-08-27,pair: reported property,Concordia and isochron regressions cannot be reconstructed without it.,Y,Y,Y,,,,,,,
Constants and Reference Values Used,"Physical constants and reference values used in data reduction to calculate the final reported quantity (e.g., decay constants for age calculation, standard isotope ratios, or other citable reference values used in a correction or calculation), together with their source. Distinct from the Group 6 reference-material fields, which document accepted values for specific calibration/validation materials rather than universal physical constants. Record ""None"" if no citable, revisable physical constants feed into this procedure's data reduction.",Basic,Editable,Text (free),"e.g., ""λ238U = 1.55125×10⁻¹⁰ yr⁻¹, λ235U = 9.8485×10⁻¹⁰ yr⁻¹ (Jaffey et al. 1971); 238U/235U = 137.818 (Hiess et al. 2012)"" | ""None""",Source: Core module,2026-08-26,(none),,Y,Y,Y,,,,,,,
,,,,,,,,,,,,,,,,,,,
6. Quality Control & Uncertainty,,,,,,,2026-08-26,,,N,N,N,N,,,,,N,N
Primary Calibration Standard Name,"Name and reference material identifier of the primary reference material(s) against which the instrument is calibrated — converting raw signal intensities to concentrations, or anchoring an isotope ratio as the bracketing standard or zero-delta reference. Give the material name, its source or supplier, and a citation for the accepted values used, since results calibrated against different published values for the same material are not directly comparable.",Basic,Editable,Text (free),"e.g., 'NIST SRM 612 (Jochum et al. 2011, doi:10.1111/j.1751-908X.2011.00120.x)' | 'USGS BCR-2G (GeoReM preferred values, georem.mpch-mainz.gwdg.de)'",Source: Composition QC module,2026-08-27,analyte,,Y,Y,Y,,Warburton Range (IVB iron meteorite; Walker et al. 2008) — used as primary external standard and for calibration curve method,NIST SRM 612 + NIST SRM 614 (non-matrix-matched external standards); self-made BHVO-2 lithium borate glass (matrix-matched) tested as alternative but NIST 612+614 found sufficient with fs laser,NIST 610 (primary external standard; Jochum et al. 2011); Si from EMP as IS,NIST 610 (primary external standard); Fe from EMP as IS,NIST 610 glass standard [P4],NIST 610 glass standard [P4]
Calibration Standard Measurement Frequency,"How often the primary calibration or bracketing standard is measured relative to unknown samples within a session. Specify the bracketing scheme where a fixed one is used, such as one standard measurement before and after each sample.",Basic,Read-Only,Text (free),Before and after every 5 unknowns | Bracketing every 10 samples | Start and end of session only | N/A | None | Other: specify,Source: ICP-MS module,2026-08-26,(none),"For LA-ICP-MS, this defines the bracketing interval between calibration standard ablations used to monitor and correct for instrumental drift.",Y,Y,Y,,N,NIST SRM 612 and 614 measured as external standards within session; BHVO-2 and other GRMs as unknowns,NIST 610 as primary; NIST 612 and BCR-2G as monitoring standards,Same bracketing as silicate glass protocol,NIST 610 glass standard analyzed before and after every session [P4],NIST 610 analyzed before and after every session (same as silicate protocol) [P4]
Secondary Reference Materials,"Quality-control reference material(s) measured as unknowns alongside samples to assess accuracy independently and to monitor drift. Give the material name, its source, and a citation for the accepted or reference values used for comparison.",Basic,Editable,Text (free),"e.g., 'NIST SRM 610 (Jochum et al. 2011); GOR132-G (Jochum et al. 2006)' | 'BHVO-2G (GeoReM), BCR-2G (GeoReM)'",Source: Composition QC module,2026-08-27,defines: standard,,Y,Y,Y,,Tawallah Valley (IVB iron meteorite; Walker et al. 2008) — measured as secondary/check standard alongside unknowns,"AC-E (granite, CRPG), GSR-1 (granite, NRCG), JB-1b (basalt, GSJ), GSR-3 (basalt, NRCG), AGV-2 (andesite, USGS), W-2A (diabase, USGS) — 6 GRMs covering mafic to felsic rock types analyzed as unknowns; also NWA14526 (lunar basalt) and NWA13190 (shergottite) compared with SN-ICP-MS",NIST SRM 612 and BCR-2G (monitoring standards measured in same sessions),NIST SRM 612 and BCR-2G (same monitoring standard set as glass protocol),N (not stated) [P4],N (not stated) [P4]
Detection Limit,"Detection limit, one per reported concentration variable (one per analyte, these being the same set). State the units and whether the values are procedure-typical estimates or session-specific measured values. The calculation method is recorded separately in Detection Limit Method. Record 'N/A' where the procedure reports no concentrations.",Advanced,Basic,Numeric + unit / Text,"e.g., '0.003 ng g⁻¹ (La), 0.005 ng g⁻¹ (Ce) (3σ background; Longerich et al. 1996)' | 'Range: 0.005–23.5 µg g⁻¹ across all measured isotopes (Pettke et al. 2012)'",Source: Composition QC module,2026-08-27,reported property,,Y,Y,Y,,N (LODs not formally stated),LODs for 32 elements in Li-borate glass BHVO-2: 0.005–23.5 µg g⁻¹ (dilution-limited; much higher than undiluted glass LODs); LODs for NIST 610: 0.007–0.45 µg g⁻¹; LOQ = 3.3 × LOD (Pettke 2012) for most elements; LOQ for pollution elements = blank + 10SD (Gold Book IUPAC),Detection limits for Au ~0.01 ppm; Cu ~0.1 ppm in silicate melt (stated in paper),"N (detection limits for sulfide not stated; only silicate melt detection limits given as Au ~0.01 ppm, Cu ~0.1 ppm)","Referenced in Table 3 and Table S1; specific values not directly stated in main text; REE in olivines below detection limits at 24–32 µm conditions [P4, P7, P11]","Referenced in Table 3 and Table S1; specific values not directly stated in main text; merrillite REE at 14–414 ppm range above detection [P4, P12]"
Detection Limit Method,"Formula or approach used to calculate the detection limits, with a citation for the method where one exists. Must be consistent with the values reported in Detection Limit.",Basic,Read-Only,Controlled list / Text,3σ blank | 3σ background | 3σ counting statistics | 3× blank mean | Poisson statistics | N/A | None,Source: Composition QC module,2026-08-27,reported property,,Y,Y,Y,,N,Pettke (2012) for most elements: LOD = (3.29 × √(Rbkg × DT × ...) + 2.71) / (Nan × DT × S); LOQ for pollution elements = blank value + 10SD (IUPAC Gold Book),"N (stated as ""detection limits"" without specific formula)",N,N (method not stated) [P4],N (method not stated) [P4]
Limit of Quantification (LOQ) Method,Reference or description of the method used to calculate the limit of quantification (LOQ): the lowest concentration reliably measurable with acceptable precision and accuracy. Mandatory at analysis level when concentrations near the LOD are reported.,Advanced,Basic,Controlled list / Text,10σ blank | 10σ background | 10× LOD | 3.3× LOD | S/N ≥ 10 | N/A | None,Source: ICP-MS module,2026-08-26,reported property,Concentrations between LOD and LOQ are detectable but not reliably quantifiable.,Y,Y,Y,,N,"LOQ = 3.3 × LOD per Pettke (2012) for most elements; LOQ = blank value + 10SD per IUPAC Gold Book for pollution elements (V, Co, Zn, Ba, La, Ce, Ta, U) where blank contribution is significant",N,N,N (not stated) [P4],N (not stated) [P4]
Counting Statistics Error,"Uncertainty predicted from counting statistics — the theoretical limit set by the Poisson distribution of the counts accumulated — for each reported quantity per analysis, with the sigma level stated. Derived from the counts on the analyte together with those on any background or blank subtracted from it. Distinct from the scatter actually observed within a measurement or between repeated measurements, which is recorded separately.",Advanced,Basic,Text (free),"e.g., '2SE predicted from counting statistics over 45 cycles' | '~0.6% (1 sigma), counting statistics plus propagated uncertainties' | 'N/A'",Source: Composition QC module,2026-08-27,sample > sampling unit x reported property,"Where a procedure reports both, agreement indicates the measurement is shot-noise limited, and a larger observed scatter indicates a further source of variance.",Y,Y,Y,,N,N,N,N,N,N
Internal (Within-Measurement) Analytical Precision and Assessment Method,"Precision of a single measurement, derived from the scatter of the cycles, sweeps or integrations that make it up, together with the method used to assess it. State the statistic (2SE, 2SD, 1s RSD), the number of cycles it is computed over, and the reported quantity it applies to. Distinct from Counting Statistics Error, which records the uncertainty predicted from the counts rather than the scatter observed; where a procedure reports both, record the observed value here and the predicted value there.",Advanced,Basic,Text (free),"e.g., '2SE = 2SD/sqrt(n), n = 45 cycles' | '+/-0.001-0.002 (2SE) on 206Pb/204Pb' | '~2.6% (2SE) on single-spot ages' | 'N/A'",Source: ICP-MS module,2026-08-26,sample > sampling unit x reported property,"This is the finest of the three precision levels the library records, below within-session and between-session precision: it describes the repeatability of one analysis rather than agreement between analyses, and is normally the smallest of the three.",Y,Y,Y,,N,N,N,N,N,N
Within-Session Analytical Precision and Assessment Method,"Precision of repeated measurements within a single analytical session and the method used to assess it. Report both the assessment method and the precision values. The assessment method must specify the reference material or standard measured, the number of replicates n, and the statistic reported (1s RSD, 2s RSD, 2SD, 2SE, 95% CI). Distinct from the internal precision of a single measurement, which derives from counting statistics over the cycles of that measurement rather than from repeated analyses.",Basic,Basic,Text (free),"e.g., '1σ RSD = 1.5% for Ba, 2.3% for La (n=5 on NIST SRM 612 per session)' | 'Mapping: 4% 1σ RSD across 3 GRM map areas at session start and end (n=3)'",Source: ICP-MS module,2026-08-26,standard x reported property,,Y,Y,Y,,Analytical uncertainties: 2SE of individual spot measurements reported alongside data,Analytical precision (RSD) within 10% for most of 32 trace elements in 6 silicate GRMs (verified by homogeneity index assessment across 9 spots per disk),N (within-session precision not separately reported),N,N (not stated) [P4],N (not stated) [P4]
Between-Session (Long-Term) Analytical Precision and Assessment Method,"Precision of measurements across multiple analytical sessions over weeks to months — long-term or intermediate precision — and the method used to assess it. Report both the assessment method and the precision values, specifying the reference material, the number of measurements and sessions, the time span covered, and the statistic reported.",Advanced,Basic,Text (free),"e.g., '2σ RSD = 3% for Eu/Eu* on GOR132-G across 12 sessions over 8 months' | '1σ RSD = 2% for most REEs on BHVO-2G across 17 sessions over 3 years (n=85 analyses)'",Source: ICP-MS module,2026-08-26,standard x reported property,Long-term precision is normally poorer than within-session precision and is the figure a data user should carry when comparing results from different sessions.,Y,Y,Y,,N,N,N,N,N (not stated) [P4],N (not stated) [P4]
Analytical Accuracy and Assessment Method,"Offset between measured and accepted values for secondary reference materials, and the method used to assess it. Specify the reference material and the source of its accepted values, the number of analyses, and the quantities assessed. Report systematic biases and their likely causes. Express the offset in the form appropriate to what the procedure reports - percent relative bias for concentrations, or deviation in delta or ratio units for isotopic quantities.",Basic,Basic,Text (free),"e.g., 'Within ±5% of GeoReM preferred values for most REEs on GOR132-G (n=15); +8% for Nb (known matrix sensitivity)' | '±3% for all elements on BHVO-2G vs. GeoReM (n=20)'",Source: ICP-MS module,2026-08-26,standard x reported property,,Y,Y,Y,,N (accuracy formally assessed by comparison with internal standard; absolute accuracy not separately reported),Analytical results within 10% of reference values for most of 32 trace elements in 6 GRMs (mafic to felsic); precision (RSD) within 10% for most elements; lunar basalt (NWA14526) and shergottite (NWA13190) results compared with SN-ICP-MS and found reliable,Au and Cu fully dissolved in most glasses (smooth signals); Au results consistent with Au solubility trends from literature; comparison with SN-ICP-MS (solution) for two extraterrestrial samples confirms reliability,"Sulfide Au and Cu concentrations consistent with strong positive correlation with log fS₂ (Fig. 5A) confirming thermodynamic equilibrium; partitioning coefficients Dsulfide/melt consistent with literature (Li et al. 2019, 2021)","For silicates: oxide-sum normalization agrees within <10% with EMP-based IS method (internal cross-check, not a separate QC standard) [P4]",N (no accuracy assessment stated for phosphate protocol) [P4]
,,,,,,,,,,,,,,,,,,,
Goodness-of-Fit or Dispersion Statistic,"The statistic reported to show whether scatter among the contributing analyses exceeds what analytical uncertainty alone predicts, together with its value. The procedure may still state an acceptance threshold, which belongs with the inclusion criteria.",N/A,Basic,Text (free),"e.g., 'MSWD = 1.13 (n = 24), probability of fit 0.31' | 'MSWD = 4.2; excess scatter attributed to protracted crystallisation, Model-3 regression applied'",Source: Aggregation module,2026-08-26,reported property,Answers whether a reported aggregate is defensible as a single population. The value cannot be known before the analysis.,Y,Y,Y,,,,,,,
Additional Notes,"Any procedure- or analysis-specific information not captured by a structured field anywhere in this TAPP — including anomalies, deviations from the registered procedure, instrument modifications, and supplementary context. Scope is the whole document, not Group 6: this is the last field of the TAPP and covers all six groups. Use sparingly; a structured field is preferred for anything that can be formally categorised.",Advanced,Advanced,Text (free),,Source: Core module,2026-08-26,(none),,Y,Y,Y,,fs laser (260 nm Ti:sapphire) essential for HSE measurement in metal (reduces elemental fractionation and matrix effects); IVB iron meteorite standards (Warburton Range + Tawallah Valley) as matrix-matched standards for iron meteorite metal,Target: bulk trace element analysis of extraterrestrial samples using only 10 mg; Li-borate flux fusion (35:1 dilution) with fs laser — first reported use of fs laser for flux fusion glass analysis; non-matrix-matched external standards demonstrated accurate with fs laser,Analysis of quenched experimental glasses from high-pressure (1 GPa) piston-cylinder experiments; Au and Cu solubility measurements; smooth time-resolved signals indicate fully dissolved Au (no micronuggets),Analysis of quenched experimental pyrrhotite (Fe₁₋ₓS) from same piston-cylinder experiments; 20 µm spot required due to small grain size (5–50 µm); same instrument and analytical session as glass protocol,Paper broadly follows Udry et al. (2012) and Pernet-Fisher et al. (2014) for procedure; two IS approaches used for different mineral phases (oxide-sum for silicates; EMP CaO for phosphate); 90 µm spot used on some olivines to evaluate whether low REE signals result from insufficient sampling volume [P4],N/A — see silicate column for general notes [P4]
