Metadata Item,Description,Procedure-Level Tier,Analysis-Level Tier,Data Type,Example / Allowed Content,Comments,Last Update,Keyed By,Purpose,Spot,Transect,Mapping,Literature Assessment,"Zhang et al. 2022
(GCA 323)
Iron meteorites
Raster mapping + Spot (Ge)
ns-LA-SF-ICP-MS
Florida State University","Chernonozhkin et al. 2021
(Chem Geol 562)
Pallasite olivine
Raster mapping (2D)
ns-LA-SF-ICP-MS
Ghent University","Chernonozhkin et al. 2021
(Chem Geol 562)
Pallasite olivine
Line scan (Run 1: major) +
Spot (Run 2: trace)
[Multi-run]
ns-LA-SF-ICP-MS
Ghent University","Chernonozhkin et al. 2021
(Chem Geol 562)
Pallasite phosphate
Spot analysis
ns-LA-SF-ICP-MS
Ghent University","Mittlefehldt 2024
Appendix A
Pallasite olivine
Spot analysis
ns-LA-SF-ICP-MS
Johnson Space Center","Navarro et al. 2024
(ACS ESC 8)
Iron meteorites
Spot analysis
ns-LA-SF-ICP-MS
University of Campinas","Navarro et al. 2024
(ACS ESC 8)
Iron meteorites
Raster mapping (2D)
ns-LA-SF-ICP-MS
University of Campinas"
1. Procedure Identification,,,,,,,,,,N,N,N,N,,,,,,,
Procedure Name,"A short descriptive name for this analytical procedure, including a version number. Should identify the instrument, the technique, and the scope of what is measured — target species, material, or feature.",Basic,Read-Only,Text (free),"e.g., 'LA-ICP-MS Trace Elements Silicate Glass v1.2' | 'fs-LA-ICP-MS Major and Trace Elements Sulfide v1'",Source: Core module,2026-09-01,(none),,Y,Y,Y,,Zhang et al. (2022) Iron Meteorite LA-ICP-MS v1,Chernonozhkin et al. (2021) Pallasite Olivine 2D Mapping v1,Chernonozhkin et al. (2021) Pallasite Olivine Multi-run Spot/Transect v1,Chernonozhkin et al. (2021) Pallasite Phosphate Spot v1,Mittlefehldt (2024) Pallasite Olivine Spot v1,Navarro et al. (2024) Iron Meteorite Spot v1,Navarro et al. (2024) Iron Meteorite Raster Mapping v1
Technique,Top-level analytical technique identifier.,Basic,Read-Only,Controlled list,LA-SF-ICP-MS,Source: Core module,2026-08-30,(none),,Y,Y,Y,,LA-SF-ICP-MS,LA-SF-ICP-MS,LA-SF-ICP-MS,LA-SF-ICP-MS,LA-SF-ICP-MS,LA-SF-ICP-MS,LA-SF-ICP-MS
Procedure Author,Person(s) or laboratory responsible for developing and registering this procedure. ORCID recommended for individuals.,Basic,Read-Only,Text (free),"e.g., 'J. Smith (ORCID: 0000-0001-2345-6789)' | 'Isotope Geochemistry Lab, University of X'",Source: Core module,2026-08-08,(none),,Y,Y,Y,,"Zhang, Chabot, Rubin, Humayun et al.","Chernonozhkin, Pittarello, Goderis, Vanhaecke et al.","Chernonozhkin, Pittarello, Goderis, Vanhaecke et al.","Chernonozhkin, Pittarello, Goderis, Vanhaecke et al.",Mittlefehldt,"Navarro, Enzweiler, Crósta et al.","Navarro, Enzweiler, Crósta et al."
Laboratory,Name of the laboratory or institution hosting the instrument.,Basic,Editable,Text (free),"e.g., 'Geo-/Cosmochemistry Lab, University of Cologne'",Source: Core module,2026-05-06,(none),,Y,Y,Y,,"Plasma Analytical Facility, Florida State University, Tallahassee FL, USA","Dept. of Chemistry, Atomic & Mass Spectrometry, Ghent University, Belgium","Dept. of Chemistry, Atomic & Mass Spectrometry, Ghent University, Belgium","Dept. of Chemistry, Atomic & Mass Spectrometry, Ghent University, Belgium","ICP-MS Laboratory, NASA Johnson Space Center, Houston TX, USA","Isotope Geology Laboratory, University of Campinas (UNICAMP), Brazil","Isotope Geology Laboratory, University of Campinas (UNICAMP), Brazil"
Laboratory ID,"Persistent identifier for the laboratory (e.g., ROR ID).",Advanced,Editable,URI / DOI,ROR ID or equivalent URI (https://ror.org/),Source: Core module,2026-08-08,(none),,Y,Y,Y,,N,N,N,N,N,N,N
Procedure Start Date,First date this procedure configuration was used in production.,Basic,Read-Only,Date,"YYYY-MM-DD, e.g., 2022-04-22",Source: Core module,2026-07-24,(none),,Y,Y,Y,,N,N,N,N,N,N,N
Funding Source for Procedure Development,"Grants and other funding sources that supported instrument acquisition, major upgrades, procedure development, and associated personnel time. Include grant numbers and funding agencies where applicable.",Advanced,Read-Only,Text (free),"e.g., 'NSF EAR-2142500; DFG INST 216/1019-1 FUGG no. 665508' | 'None'",Source: Core module,2026-07-24,(none),,Y,Y,Y,,N,"N — the BELSPO, FWO, BOF-UGent and Humboldt support is for the study as a whole and is recorded under Funding Source for Analysis","N — the BELSPO, FWO, BOF-UGent and Humboldt support is for the study as a whole and is recorded under Funding Source for Analysis","N — the BELSPO, FWO, BOF-UGent and Humboldt support is for the study as a whole and is recorded under Funding Source for Analysis",N,N — the acknowledgements name CNPq grant 316191/2021-3 (J.E.) and support for a conference presentation; neither is for procedure development,N — the acknowledgements name CNPq grant 316191/2021-3 (J.E.) and support for a conference presentation; neither is for procedure development
Procedure Reference(s),"DOI or URL for peer-reviewed publications or technical reports describing, validating, or benchmarking this procedure.",Advanced,Read-Only,URI / DOI,"e.g., doi:10.1016/j.oregeorev.2011.11.001",Source: Core module,2026-07-24,(none),,Y,Y,Y,,"Zhang et al. (2022) GCA 323, 202–219; Humayun (2012) for standardization",Chernonozhkin et al. (2021) Chem. Geol. 562; Liu et al. (2008) for IS method,Chernonozhkin et al. (2021) Chem. Geol. 562; Liu et al. (2008) for IS method,Chernonozhkin et al. (2021) Chem. Geol. 562; Liu et al. (2008) for IS method,Mittlefehldt (2024) GCA; Lee (Rice University) Excel data reduction spreadsheet,"Navarro et al. (2024) ACS Earth Space Chem. 8, 281; Longerich et al. (1996)","Navarro et al. (2024) ACS Earth Space Chem. 8, 281; Longerich et al. (1996)"
Procedure DOI,"DOI or unique persistent identifier for the registered procedure used in this analysis, generated upon procedure submission to a data repository. If a DOI has been applied for but not yet minted, enter ""pending"".",N/A,Basic,URI / DOI,"e.g., http://doi.org/10.60520/IEDA/114187 | pending",Source: Core module,2026-08-25,(none),Encourages formal procedure registration and ensures traceability.,Y,Y,Y,,N,N,N,N,N,N,N
Session Identifier,"Identifier for the analytical session this record describes — the laboratory's own run, sequence or batch identifier as generated by the instrument or acquisition software. Distinct from any persistent identifier a repository mints on submission.",N/A,Basic,Text (free),,Source: Core module,2026-08-25,(none),"The analysis record corresponds to one session, which may cover several samples, and this is the link back to the raw instrument files.",Y,Y,Y,,,,,,,,
Analyst,Name(s) of the analyst(s) who performed the analysis session. ORCID is recommended for persistent identification.,N/A,Basic,Text (free),"e.g., 'J. Smith (ORCID: 0000-0001-2345-6789)'",Source: Core module,2026-08-25,(none),,Y,Y,Y,,N,N,N,N,N,N,N
Analysis Start Date,"Date on which the analytical session began. For sessions spanning multiple days, use the date of the first session. Format: YYYY-MM-DD.",N/A,Basic,Date,"YYYY-MM-DD, e.g., 2022-04-22",Source: Core module,2026-08-25,(none),,Y,Y,Y,,N,N,N,N,N,N,N
Analysis End Date,Date on which the analytical session ended. May equal Analysis Start Date for single-day sessions. Format: YYYY-MM-DD.,N/A,Basic,Date,"YYYY-MM-DD, e.g., 2022-04-22",Source: Core module,2026-08-25,(none),,Y,Y,Y,,N,N,N,N,N,N,N
Funding Source for Analysis,"Grants and other funding sources that supported the specific sample analyses and data collection reported here. Include grant numbers and funding agencies. Distinct from procedure development funding, which may have been awarded years earlier.",N/A,Basic,Text (free),"e.g., 'NASA 80NSSC21K0153; DFG WE 2850/5-1' | 'None'",Source: Core module,2026-08-25,(none),,Y,Y,Y,,"NASA Grants 80NSSC19K1238 (BZ), 80NSSC19K1613 (NLC), 80NSSC18K0595 (MH), NNX17AE77G (AER); NSF Cooperative Agreement DMR-1644779 and State of Florida [Acknowledgements]",Planet Topers (BELSPO); FWO; Alexander von Humboldt Foundation; FWO/BOF-UGent,Planet Topers (BELSPO); FWO; Alexander von Humboldt Foundation; FWO/BOF-UGent,Planet Topers (BELSPO); FWO; Alexander von Humboldt Foundation; FWO/BOF-UGent,N — no funding section in this appendix document; funding would be in the parent paper which was not assessed,M.S.N.: Educorp (Unicamp) and International Association of Geoanalysts for Geoanalysis 2022 presentation; J.E.: CNPq grant 316191/2021-3,M.S.N.: Educorp (Unicamp) and International Association of Geoanalysts; J.E.: CNPq grant 316191/2021-3
Coupled Technique(s),"Other analytical techniques applied to the same sample(s) whose results are intended to be interpreted together with data from this procedure. Document coupling with any technique whose results are functionally linked to this dataset — providing calibration inputs, complementary spatial context, or required companion measurements. Name the instrument, laboratory or purpose alongside each technique where known, and join multiple techniques with '; '. Enter ""None"" if no coupling is intended.",Advanced,Editable,Text (free),"e.g., 'EPMA (Brown University CAMECA SX-100)' | 'FIB-SEM (Crossbeam 540) for 3D tomography; EDS for mineral analysis' | 'NanoSIMS; STXM; Raman' | 'None' | 'N/A'",Source: Core module,2026-08-31,(none),,Y,Y,Y,,EPMA (Brown University CAMECA SX-100),N,N,N,N,N,N
Coupling Description,"Description of how this procedure is coupled with the technique(s) listed above. Include: (1) the functional relationship — what data or context flows between techniques, or how results are combined (e.g. which output from the coupled technique serves as input to data reduction for this technique); and (2) the analytical sequence — which technique is performed first and why (e.g. non-destructive before destructive). Required when Coupled Technique(s) is not ""None"".",Advanced,Editable,Text (free),"e.g., 'EPMA provides major element concentrations (SiO₂ as internal standard) used in LA-ICP-MS data reduction; EPMA performed first because LA-ICP-MS ablation is destructive' | 'SIMS isotope ratios cross-validated against LA-ICP-MS; SIMS performed first due to shallower beam penetration'",Source: Core module,2026-08-25,(none),,Y,Y,Y,,"Quantitative analysis, mixed WDS/EDS element mapping, and characterization of mineral phases from NWA 1911 and Zinder [Section 2.5]",N,N,N,N,N,N
Coupled Procedure DOI,"Registered procedure DOI for the coupled technique named above. If the coupled procedure has not yet been registered, enter the DOI of a publication describing the coupled method, or ""pending"". Enter ""None"" if no coupling is planned.",N/A,Advanced,URI / DOI,"e.g., 'http://doi.org/10.60520/IEDA/114187' | pending | None",Source: Core module,2026-08-25,(none),"Provides a stable, citable link to the companion method independent of whether a dataset has been deposited.",Y,Y,Y,,N,N,N,N,N,N,N
Coupled Dataset or Publication Reference,"DOI or other persistent identifier for the co-registered dataset or publication where both datasets are reported together. Accepts: a dedicated dataset DOI (if separately deposited), a shared dataset DOI (if co-submitted in the same package), or a publication DOI. Use ""same submission"" if the coupled dataset is included in this data package, or ""pending"" if not yet assigned. If coupling is documented through a shared sample identifier only, that information is already captured in Sample Persistent Identifier (Group 2).",N/A,Advanced,URI / DOI / Text,"e.g., 'doi:10.26022/IEDA/112969' | same submission | pending | None",Source: Core module,2026-08-25,(none),,Y,Y,Y,,N,N,N,N,N,N,N
,,,,,,,,,,,,,,,,,,,,
2. Samples,,,,,,,,,,N,N,N,N,,,,,,,
Target Material,General description of the material type(s) this procedure is designed to analyse.,Basic,Read-Only,Controlled list / Text,Silicate mineral | Silicate glass | Oxide | Sulfide | Carbonate | Phosphate | Metal or alloy | Fluid inclusion | Melt inclusion | Whole rock | N/A | None,Source: Core module,2026-09-28,defines: target material,"Used for discoverability and procedure matching, and because the material type constrains sample preparation, calibration and matrix-matching requirements.",Y,Y,Y,,Iron meteorite metal (kamacite + taenite); pyroxene-bearing pallasite metal,"Pallasite olivine ([Mg,Fe]₂SiO₄)","Pallasite olivine ([Mg,Fe]₂SiO₄)","stanfieldite; merrillite — Ca-phosphate grains: stanfieldite in Brahin and CMS 04071, merrillite in Esquel and Seymchan (§2.1, §3.4); farringtonite was ruled out","Pallasite olivine ([Mg,Fe]₂SiO₄)",Iron meteorite metal (kamacite + taenite),Iron meteorite metal (kamacite + plessite)
Sample Name,"Name or identifier of each sample analysed in this session, as used in the laboratory — a sample mount, section or aliquot counts as one entry where that is what the laboratory tracks. Should match the identifier used in associated publications or data tables.",N/A,Basic,Text (free),"e.g., 'NWA 10597 ol-1' | 'Imilac PMG section 3 grain 2'",Source: Core module,2026-08-25,defines: sample,The analysis record corresponds to one session and may cover several samples.,Y,Y,Y,,N,N,N,N,N,N,N
Sampling Unit Type,"The kind of physical subdivision of the sample to which one row of reported values corresponds — the unit that is analysed and reported, as distinct from the sample as a whole. Where units nest (e.g. confined tracks within grains), state both levels. The units themselves are listed in Sampling Unit Name.",Basic,Read-Only,Controlled list / Text,Whole sample | Aliquot | Grain | Spot | Analysis point | Phase | Sub-volume | Region of interest | N/A | None,Source: Core module,2026-09-15,(none),,Y,Y,Y,,"Whole sample (polished specimen surface) > Region of interest (raster) — irons ""were analyzed using a raster scan over a few millimeters"" with a 50 μm beam, and compositions are reported as ""raster averages"" per specimen (Table 3, pp.4–5); Ge comes from a set of five 150 μm spots on five of the irons (p.4)","Grain (individual olivine crystal) > Region of interest (2D map) — ""2D trace element mapping of olivine crystals"" (p.1); the reported dataset is ""seven 2D element maps of PMG olivine crystals"", filtered and median-smoothed before analysis (p.6)","Grain (individual olivine crystal) > Region of interest (line scan) — ""a second line-scan was completed on top of the first one, using a laser spot of 130 μm diameter ... and a translation speed of 10 μm s−1"" (p.3)","Grain (phosphate crystal) > Spot — compositions are reported per named phosphate grain (""Ph1"" … ""Ph4"", with ""stanf"" or ""merr""), each an average of numbered ""single parallel measurement"" spots (Table 2, p.10)","Grain (olivine grain fragment) > Spot — ""The laser was run in spot mode with a 75 µm spot size"" (p.5); results are reported as average analyses per sample, and individual spots carry labels such as ""laser spot 059-Pa-1"" (p.8). Line scans across grain fragments were also run (p.3)","Whole sample (polished ~1 cm fragment) > Spot — ""fragments about 1 cm were mounted in epoxy resin, polished, and cleaned with ultrapure water"" (p.3); the reported quantity is the meteorite's bulk composition for chemical classification (Table 1, p.2)","Region of interest > Phase — ""elemental mapping, conducted within regions featuring diverse phases of the Augusto Pestana meteorite"" (p.1); the map is read for the phases it resolves, ""even without prior knowledge regarding natural structural variations"" (p.1)"
Sampling Unit Name,"The name or label of each sampling unit analysed in this session, as the laboratory records it, together with the sample it belongs to — e.g. a spot number, a grain label, a map or region-of-interest name, or an aliquot identifier. Where units are too numerous to name individually, such as map pixels or reconstructed voxels, name the acquisition area they belong to instead.",N/A,Basic,Text (free),"e.g., NWA 8657-1: spots 1–24 | Zircon mount ZM-3: grains Z1–Z30 | Core 73001: map areas A1–A5 | Bennu aggregate OREX-803015-100: aliquot for Ti",Source: Core module,2026-09-15,defines: sample > sampling unit,"Gives every field keyed by sampling unit a row to attach its values to, and ties each unit to the sample it belongs to; without it those fields collapse to one value per session.",Y,Y,Y,,"Labelled by specimen within each meteorite: ""Cerro del Inca (museum number USNM 7062), Clark County (USNM 1304-a), Fitzwater Pass (CML 0413-6), Klamath Falls (USNM 7008-a and AMNH 4926-psl), Moonbi (USNM 1457-a), Nelson County (USNM 674-b), Oakley (iron) (USNM 780-d), and St. Genevieve County (USNM 454-a)"", plus a mount of Zinder and a thin section of NWA 1911 (p.4). Individual spots and lines ""are shown in Appendix 4"" (p.6), not in the archived PDF","Sample name only — ""Springwater, ... Brenham, Brahin and Seymchan, and ... Imilac, Cumulus Peak 04071, Esquel and Fukang"" (p.2); maps and line scans are not given labels of their own in the paper","Sample name only — ""Springwater, ... Brenham, Brahin and Seymchan, and ... Imilac, Cumulus Peak 04071, Esquel and Fukang"" (p.2); maps and line scans are not given labels of their own in the paper","Labelled: phosphate grains per pallasite, ""Ph1"", ""Ph2"", ""Ph3"", ""Ph4"" with mineral (""stanf"", ""merr""), and each ""single parallel measurement"" numbered (Table 2, p.10) — for Brahin, CMS 04071, Esquel and Seymchan","Labelled: samples within each pallasite, e.g. ""Ac-1"", ""Ad-1"", ""Ah-1"", ""Ah-2"", ""Ah-3"", ""Al-1"", ""Br-1"" (Table S1, p.14); laser spots carry labels such as ""laser spot 059-Pa-1"" (p.8)","Sample name only — iron meteorites by name (Table 1, p.2), each analysed as ""fragments about 1 cm"" (p.3); spots and mapped areas are counted (""points 176"", p.12), not labelled","Sample name only — iron meteorites by name (Table 1, p.2), each analysed as ""fragments about 1 cm"" (p.3); spots and mapped areas are counted (""points 176"", p.12), not labelled"
Sample Persistent Identifier,"Globally unique, persistent identifier for each sample listed in Sample Name. IGSN (International Geo Sample Number) is the recommended standard for geological and cosmochemical samples, as used by Astromat, EarthChem and SESAR. Where a sample and its sub-samples are separately registered, record the identifier at the level actually analysed.",N/A,Advanced,URI / IGSN,"e.g., IGSN: IEDA-100001 (https://www.igsn.org/) | Smithsonian NMNH catalog number",Source: Core module,2026-09-15,sample,,Y,Y,Y,,N,N,N,N,N,N,N
Fusion Flux and Dilution Ratio,"For procedures using fused glass, the flux type and sample:flux dilution ratio used to prepare the analytical glass.",Advanced,Editable,Text (free),"e.g., 'Li-tetraborate, 1:2 (sample:flux)' | 'Li-metaborate/tetraborate 50:50, 1:5' | 'Not applicable (in situ)'",Source: Laser Ablation module,2026-08-27,(none),,Y,Y,Y,,N/A,N/A,N/A,N/A,N/A,N/A,N/A
Sample Preparation Method,"The form in which the sample is presented to the instrument, and the preparation that brought it to that form — for example mounting, sectioning, polishing, coating, crushing, fusion, or extraction of an electron-transparent section. Record 'None' where the material is analysed as received.",Basic,Editable,Controlled list / Text,Polished thin section | Polished thick section | Polished block or epoxy mount | Grain mount | Fused bead | Pressed powder pellet | Nano-particulate pressed pellet | Experimental capsule section | Etched or chemically treated surface | N/A | None,Source: Core module,2026-09-30,sample,,Y,Y,Y,,Polished slabs of the irons; a mount of Zinder and a section of NWA 1911 for the pallasites (§2.1); no acid treatment is described for the LA-ICP-MS specimens,Flat polished thick sections (§2.1),Flat polished thick sections (§2.1),Flat polished thick sections (§2.1),"Olivine grain fragments repeatedly washed in dilute HCl and triply distilled H₂O, hand-picked, polished grain mounts","Fragments ~1 cm mounted in epoxy resin, polished, cleaned with ultrapure water",Same Augusto Pestana fragment etched with Nital solution (2% v/v HNO₃ in ethanol) to reveal kamacite and plessite
Pre-Ablation Surface Treatment,"Procedure applied immediately before each analysis to remove surface contamination or condition the sample surface. Distinct from general sample preparation. For spot analysis, pre-ablation pulses are discarded before signal acquisition begins. For mapping, this step is typically omitted.",Advanced,Editable,Text (free),"e.g., '10 pre-ablation pulses discarded before acquisition (50 µm, 10 Hz, 2 J cm⁻²)' | '150 µm square spot, 2 J cm⁻², 20 Hz, 300 µm s⁻¹ pre-ablation pass (Chernonozhkin et al. 2021)' | 'None'",Source: Laser Ablation module,2026-08-27,(none),In mapping the large area ablated averages out surface effects.,Y,Y,Y,,N,N,"Pre-ablation before each analysis: 2 J/cm², 20 Hz, 150 µm square-masked spot, 300 µm/s — 'to avoid bias in the trace element concentrations due to re-deposition of ablated sample material after previous analyses' (§2.2.3)",N,N — grains imaged by SEM to locate inclusion-free regions,N,N
Sampling Unit Selection Criteria,"The rules governing which sampling unit(s) within a sample are selected for analysis, and why. Covers the criteria applied when choosing grains, aliquots, spots, or a region of interest — size, morphology, clarity, freedom from inclusions or alteration, phase identity, or spatial position. Distinct from Target Material, which states the material type the procedure is designed for, and from Sampling Unit, which names the kind of subdivision one row of reported values corresponds to: this field states how, within such a sample, the unit actually analysed is picked out.",Basic,Editable,Text (free),,Source: Sampling Unit Selection module,2026-09-01,(none),,Y,Y,Y,,"Representativeness of the exsolution banding — the raster ""yielded more representative sampling of the kamacite-taenite banding"", and where it ""failed to yield useful Ge abundances for Klamath Falls ... To obtain more precise Ge, a set of five 150 μm spots were analyzed ... on five of the irons"" (p.4)","Position relative to the metal-olivine rim, sited on a prior μXRF survey — ""The locations for LA-ICP-MS mapping were selected to be close to the metal-olivine rims of large olivine crystals with the laser beam rastering from the olivine rim in the direction of the olivine core"", at locations ""indicated on the larger μXRF maps as black rectangles"" (p.4)","Position relative to the metal-olivine rim — the line scans run ""from the olivine rim in the direction of the olivine core"" on large olivine crystals sited from the μXRF maps (p.4); the surface is pre-ablated before each analysis (p.3)","Mineral identity, from the μXRF survey — phosphates are located as ""thin elongate inclusions in the kamacite-taenite metal matrix (e.g., μXRF map of Imilac at Fig. 1)"", the identification resting ""on the intensities of the Kα lines of the constituent major elements (Fe, Mg, Ni, Cr, S, Ca and P)"" (p.4)","Freedom from inclusions, checked by SEM beforehand — the grains were ""low in inclusions, [but] were not devoid of them"", so ""The grains were first imaged using a scanning electron microscope (SEM) to locate regions for analysis. Regions containing surface inclusions were avoided for analysis"" (p.5)","Phase targeting, as the stated alternative to rastering — ""depending on the specific objectives, spot sampling at specific phases may also fulfill the analytical requirements"", against the problem that irons have an ""inherent natural inhomogeneity, a result of their lamellar exsolution patterns"" (p.2)","Representativeness, and phase diversity — ""the approach of rastering large areas may improve representative sampling compared with spot analysis"" (p.2), and the mapping is ""conducted within regions featuring diverse phases of the Augusto Pestana meteorite"" (p.1)"
Pre-Analysis Imaging and Screening,"Imaging or other characterisation performed before the measurement in order to select or locate the sampling unit to be analysed, including the technique, instrument and settings used, and how individual analyses are linked back to the images. Distinct from any imaging the procedure performs as its own measurement. Where the imaging is performed on a separate instrument, it should also be recorded in the Group 1 coupling fields.",Advanced,Editable,Text (free),,Source: Sampling Unit Selection module,2026-09-01,sample,,Y,Y,Y,,"Electron-microprobe mapping, for the pallasites only — ""Quantitative analysis, mixed WDS/EDS element mapping, and characterization of the mineral phases from NWA 1911 and Zinder were performed"" on the Bruker instrument, producing Si, Al, Cr, Fe, Mg, Ca, Na, P and Ni maps ""along with backscattered electron (BSE) maps"" at 6 μm per pixel (pp.5–6); for the irons the paper states only that the rasters were ""taken on polished surfaces"" (p.5)","μXRF mapping of larger sections, on which the ablation is sited — Fe Kα intensity maps identify the mineral phases ""based on the intensities of the Kα lines of the constituent major elements (Fe, Mg, Ni, Cr, S, Ca and P)"", and the LA-ICP-MS areas correspond ""to the locations indicated on the larger μXRF maps as black rectangles"" (p.4). The instrument is a Bruker M4 Tornado with a Rh-anode source at 50 kV and 150 μA, focused to ""a 25 μm spot (measured for Mo Kα)"" (p.3)","μXRF mapping of larger sections, on which the ablation is sited — Fe Kα intensity maps identify the mineral phases ""based on the intensities of the Kα lines of the constituent major elements (Fe, Mg, Ni, Cr, S, Ca and P)"", and the LA-ICP-MS areas correspond ""to the locations indicated on the larger μXRF maps as black rectangles"" (p.4). The instrument is a Bruker M4 Tornado with a Rh-anode source at 50 kV and 150 μA, focused to ""a 25 μm spot (measured for Mo Kα)"" (p.3)","μXRF mapping of larger sections, on which the ablation is sited — Fe Kα intensity maps identify the mineral phases ""based on the intensities of the Kα lines of the constituent major elements (Fe, Mg, Ni, Cr, S, Ca and P)"", and the LA-ICP-MS areas correspond ""to the locations indicated on the larger μXRF maps as black rectangles"" (p.4). The instrument is a Bruker M4 Tornado with a Rh-anode source at 50 kV and 150 μA, focused to ""a 25 μm spot (measured for Mo Kα)"" (p.3)","SEM imaging of the grain mounts, used to place the spots — ""The grains were first imaged using a scanning electron microscope (SEM) to locate regions for analysis. Regions containing surface inclusions were avoided for analysis"" (p.5); the grains are the same mounts already used for EMPA (p.5)","N — the preparation is stated without an imaging step: ""Before analyses, fragments about 1 cm were mounted in epoxy resin, polished, and cleaned with ultrapure water"" (p.3). The meteorites' structural classes were known beforehand (Table 1, p.2) but no screening of this material is described","Chemical etching to reveal the phases before mapping — ""For the mapping experiment, the polished surface of the Augusto Pestana sample was etched with freshly prepared Nital solution (2% v/v HNO3 ... in 99.5% absolute ethanol) to reveal the presence of different phases (in this case, kamacite and plessite)"" (p.3). Not imaging, but the screening step that sites the map"
,,,,,,,,,,,,,,,,,,,,
3. Instrument & Software,,,,,,,,,,N,N,N,N,,,,,,,
Laser Manufacturer & Model,Manufacturer and model of the laser ablation system.,Basic,Read-Only,Text (free),"e.g., 'ESI/NWR imageGEO193' | 'Coherent GeoLas HD' | 'Teledyne Target Species Excite 193' | 'Teledyne Target Species G2'",Source: Laser Ablation module,2026-09-01,(none),,Y,Y,Y,,ElectroScientific Instruments New Wave UP193FX — §2.2,Teledyne CETAC Technologies Analyte G2 (193 nm ArF excimer),Teledyne CETAC Technologies Analyte G2 (193 nm ArF excimer),Teledyne CETAC Technologies Analyte G2 (193 nm ArF excimer),New Wave UP-193 solid state laser — §3.3,Excite 193 (Teledyne) — Table 2,Excite 193 (Teledyne) — Table 2
Instrument Manufacturer,"Manufacturer of the instrument that performs the measurement, recorded as a controlled value. Where a procedure couples a sample-introduction system to an analysing instrument, this records the analysing instrument. Instrument Model gives the specific designation.",Basic,Read-Only,Controlled list,Thermo Fisher Scientific | Agilent | PerkinElmer | Nu Instruments | Analytik Jena | Shimadzu | Unknown | N/A | None,Source: Core module,2026-08-30,(none),Recording it as a controlled value lets procedures be found by vendor.,Y,Y,Y,,,,,,,,
Instrument Model,"Model designation of the instrument that performs the measurement, including any generation or configuration suffix. Conventionally written with the manufacturer name included; Instrument Manufacturer records the vendor separately, as a controlled value, so that procedures remain findable by vendor.",Basic,Read-Only,Text (free),"e.g., 'Thermo Scientific iCAP TQ' | 'Agilent 7900' | 'Thermo Scientific Element XR' | 'TOFWERK icpTOF'",Source: Core module,2026-08-25,(none),,Y,Y,Y,,Thermo Fisher Scientific Element XR (SF-ICP-MS),Thermo Fisher Scientific Element XR (SF-ICP-MS),Thermo Fisher Scientific Element XR (SF-ICP-MS),Thermo Fisher Scientific Element XR (SF-ICP-MS),Thermo Fisher Scientific Element XR (SF-ICP-MS),Thermo Fisher Scientific Element XR (SF-ICP-MS),Thermo Fisher Scientific Element XR (SF-ICP-MS)
ICP-MS Type,"Type of ICP-MS system - the mass analyser and, where the instrument has one, the collector configuration.",Basic,Read-Only,Controlled list,Single-collector sector-field (SF-ICP-MS) | N/A | None,Source: ICP-MS module,2026-08-30,(none),Determines available cell configurations and interference mitigation strategies.,Y,Y,Y,,N,"Double-focusing sector field ICP-MS (explicitly stated: ""Thermo Scientific Element XR double-focusing sector field ICP-MS unit"")",Double-focusing sector field ICP-MS (explicitly stated),Double-focusing sector field ICP-MS (explicitly stated),Magnetic-sector — 'magnetic-sector Thermo Fisher Element-XR ICP-MS' (§3.3),"Sector field (SF-ICP-MS) (explicitly stated: ""sector field inductively coupled plasma mass spectrometer"")",Sector field (SF-ICP-MS) (explicitly stated)
Instrument Serial Number or Lab Identifier,Serial number or laboratory-internal identifier for the specific instrument unit.,Advanced,Editable,Text (free),"e.g., 'Element XR S/N 1234' | 'Lab unit: Ghent-SF2'",Source: ICP-MS module,2026-08-25,(none),Supports traceability to instrument service records.,Y,Y,Y,,N,N,N,N,N,N,N
Interface Cone Configuration,Geometry and designation of the sampler and skimmer cones installed during analysis. State both cones.,Basic,Read-Only,Text (free),"e.g., 'Ni standard sample cone + Ni H-type skimmer' | 'Al standard sample cone + Al H-type skimmer (1.1 mm aperture)' | 'Pt sample cone + Pt skimmer'",Source: ICP-MS module,2026-08-27,(none),"Some instruments offer multiple skimmer cone geometries (standard, high-sensitivity) that differ in aperture size and affect ion transmission efficiency and matrix tolerance.",Y,Y,Y,,N,Al standard sample cone (1.1 mm aperture); Al H-type skimmer (0.8 mm aperture),Al standard sample cone (1.1 mm aperture); Al H-type skimmer (0.8 mm aperture),Al standard sample cone (1.1 mm aperture); Al H-type skimmer (0.8 mm aperture),N — parameters lost,Ni sampler cone; Ni skimmer cone,Ni sampler cone; Ni skimmer cone
Sampler and Skimmer Cone Material,Material composition of the sampler and skimmer cones. State both sampler and skimmer materials; a single statement is acceptable where they are identical.,Advanced,Read-Only,Controlled list / Text,Ni sampler and Ni skimmer | Pt sampler and Pt skimmer | Ni sampler and Pt skimmer | Al sampler and Al skimmer | N/A | None,Source: ICP-MS module,2026-08-31,(none),"Cone material affects sensitivity, matrix tolerance, and long-term stability.",Y,Y,Y,,,,,,,,
Torch Depth,"Distance between the load coil and the sampling cone tip (mm), also called injector depth or torch position depending on the instrument manufacturer.",Advanced,Editable,Text (free),5 mm; Standard position (manufacturer default; not explicitly reported),Source: ICP-MS module,2026-08-25,(none),"Affects ion transmission efficiency, oxide formation, and doubly-charged species production.",Y,Y,Y,,,,,,,,
Torch Type,"Type of plasma torch installed (e.g. standard quartz, high-matrix, low-flow).",Advanced,Read-Only,Text (free),Standard quartz | High-matrix (low-flow) | Low-volume | N/A | None,Source: ICP-MS module,2026-08-30,(none),Injector inner diameter (typically 1.5–2.5 mm) affects aerosol transport efficiency and plasma conditions in LA-ICP-MS.,Y,Y,Y,,N,N,N,N,N,N,N
Guard Electrode,"Whether a guard electrode - also called a grounded shield electrode, extraction lens, or Fassel torch shield - is installed and active on the torch assembly.",Basic,Read-Only,Controlled list,On | Off | Not installed | N/A | None,Source: ICP-MS module,2026-08-30,(none),"Capacitively decouples the plasma from the load coil, reducing secondary discharge and improving ion extraction efficiency.",Y,Y,Y,,N,N,N,N,N,On (active),On (active)
Mass Resolution Setting,"Operating mass resolution of the mass analyser. Where the analyser permits selection, state the mode; where individual target species are assigned to different modes, state each.",Basic,Editable,Controlled list / Text,"Unit resolution (quadrupole, fixed) | Low resolution (LR) | Medium resolution (MR) | High resolution (HR) | Multiple modes assigned per target species | N/A | None",Source: ICP-MS module,2026-09-01,(none),"The analyst selects low, medium, or high resolution to balance sensitivity against spectral interference suppression.",Y,Y,Y,,Low resolution (M/ΔM ≈ 400),Low (M/ΔM = 300) — §2.2.2,run 1: medium (M/ΔM = 4000); run 2: low (M/ΔM = 300) — §2.2.3,Low resolution (M/ΔM = 300),Medium (m/Δm of 4000) — §3.3,Low resolution (M/ΔM = 300),Low resolution (M/ΔM = 300)
Detector Configuration,"Type(s) of detector(s) installed in the mass spectrometer and the detection mode(s) used: pulse counting, analog and, on some sector-field instruments, Faraday. The cross-calibration between detector modes is recorded in Pulse/Analog Detector Nonlinearity Correction (Group 5).",Basic,Read-Only,Controlled list / Text,"Single SEM, pulse counting only | Single SEM, dual mode (pulse counting + analog) | Single SEM, triple mode (pulse counting + analog + Faraday) | N/A | None",Source: single-collector ICP-MS module,2026-09-11,(none),"Single-collector instruments use one detector, usually a secondary electron multiplier run in pulse-counting and analog modes; some sector-field instruments (e.g., Thermo Element XR) add a Faraday cup for the highest signals.",Y,Y,Y,,Triple mode detection at 65% duty cycle — 'triple mode detection at 65% duty cycle' (§2.2),Triple — Table B1 'Detection mode',Triple — Table B1 'Detection mode',Triple — Table B1 'Detection mode',N — parameters lost,Triple mode — Table 2 'detector range'; 'performed in low-resolution and triple mode detection',Triple mode — Table 2 'detector range'; 'performed in low-resolution and triple mode detection'
Laser Wavelength and Type,Wavelength and type of the laser used for ablation in nanometres.,Basic,Read-Only,Text (free),"e.g., '193 nm ArF excimer' | '213 nm Nd:YAG frequency-quintupled' | '257 nm Yb:KGW femtosecond' | '1030 nm Yb:KGW IR femtosecond'",Source: Laser Ablation module,2026-08-27,(none),,Y,Y,Y,,N,193 nm ArF* excimer — §2.2.2,193 nm ArF* excimer — §2.2.2,193 nm ArF* excimer — §2.2.2,193 nm solid-state (New Wave UP-193),193 nm ArF excimer; pulse duration 4 ns,193 nm ArF excimer; pulse duration 4 ns
Acquisition Software,"Instrument control, automation and data acquisition software used to collect the raw data, including version number. Distinct from Data Processing Software(s), which covers everything applied to the data after acquisition.",Basic,Editable,Text (free),"e.g., 'Thermo Qtegra 2.10.3324' | 'Agilent MassHunter Workstation 4.6' | 'Thermo PlasmaLab 2.5.4'",Source: Core module,2026-08-26,(none),,Y,Y,Y,,N,N,N,N,N,N,N
Data Processing Software(s),"All software applied to the data after acquisition in order to produce the reported quantities, including version numbers. List every package used. Distinct from Acquisition Software, which controls the instrument and collects the raw data.",Basic,Editable,Text (free),"e.g., 'Iolite 4.7 (Paton et al. 2011)' | 'GLITTER 4.4' | 'SILLS 1.1.5 (Guillong et al. 2008)' | 'LAtools' | 'In-house MatLab script'",Source: Core module,2026-08-26,(none),,Y,Y,Y,,"N — paper only states ""standardization techniques followed those of Humayun (2012)""; no software named",In-house MatLab script (Appendix C1),In-house MatLab script (Appendix C2),In-house MatLab script (Appendix C3),Excel spreadsheets developed by C.-T. A. Lee (Rice University),iolite 4.5.7 with 3D Trace Elements DRS,iolite 4.5.7 with 3D Trace Elements DRS
Ablation Cell Type,"Type, design origin, and internal volume of the ablation cell.",Basic,Read-Only,Text (free),"e.g., 'Two-volume HelEx II (Müller et al. 2009)' | 'HDIP low-dispersion tube-type cell' | 'Single-volume standard cell' | 'ARIS (Aerosol Rapid Introduction System)'",Source: Laser Ablation module,2026-08-27,(none),Cell volume is a primary determinant of aerosol washout time and therefore the achievable time resolution of the data.,Y,Y,Y,,N,HELEX II two-volume ablation cell,HELEX II two-volume ablation cell,HELEX II two-volume ablation cell,N — standard cell; parameters lost,HelEx II two-volume sample cell,HelEx II two-volume sample cell
Sample Introduction,"Configuration by which the ablated aerosol is delivered to the plasma, including tubing, any signal-homogenising device, and any co-aspirated solution introduced alongside the aerosol — for example a Tl solution used for instrumental mass bias correction, or an isotopic spike used for isotope dilution. Distinct from the carrier and make-up gas fields, which record gas identity and flow rather than what else enters the plasma.",Basic,Read-Only,Text (free),"e.g., 'Squid signal homogeniser, 2 m PTFE tubing, no co-aspiration' | 'Dry plasma; Tl solution co-aspirated via desolvating nebuliser for mass bias correction'",Source: Laser Ablation module,2026-08-27,(none),,Y,Y,Y,,,,,,,,
,,,,,,,,,,,,,,,,,,,,
4. Measurement Information,,,,,,,2026-08-26,,,N,N,N,N,,,,,,,
Analytical Mode,Primary analytical mode(s) executed under this procedure. Records one value for a single-mode procedure and all applicable modes for a multi-mode one. Applies even where a procedure defines no mode flag columns.,Basic,Read-Only,Controlled list,Spot | Transect | Mapping,Source: Core module,2026-09-09,(none),"Serves as the procedure-level declaration of measurement type, distinct from the mode flag columns, which state per-field applicability. Ensures every procedure record is self-describing and comparable across the library.",Y,Y,Y,,,,,,,,
Laser Spot Geometry,"Shape and dimensions of the laser ablation spot in micrometres registered by the procedure. For circular spots, report diameter; for square or rectangular spots, report width × length.",Basic,Editable,Text (free),"e.g., '25 µm circular' | '20×20 µm square' | '15 or 25 µm circular (phase-dependent)'",Source: Laser Ablation module,2026-09-08,acquisition pass,,Y,Y,Y,,raster: 50 µm beam spot; Ge spots: 150 µm — §2.2,all: 20 µm × 20 µm square-masked — §2.2.2,run 1: 30 µm diameter circular-masked; run 2: 130 µm diameter — §2.2.3,all: 110 µm diameter circular-masked — §2.2.4,all: 75 µm spot size — §3.3,all: 150 µm — Table 2 'spot diameter',all: 150 µm² square spot — as written: 'targeting a 150 μm2 square spot'
Spot Diameter (Measured),"Diameter of the laser spot as independently measured on the sample or on a test material, distinct from the nominal value the procedure registers.",N/A,Basic,Numeric (µm),"e.g., '32.4' | 'nominal 35, measured 33.1 +/- 0.8 (n = 12 pits, white-light profilometry)'",Source: Laser Ablation module,2026-08-27,(none),Measured companion to Laser Spot Geometry: nominal and delivered spot size can differ appreciably with optics condition and focus.,Y,Y,Y,,,,,,,,
Laser Spot Path / Ablation Mode,Sampling mode or ablation pattern used during analysis.,Basic,Read-Only,Controlled list,Spot (stationary) | Transect (continuous line scan) | Raster area (2D elemental mapping) | Stepped line profile | N/A | None,Source: Laser Ablation module,2026-09-08,acquisition pass,,Y,Y,Y,,raster: raster scan over a few millimeters; Ge spots: spot — §2.2,"all: grid of parallel, adjacent lines — §2.2.2; the grid runs 'from the metal-olivine margin to the olivine cores'","run 1: line scan, 400 µm; run 2: line scan on top of run 1, 400 µm — 'a second line-scan was completed on top of the first one' (§2.2.3)",all: single spot ablation — §2.2.4,all: spot mode — 'The laser was run in spot mode' (§3.3),all: spot — Experimental section,all: scanning (elemental mapping) — Experimental section
Laser Energy,Laser pulse energy in millijoules as set at the laser output or measured at the sample surface. Report only when the system displays energy directly. Laser fluence (J cm⁻²) is the preferred quantity and is captured in Laser Fluence (Energy Density).,Advanced,Editable,Numeric (mJ),"e.g., 0.001 mJ | 3.5 mJ",Source: Laser Ablation module,2026-08-27,(none),Less commonly reported than fluence because it does not account for spot area.,Y,Y,Y,,N,N,N,N,N,N,N
Laser Fluence (Energy Density),"Laser pulse energy per unit area at the sample surface in J cm⁻², as registered by the procedure. If the system reports only as % of maximum output, include that value and note the system maximum where known.",Basic,Editable,Numeric (J cm⁻²),"e.g., '3.5 J cm⁻²' | '7 J cm⁻²' | '60% output (PHAROS system, max ~15 J cm⁻²)'",Source: Laser Ablation module,2026-08-27,(none),"Fluence is the physically meaningful quantity controlling ablation rate, crater morphology, elemental fractionation, and particle size distribution.",Y,Y,Y,,N,5–7 J cm⁻²,4.72 J/cm² (both runs) — §2.2.3,3.5 J cm⁻²,N — parameters lost,7 J cm⁻²,7 J cm⁻²
Laser Beam Energy Profile,"Spatial energy distribution of the laser beam at the sample surface, and whether a beam homogenizer is installed.",Advanced,Read-Only,Controlled list,Flat-top (top-hat) — beam homogenizer installed | Gaussian — no beam homogenizer | N/A | None,Source: Laser Ablation module,2026-08-30,(none),A flat-top (top-hat) profile produces more uniform ablation craters and more reproducible crater morphology than a Gaussian beam.,Y,Y,Y,,N,Flat-topped — 'The laser beam is characterized by a flat-topped energy profile' (§2.2.2),N,N,N,N,N
Laser Repetition Rate,Laser pulse repetition rate in hertz registered by the procedure.,Basic,Editable,Numeric (Hz),"e.g., 5 | 10 | 20 | 100",Source: Laser Ablation module,2026-09-08,acquisition pass,"For mapping methods, repetition rate together with scan speed and spot size determines pixel size and spatial resolution.",Y,Y,Y,,raster: 50 Hz; Ge spots: 50 Hz — §2.2,all: 20 Hz,run 1: 20 Hz; run 2: 40 Hz,all: 20 Hz,N — parameters lost,all: 10 Hz,all: 10 Hz
Laser Pulse Duration,"Duration of each individual laser pulse, including units.",Basic,Read-Only,Text (free),"e.g., '4 ns (ArF excimer)' | '20 ns' | '290 fs (Yb:KGW)' | '220 fs (Ti:sapphire)'",Source: Laser Ablation module,2026-08-27,(none),Pulse duration determines the ablation regime: nanosecond (ns) pulses involve significant thermal effects and elemental fractionation; femtosecond (fs) pulses are non-thermal and substantially reduce elemental fractionation and matrix effects.,Y,Y,Y,,N,4 ns — Table B1; §2.2.2 says '<5 ns',4 ns — Table B1; §2.2.2 says '<5 ns',4 ns — Table B1; §2.2.2 says '<5 ns',N — parameters lost,4 ns — Table 2,4 ns — Table 2
Ablation Duration per Spot,"Total on-sample ablation (signal acquisition) time per individual spot in seconds, as set in the acquisition method. For transect analysis, the equivalent procedure-level parameter is scan speed (captured in Transect Rate, Mapping Rate or Step Size). For mapping analysis, total acquisition time is sample-area-dependent and is not captured here.",Basic,Editable,Numeric (s),"e.g., 40 s | 60 s | 90 s",Source: Laser Ablation module,2026-08-27,(none),"For spot analysis, reflects the deliberate trade-off between signal accumulation (longer = lower LOD), sample consumption, and session throughput.",Y,N,N,,20 s for the Ge spots — 'analyzed at 50 Hz for 20 s' (§2.2); the raster duration is not stated,N/A — mapping mode,"50 s of sample ablation per 400 µm line, both runs — Table B1",20 s spot ablation (plus 10 s washout); 25 cycles acquisition,N — parameters lost,"40 s — '20 s of blank measurement (laser-firing with the shutter closed), followed by 40 s of sample ablation'",N/A — mapping mode
Ablation Pit Depth and Ablation Rate,"Depth of the ablation pit produced under the registered laser conditions, the method used to measure it, and the resulting per-pulse ablation rate. For transect and mapping the equivalent quantity is trench depth under the same conditions.",Basic,Editable,Text (free),"e.g., 'Pit depth 18 um after 300 pulses (white-light profilometry); 60 nm/pulse' | 'Trench depth 4 um at 5 um/s scan speed'",Source: Laser Ablation module,2026-08-27,(none),Sets the achievable depth resolution and governs downhole elemental fractionation.,Y,Y,Y,,,,,,,,
"Transect Rate, Mapping Rate or Step Size","For continuous line scan (transect) and raster mapping: the stage translation speed in µm s⁻¹. For mapping, the mapping rate (mm² h⁻¹) may be reported as an alternative when scan speed is session-variable. For stepped line profiles: the distance between successive spot positions in µm.",Advanced,Editable,Text (free),"e.g., '5 µm s⁻¹ (transect)' | '9 µm s⁻¹ (raster mapping, 20×20 µm spot, 20 Hz)' | '20 µm step size' | '0.3–30 mm² h⁻¹ (mapping rate range)'",Source: Laser Ablation module,2026-09-08,acquisition pass,"Together with spot size and repetition rate, determines spatial resolution along the scan direction.",N,Y,Y,,raster: 10 µm/s; Ge spots: N/A — 'scanned at 10 µm/s' (§2.2),all: 9 µm/s — translation speed (§2.2.2),run 1: 10 µm/s; run 2: 10 µm/s,N/A — spot mode,N/A — spot mode,N/A — spot mode,all: 10 µm/s — 'scanning at a speed of 10 μm s−1'
Raster Line Spacing (Mapping Only),"Distance between adjacent raster lines in a 2D elemental map, measured perpendicular to the scan direction, in micrometres. Applies to raster mapping only.",Basic,Editable,Text (free),"20 µm (contiguous, equal to spot size) | 15 µm pitch with 5 µm gap between lines | N/A (spot or line-scan mode)",Source: Laser Ablation module,2026-08-27,(none),"Together with spot size, this determines whether adjacent lines are contiguous (line spacing = spot size), overlapping (line spacing < spot size), or have gaps (line spacing > spot size).",N,N,Y,,N,"Adjacent lines — 'a grid of parallel, adjacent lines using a 20 µm × 20 µm square-masked laser spot' (§2.2.2)",N/A — line scan + spot; not 2D mapping,N/A — spot mode,N/A — spot mode,N/A — spot mode,N
Carrier Gas and Flow Rate,"Gas used to transport ablated aerosol from the ablation cell to the ICP-MS torch, with the procedure-registered target flow rate(s). Adjustment during tuning stays within ±10% of the target.",Basic,Editable,Text (free),"e.g., 'He, 0.75 l min⁻¹' | 'He: MFC-1 (cell) 0.60 l min⁻¹ + MFC-2 (cup) 0.35 l min⁻¹'",Source: Laser Ablation module,2026-08-27,(none),Helium is standard for most UV laser systems due to superior aerosol transport.,Y,Y,Y,,N,He: MFC-1 (cell) 0.200–0.260 l min⁻¹; MFC-2 (cup) 0.220–0.385 l min⁻¹,He: MFC-1 0.19 l min⁻¹; MFC-2 0.22 l min⁻¹,He: MFC-1 0.270 l min⁻¹; MFC-2 0.250 l min⁻¹,N — parameters lost,He: 0.6 l min⁻¹ (MFC 1) + 0.7 l min⁻¹ (MFC 2) in HelEx II cell; combined with Ar makeup via T-piece near torch,He: 0.6 l min⁻¹ (MFC 1) + 0.7 l min⁻¹ (MFC 2) in HelEx II cell
Make-up Gas and Flow Rate,"Supplementary gas added to the sample-carrying stream between the sample introduction system and the plasma, with its identity and the procedure-registered target flow rate. Record any small nitrogen or hydrogen addition with its own flow, whose unit commonly differs from the make-up flow. Record 'None' explicitly where no supplementary gas is added, to distinguish it from not reported.",Advanced,Editable,Numeric (L/min) / Text,"e.g., 'Ar make-up gas, 0.95 l min⁻¹' | 'Ar make-up 0.80 l min⁻¹ + N₂ 2 ml min⁻¹ (sensitivity enhancement)' | 'None (no N₂ added)'",Source: ICP-MS module,2026-08-26,(none),"Argon make-up is standard and maintains total gas delivery where the carrier flow alone is insufficient — downstream of an ablation cell, or of a desolvation system that has removed solvent load. Small nitrogen or hydrogen additions enhance sensitivity for some elements.",Y,Y,Y,,N,"Ar, 0.81–0.99 L/min — Table B1; 'No N2 was blent into ICP to avoid elevated nitrogen-based spectral interferences'","Ar, 0.947 L/min (both runs) — Table B1; no N2 added",Ar make-up: 0.96 l min⁻¹; N₂ not added,N — parameters lost,"Ar makeup gas, combined via a T-piece near the torch; Table 2 lists a nebulizer gas flow rate of 1.1 L/min — Table 2","Ar makeup gas, combined via a T-piece near the torch; Table 2 lists a nebulizer gas flow rate of 1.1 L/min — Table 2"
Coolant (Plasma) Gas Flow Rate,"Flow rate of the outer (coolant/plasma) argon gas stream that sustains the ICP plasma, in L/min.",Basic,Editable,Numeric (L/min),"e.g., 14 L/min | 15 L/min",Source: ICP-MS module,2026-08-31,(none),Determines plasma volume and stability.,Y,Y,Y,,N,"Ar, 15 L/min — Table B1","Ar, 15 L/min — Table B1","Ar, 15 L/min — Table B1",N,16 L/min — Table 2 'plasma gas flow rate',16 L/min — Table 2 'plasma gas flow rate'
Auxiliary Gas Flow Rate,"Flow rate of the intermediate (auxiliary) argon gas stream, between the torch body and the injector tube, which positions the plasma relative to the load coil, in L/min. Distinct from the outer coolant (plasma) gas and from the gas stream that carries sample into the plasma.",Basic,Editable,Numeric (L/min),"e.g., 0.8 L/min | 1.0 L/min | 1.2 L/min",Source: ICP-MS module,2026-08-31,(none),Affects ion extraction efficiency and oxide production rates.,Y,Y,Y,,N,"Ar, 0.81 L/min — Table B1","Ar, 0.90 L/min — Table B1","Ar, 0.85 L/min — Table B1",N,0.9 L/min — Table 2,0.9 L/min — Table 2
RF Power,"Radiofrequency forward power applied to the ICP, in watts.",Basic,Editable,Numeric (W),"e.g., 800 W | 1200 W | 1350 W | 1550 W",Source: ICP-MS module,2026-08-26,(none),"Affects plasma temperature, ionisation efficiency, oxide formation, and whether cool or normal plasma conditions are in effect.",Y,Y,Y,,N,"800 W — cool plasma (§2.2.2, Table B1)",1000 W (run 1 major elements + run 2 trace elements),1000 W,N — parameters lost,1200 W,1200 W
Plasma Thermal Mode,"Whether the ICP plasma is operated under cool plasma (<=900 W RF) or normal (hot) plasma (>1000 W RF) conditions, with the RF power that defines it. This field records the RF-POWER axis only. Solvent loading also affects plasma thermal state, but dry versus wet aerosol is recorded by Desolvation System — do not answer this field with 'dry plasma' or 'wet plasma'. Document independently of the RF Power field.",Basic,Read-Only,Controlled list / Text,Normal plasma (>1000 W RF) | Cool plasma (≤900 W RF) | N/A | None,Source: ICP-MS module,2026-09-29,acquisition pass,"Cool plasma substantially reduces argide-based polyatomic interferences (e.g., ⁴⁰Ar on ⁴⁰Ca, ⁴⁰Ar⁴⁰Ar on ⁸⁰Se). A fundamental method design choice that determines which interference corrections are necessary.",Y,Y,Y,,N,all: cool plasma (800 W RF) — 'Cool plasma conditions (800 W RF power) were used to reduce Ar-based interferences and to increase the sensitivity of the analysis' (§2.2.2),N — RF power 1000 W for both runs (Table B1); only the mapping is described as cool plasma,N — RF power 1000 W (Table B1),N,N,N
Signal Smoothing,"Description of any signal smoothing device or approach installed between the ablation cell and the ICP-MS to reduce pulse-to-pulse signal variability. For mapping analyses, report ""None"" explicitly.",Advanced,Editable,Text (free),"e.g., 'Squid 2.0 (laurin technik)' | 'ARIS (Aerosol Rapid Introduction System)' | 'None'",Source: Laser Ablation module,2026-08-27,(none),"Note: active signal smoothing devices (e.g., squid, SCFAST) are generally incompatible with high-resolution raster mapping because they degrade spatial resolution by mixing aerosol from successive laser shots.",Y,Y,Y,,N,N,N,N,N — parameters lost,N,N
ICP Tuning,"Description of the approach used to optimise ICP plasma conditions prior to analysis, including the reference material used for tuning and the acceptance criteria (e.g., oxide production threshold, sensitivity targets, mass calibration).",Advanced,Editable,Text (free),"e.g., 'Daily auto-tune on NIST SRM 612; optimised for max sensitivity on ¹³⁹La and ²³²Th with ThO⁺/Th⁺ <0.5% and U/Th = 1.0 ± 0.05'",Source: ICP-MS module,2026-08-26,(none),,Y,Y,Y,,N,N — oxide-based interferences 'were further minimized during tuning' (App. C4); no tuning procedure is described,N,N,N — parameters lost,"ICP-MS and laser settings optimised daily 'to achieve the compromise between optimum signal intensity and low oxide formation, as specified by the factory'; mass calibration and detector cross-calibration 'systematically checked and redone if required' — Experimental section","ICP-MS and laser settings optimised daily 'to achieve the compromise between optimum signal intensity and low oxide formation, as specified by the factory'; mass calibration and detector cross-calibration 'systematically checked and redone if required' — Experimental section"
Instrument Sensitivity,"Instrument sensitivity achieved in the session, with the isotope or monitored property it was measured on and the conditions it applies to. May be expressed either as detected signal per unit concentration or per unit mass of target species delivered — counts per second per ppb, volts per ppm, counts per picogram — or as useful yield, the percentage of sampled atoms ultimately detected as ions, with the method used to derive it cited. A sensitivity the procedure requires before analyses may begin belongs with the tuning acceptance criteria.",N/A,Advanced,Numeric + unit / Text,"e.g., '0.42% useful yield (method of Horstwood et al. 2016)' | '0.1% useful yield' | '1.2 x 10^6 cps/ppb' | 'N/A'",Source: ICP-MS module,2026-09-29,monitored property,"Useful yield is the more comparable of the two wherever the amount of material consumed varies between procedures, as it does with spot size, fluence and repetition rate.",Y,Y,Y,,,,,,,,
Oxide Production Method and Threshold,"Method used to quantify plasma oxide production and the acceptance threshold applied before commencing analysis. Record both the monitored mass ratio(s) and the maximum allowed threshold(s). Measured values are recorded in Oxide Production. The monitored ratio is procedure-dependent: ThO+/Th+ (m/z 248/232), UO+/U+ (254/238), CeO+/Ce+ (156/140) and BaO+/Ba+ are all in use.",Basic,Read-Only,Text (free),"e.g., 'ThO⁺/Th⁺ (248/232) <0.5%' | 'ThO⁺/Th⁺ <0.3%; UO⁺/U⁺ monitored at 0.95–1.05' | 'CeO⁺/Ce⁺ <1.0%'",Source: ICP-MS module,2026-08-26,(none),,Y,Y,Y,,N,N,N,N,N — parameters lost,N,N
Oxide Production,"Measured oxide production ratio obtained during session-start tuning, for the proxy specified in Oxide Production Method and Threshold. Record the measured value and confirm whether the procedure threshold was met.",N/A,Basic,Text (free),"e.g., 'ThO⁺/Th⁺ = 0.3% (threshold <0.5% met)' | 'ThO⁺/Th⁺ = 0.08%' | 'CeO⁺/Ce⁺ = 0.7% (threshold <1.0% met)'",Source: ICP-MS module,2026-08-26,(none),,Y,Y,Y,,N,N,N,N,N,N,N
Doubly-Charged Species Monitor,The mass ratio monitored to estimate doubly-charged ion (M²⁺) formation during instrument tuning. The monitor species and the mass positions monitored should be stated explicitly. Analogous to Oxide Production Method and Threshold for oxide monitoring.,Advanced,Editable,Text (free),¹³⁸Ba²⁺/¹³⁸Ba⁺ (m/z 69/138); Ce²⁺/Ce⁺ (m/z 70/140); ²³⁸U²⁺/²³⁸U⁺ (m/z 119/238),Source: ICP-MS module,2026-09-11,(none),Doubly-charged ions appear at half the mass of the parent ion and can cause isobaric interferences on target species in that mass region.,Y,Y,Y,,,,,,,,
Doubly-Charged Species Production,Measured percentage of doubly-charged ion production for the monitored species at the time of instrument tuning. The acceptable threshold is typically <1% or <3%. Record both the threshold and the measured value.,Advanced,Editable,Text (free),"<1% (threshold); 0.4% (measured, ¹³⁸Ba²⁺/¹³⁸Ba⁺); N (not reported)",Source: ICP-MS module,2026-09-11,(none),Elevated doubly-charged production indicates incomplete ionization and potential interference on elements at approximately half the mass of abundant matrix components.,Y,Y,Y,,,,,,,,
Instrument Warm-up / Session Duration Limit,"Minimum warm-up time required after plasma ignition before analyses begin, and any maximum session duration enforced to maintain stable operating conditions.",Advanced,Read-Only,Text (free),"e.g., '≥30 min warm-up after sample change; sessions ≤8 h after tuning' | '3–4 h warm-up; no session duration limit'",Source: ICP-MS module,2026-08-26,(none),,Y,Y,Y,,N,N,N,N,N,N,N
Analysis Sequence,"The repeating order in which calibration or bracketing standards, quality-control and secondary reference materials, blanks and unknowns are interleaved within a measurement session. Adjustments must maintain the bracketing strategy defined in the procedure.",Basic,Editable,Text (free),"e.g., '1 primary std / 1 QC / 10 unknowns' | '2/4/15' | 'Calibration at start and end; unknowns in between'",Source: ICP-MS module,2026-08-27,(none),,Y,Y,Y,,N,N — the glasses were 'measured in the same analytical session' (§2.1); the sequence is not described,MPI-DING and USGS reference materials at the start and end of each analytical session; every analysis carried out 3 times — §2.2.3,MPI-DING and USGS glasses at the beginning and repeatedly at the end of each analytical session — App. C3,N — the Marjalahti control belongs to the EMPA work (§3.1),"3 × NIST SRM 612 and 3 × North Chile, then blocks of ten unknowns, each followed by 2 × NIST SRM 612 and 2 × North Chile — Experimental section","1 min background, 3 × NIST SRM 612, 3 × North Chile, a 30 min measurement over the unknown area, then 3 × North Chile, 3 × NIST SRM 612 and background — Experimental section"
Target Species,"The chemical species this procedure is designed to determine, recorded at whatever resolution the chemistry is resolved — element(s) for this technique; valence species where a procedure resolves oxidation state; compounds where it resolves molecules. Isotopes are not target species: isotopes of an element are the same chemical species. The subset actually measured may be narrower than the registered suite where species were excluded due to interferences or scope reduction.",Basic,Editable,Text (free),"e.g., 'Major elements: Mg, Si, Ca, Fe; Trace elements: Sc, V, Cr ... U' | 'All REE: La-Lu'",Source: Target Species module,2026-09-01,defines: target species,,Y,Y,Y,,"P, V, Cr, Mn, Fe, Co, Ni, Cu, Ga, Ge, As, Mo, Ru, Rh, Pd, Sn, Sb, W, Re, Os, Ir, Pt, Au — the 23 elements whose peaks were acquired (§2.2)","Mg, Al, Si, P, Sc, V, Cr, Mn, Fe, Ni, Ga, La, Eu, Pt — the 14 nuclides of the mapping (§2.2.2)","Mg, Si, P, Ca, Cr, Mn, Fe, Li, Sc, V, Co, Ni, Cu, Zn, Y, Zr, Nb, Cs, Ba, La, Ce, Pr, Nd, Sm, Eu, Gd, Tb, Dy, Ho, Er, Tm, Yb, Lu, Hf, Ta, W, Re, Ir, Pt, Au, Th, U — run 1 measures Mg, Si, P, Ca, Cr, Mn, Fe; run 2 the 36 trace and minor elements (§2.2.3)","Na, Mg, Al, Si, P, K, Ca, Sc, Ti, V, Cr, Mn, Fe, Co, Ni, Cu, Zn, Rb, Sr, Y, Zr, Nb, Cs, Ba, La, Ce, Pr, Nd, Sm, Eu, Gd, Tb, Dy, Ho, Er, Tm, Yb, Lu, Hf, Ta, Pb, Th, U — 'The intensities of 43 nuclides were recorded' (§2.2.4)","Mg, Al, P, Ca, Sc, Ti, V, Cr, Co, Ni, Zn, Ga — the elements of the 19 nuclides measured (§3.3)","Cr, Fe, Co, Ni, Cu, Ga, Ge, As, Ru, Rh, Pd, W, Re, Os, Ir, Pt, Au — Table 2","Cr, Fe, Co, Ni, Cu, Ga, Ge, As, Ru, Rh, Pd, W, Re, Os, Ir, Pt, Au — Table 2"
Monitored Masses,"Specific masses monitored in this procedure, grouped by the target species element they serve where they serve one. Covers atomic isotopes and, where a reaction cell shifts an target species onto a different mass, the product mass actually measured. Includes interference-monitor and internal-standard masses, which serve no target species and so have no parent element. The target species list is given by the Target Species field and is never inferred from the element symbols appearing here.",Basic,Read-Only,Text (free),"e.g., ⁷Li | ²⁵Mg | ⁵⁶Fe | ²⁰⁸Pb | N/A | None",,2026-09-10,defines: monitored property per target species,,Y,Y,Y,,"³¹P → P; ⁵¹V → V; ⁵³Cr → Cr; ⁵⁵Mn → Mn; ⁵⁷Fe → Fe; ⁵⁹Co → Co; ⁶⁰Ni → Ni; ⁶³Cu → Cu; ⁷¹Ga → Ga; ⁷⁴Ge → Ge; ⁷⁵As → As; ⁹⁵Mo → Mo; ¹⁰²Ru → Ru; ¹⁰³Rh → Rh; ¹⁰⁶Pd → Pd; ¹²⁰Sn → Sn; ¹²¹Sb → Sb; ¹⁸²W → W; ¹⁸⁵Re → Re; ¹⁹⁰Os → Os; ¹⁹³Ir → Ir; ¹⁹⁵Pt → Pt; ¹⁹⁷Au → Au — 'were used to acquire the peaks 31P, 51V, ... and 197Au' (§2.2)",²⁵Mg → Mg; ²⁷Al → Al; ²⁹Si → Si; ³¹P → P; ⁴⁵Sc → Sc; ⁵¹V → V; ⁵³Cr → Cr; ⁵⁵Mn → Mn; ⁵⁷Fe → Fe; ⁶⁰Ni → Ni; ⁷¹Ga → Ga; ¹³⁹La → La; ¹⁵³Eu → Eu; ¹⁹⁵Pt → Pt — 'a total scan cycle time of 1.944 s for 14 nuclides' (§2.2.2),"²⁵Mg → Mg; ²⁹Si → Si; ³¹P → P; ⁴⁴Ca → Ca; ⁵³Cr → Cr; ⁵⁵Mn → Mn; ⁵⁷Fe → Fe; ⁷Li → Li; ⁴⁵Sc → Sc; ⁵¹V → V; ⁵⁹Co → Co; ⁶⁰Ni → Ni; ⁶³Cu → Cu; ⁶⁶Zn → Zn; ⁸⁹Y → Y; ⁹⁰Zr → Zr; ⁹³Nb → Nb; ¹³³Cs → Cs; ¹³⁷Ba → Ba; ¹³⁹La → La; ¹⁴⁰Ce → Ce; ¹⁴¹Pr → Pr; ¹⁴⁵Nd → Nd; ¹⁴⁷Sm → Sm; ¹⁵³Eu → Eu; ¹⁵⁸Gd → Gd; ¹⁵⁹Tb → Tb; ¹⁶⁴Dy → Dy; ¹⁶⁵Ho → Ho; ¹⁶⁰Er → Er; ¹⁶⁹Tm → Tm; ¹⁷⁴Yb → Yb; ¹⁷⁵Lu → Lu; ¹⁸⁰Hf → Hf; ¹⁸¹Ta → Ta; ¹⁸²W → W; ¹⁸⁵Re → Re; ¹⁹³Ir → Ir; ¹⁹⁵Pt → Pt; ¹⁹⁷Au → Au; ²³²Th → Th; ²³⁸U → U — run 1: '25Mg, 29Si, 31P, 44Ca, 53Cr, 55Mn and 57Fe'; run 2: 36 nuclides (§2.2.3), ⁵³Cr also in run 2 (Table B1)",²³Na → Na; ²⁵Mg → Mg; ²⁷Al → Al; ²⁹Si → Si; ³¹P → P; ³⁹K → K; ⁴⁴Ca → Ca; ⁴⁵Sc → Sc; ⁴⁷Ti → Ti; ⁵¹V → V; ⁵³Cr → Cr; ⁵⁵Mn → Mn; ⁵⁷Fe → Fe; ⁵⁹Co → Co; ⁶⁰Ni → Ni; ⁶³Cu → Cu; ⁶⁶Zn → Zn; ⁸⁵Rb → Rb; ⁸⁸Sr → Sr; ⁸⁹Y → Y; ⁹⁰Zr → Zr; ⁹³Nb → Nb; ¹³³Cs → Cs; ¹³⁷Ba → Ba; ¹³⁹La → La; ¹⁴⁰Ce → Ce; ¹⁴¹Pr → Pr; ¹⁴⁵Nd → Nd; ¹⁴⁷Sm → Sm; ¹⁵³Eu → Eu; ¹⁵⁸Gd → Gd; ¹⁵⁹Tb → Tb; ¹⁶⁴Dy → Dy; ¹⁶⁵Ho → Ho; ¹⁶⁰Er → Er; ¹⁶⁹Tm → Tm; ¹⁷⁴Yb → Yb; ¹⁷⁵Lu → Lu; ¹⁸⁰Hf → Hf; ¹⁸¹Ta → Ta; ²⁰⁸Pb → Pb; ²³²Th → Th; ²³⁸U → U — §2.2.4,"²⁵Mg → Mg; ²⁷Al → Al; ³¹P → P; ⁴³Ca → Ca; ⁴⁴Ca → Ca; ⁴⁵Sc → Sc; ⁴⁷Ti → Ti; ⁴⁹Ti → Ti; ⁵¹V → V; ⁵²Cr → Cr; ⁵³Cr → Cr; ⁵⁹Co → Co; ⁶⁰Ni → Ni; ⁶¹Ni → Ni; ⁶²Ni → Ni; ⁶⁴Zn → Zn; ⁶⁶Zn → Zn; ⁶⁹Ga → Ga; ⁷¹Ga → Ga — 'The nuclides measured were 25Mg, 27Al, 31P, 43Ca, 44Ca, 45Sc, 47Ti, 49Ti, 51V, 52Cr, 53Cr, 59Co, 60Ni, 61Ni, 62Ni, 64Zn, 66Zn, 69Ga and 71Ga' (§3.3)","⁵²Cr → Cr; ⁵⁷Fe → Fe; ⁵⁹Co → Co; ⁶¹Ni → Ni; ⁶⁵Cu → Cu; ⁶⁹Ga → Ga; ⁷²Ge → Ge; ⁷⁵As → As; ⁹⁹Ru → Ru; ¹⁰³Rh → Rh; ¹⁰⁵Pd → Pd; ¹⁸²W → W; ¹⁸⁵Re → Re; ¹⁸⁹Os → Os; ¹⁹³Ir → Ir; ¹⁹⁵Pt → Pt; ¹⁹⁷Au → Au — Table 2, with relative abundances; for Fe and Ni the lower-abundance isotopes 'allow their measurement in the analog mode'","⁵²Cr → Cr; ⁵⁷Fe → Fe; ⁵⁹Co → Co; ⁶¹Ni → Ni; ⁶⁵Cu → Cu; ⁶⁹Ga → Ga; ⁷²Ge → Ge; ⁷⁵As → As; ⁹⁹Ru → Ru; ¹⁰³Rh → Rh; ¹⁰⁵Pd → Pd; ¹⁸²W → W; ¹⁸⁵Re → Re; ¹⁸⁹Os → Os; ¹⁹³Ir → Ir; ¹⁹⁵Pt → Pt; ¹⁹⁷Au → Au — Table 2, with relative abundances; for Fe and Ni the lower-abundance isotopes 'allow their measurement in the analog mode'"
Reported Variables and Units,"The final variable(s) this procedure reports and their units — distinct from the fields recording what was *acquired* rather than what is reported. Record every reported variable, including intermediate quantities reported alongside final ones (e.g. both the 206Pb/238U ratio and the 206Pb/238U date). Where a reported variable is a nominal property with no magnitude (e.g. a mineral identification), record the variable and give the unit as 'N/A — nominal property'.",Basic,Read-Only,Text (free),"e.g., 'Element concentrations in ug/g; 2SE per target species' | '207Pb/206Pb, 206Pb/238U, 207Pb/235U (radiogenic, common-Pb corrected), absolute ratios with 2-sigma'",Source: Core module,2026-09-01,defines: reported property,A procedure may acquire many channels and report a small number of derived quantities; without this field a data consumer cannot tell which.,Y,Y,Y,,"P, Fe, Co, Ni (mg/g); V, Cr, Mn, Cu, Ga, Ge, As, Mo, Ru, Rh, Pd, Sn, Sb, W, Re, Os, Ir, Pt, Au (µg/g) — abundances in metal, Table 3 (raster averages) with spot averages in Appendix 2; 'Concentrations below detection limits are not shown'","Mg, Al, Si, P, Sc, V, Cr, Mn, Fe, Ni, Ga, La, Eu, Pt (concentration maps, µg/g); Fa#; principal-component scores — '2D concentration matrices of all target elements'; pure-olivine averages in Table E1","Mg, Si, P, Ca, Cr, Mn, Fe, Li, Sc, V, Co, Ni, Cu, Zn, Y, Zr, Nb, Cs, Ba, La, Ce, Pr, Nd, Sm, Eu, Gd, Tb, Dy, Ho, Er, Tm, Yb, Lu, Hf, Ta, W, Re, Ir, Pt, Au, Th, U (µg/g); Fa# — Table 1, 'the average from 3 replicate measurements'","Na, Mg, Al, Si, P, K, Ca, Sc, Ti, V, Cr, Mn, Fe, Co, Ni, Cu, Zn, Rb, Sr, Y, Zr, Nb, Cs, Ba, La, Ce, Pr, Nd, Sm, Eu, Gd, Tb, Dy, Ho, Er, Tm, Yb, Lu, Hf, Ta, Pb, Th, U (µg/g); phosphate mineral (nominal) — Table 2, each 'single parallel measurement' listed per grain","Mg, Al, P, Ca, Sc, Ti, V, Cr, Co, Ni, Zn, Ga (µg/g) — olivine trace element contents, individual data in Table L1, averages per sample split in Table L2 and per meteorite in Table L3 (§4)","Fe, Ni (g/100 g); Cr, Co, Cu, Ga, Ge, As, Ru, Rh, Pd, W, Re, Os, Ir, Pt, Au (µg/g); chemical classification (nominal) — Table 3 and Table 5","Fe, Ni (g/100 g); Cr, Co, Cu, Ga, Ge, As, Ru, Rh, Pd, W, Re, Os, Ir, Pt, Au (µg/g); chemical classification (nominal) — Table 3 and Table 5"
Mass Resolution Assignment,"Mass resolution mode used for acquisition. One target species may be acquired at more than one resolution, so the assignment is per acquired mass rather than per element. The overall mode(s) used in the procedure are recorded in Mass Resolution Setting (Group 3).",Basic,Read-Only,Text (free),"e.g., LR (m/Δm ≈ 300) | MR | HR | N/A | None",,2026-09-29,acquisition pass,The selected resolution determines which polyatomic interferences are physically resolved by the magnetic sector.,Y,Y,Y,,N,all: low resolution (M/ΔM = 300) — Table B1,run 1: medium resolution (M/ΔM = 4000); run 2: low resolution (M/ΔM = 300) — §2.2.3,N,all: medium resolution (m/Δm of 4000) — §3.3,all: low resolution (300) — Table 2,all: low resolution (300) — Table 2
E-scan Range,"Electric scan range used for peak acquisition, expressed as percentage of the centre mass (%). Record 'N/A' if E-scan acquisition mode is not used.",Advanced,Read-Only,Numeric (%),"e.g., 15% | 10% | N/A",,2026-08-31,(none),Varies the accelerating voltage to cover masses in the vicinity of the set magnetic mass without re-scanning the magnet.,Y,Y,Y,,N,N,N,N,N,N,N
Triple Scanning Mode,Whether each mass peak is scanned three times per cycle and the results averaged (Y/N). Record 'N/A' if not applicable to the instrument.,Advanced,Read-Only,Controlled list,Yes | No | N/A | None,,2026-08-30,(none),Used to reduce noise from short-term magnetic field instabilities on sector-field instruments. Triple scanning affects the effective integration time per cycle.,Y,Y,Y,,N,N,N,N,N,N,N
Ion Counter Dead Time,"Dead time of the ion-counting detector(s), used in the dead-time correction applied to high count rates. Distinct from pulse/analog cross-calibration, which relates the two detector modes rather than correcting counting losses within the pulse-counting mode.",Basic,Editable,Numeric (ns),"e.g., '23' | '23 ns (determined from NIST 612 at varying spot size, checked quarterly)'",,2026-09-10,(none),,Y,Y,Y,,,,,,,,
Dwell Time per Mass,"Count (dwell) time at the mass position, in milliseconds. Where the procedure defines it per sweep or per scan rather than per measurement, state that basis.",Basic,Editable,Numeric (ms) / Text,"e.g., 6 | 10 | 35",,2026-09-29,monitored property,"Longer dwell times improve counting statistics and lower detection limits but reduce the number of isotopes measurable within a given scan cycle time. For mapping, scan cycle time directly determines spatial resolution at a given scan speed: shorter cycle time = finer spatial resolution.",Y,Y,Y,,N,"all: 0.01 s sample time — 10 samples per peak, mass window 100%, duty cycle 1.944 s (Table B1); the scan method 'speed-optimized'","all: 0.01 s sample time — run 1: 18 samples per peak, duty cycle 2.069 s; run 2: 7 samples per peak, 2.062 s (Table B1)","all: 0.01 s sample time — 5 samples per peak, duty cycle 1.813 s, mass window 150% for ²³Na–⁴⁷Ti and 100% for the others (Table B1)",N — the files documenting the analysis parameters 'were lost' (§3.3),"all: 0.02 s sample time — E-scan, 100 samples per peak (Table 2)","all: 0.02 s sample time — E-scan, 100 samples per peak (Table 2)"
Total Integration Time per Output Data Point,"Total duty-cycle time for one complete mass-scan sweep — the sum of all per-isotope dwell times plus inter-mass settling times. Not recoverable from Dwell Time per Mass alone, because settling time is not captured there. Applies to sequential (quadrupole and single-collector sector-field) acquisition.",Basic,Editable,Numeric (s),"e.g., '0.284' | '0.31 s (24 masses, 10 ms dwell, 4 ms settling)'",,2026-08-27,(none),Sets the time resolution of the downhole signal.,Y,Y,N,,,,,,,,
Background Count Time,"Total time spent measuring gas blank (background signal with laser off or shutter closed) before each ablation event, in seconds. For spot and transect analysis, a discrete background interval is measured before each ablation. For mapping, background is typically measured once per raster line or at the start of a map session rather than before each individual pixel.",Basic,Editable,Numeric (s),"e.g., '30 s (spot/transect)' | '10 s per raster line (mapping)' | '25 s (one gas blank map per GRM at session start)'",Source: Laser Ablation module,2026-08-27,(none),,Y,Y,Y,,N,"10 gas-blank scans before each line, 80 during ablation — Table B1","5 gas-blank scans and 24 ablation scans per analysis, both runs; 10 s of blank per run — Table B1",8 gas blank scans; 11 ablation scans (25 cycles measurement: 15 s blank + 20 s ablation + 10 s washout),N — the analysis parameters were lost (§3.3),"20 s — laser firing with the shutter closed, before each ablation",1 min at the start and at the end of the mapping sequence — Experimental section
Inter-Pass Data Dependency,"Which earlier acquisition pass supplied inputs to this one, and what those inputs are — for example a concentration measured in one pass and used as the internal standard for a later pass on the same location. Records the dependency only; the settings of each pass are carried by the fields keyed by acquisition pass, and the passes themselves are enumerated by Acquisition Pass. Leave empty for a pass that consumes no earlier output. Not applicable to raster mapping, where each spatial location is visited exactly once.",Advanced,Read-Only,Text (free),"e.g., Run 1 (Cr concentration, used as the internal standard) | Pre-ablation pass (surface cleaning only)",Source: Laser Ablation module,2026-09-29,acquisition pass,,Y,Y,N,,"N — the Ge value combines both passes (Combination Method), but no pass uses another's data",N/A — a single pass,"run 1: N/A; run 2: normalised to the Cr concentration from run 1 — 'The Cr concentrations calculated from this run were then used for internal standardization to normalize the data of the second, trace element run' (§2.2.3)",N/A — a single pass,N/A — a single pass,N/A — a single pass,N/A — a single pass
Analysis Location/Spot Coordinates,"Location of the analysis on the sample surface. For spot and transect analysis: stage coordinates (X, Y in µm) or a description relative to a named reference feature (e.g., mineral rim, inclusion boundary). For mapping: coordinates of the map corner(s) or centre, plus map dimensions.",N/A,Basic,Text (free),"e.g., 'X = 12350 µm, Y = 8760 µm (stage coordinates)' | '500 µm from metal-olivine rim toward core' | 'Map centre: X=15000, Y=9000 µm; area: 1450×600 µm'",Source: Laser Ablation module,2026-08-27,sample > sampling unit,Enables spatial reconstruction and co-registration with other analytical images.,Y,Y,Y,,N,N,N,N,N,N,N
Number of Replicates,"Number of replicate measurements performed on the same sample, or on the same nominal location where the technique is spatially resolved. For spot analysis this is the number of individual spots per grain or location; for transects, the number of replicate lines; for mapping, the number of map acquisitions of the same area; for solution work, the number of discrete replicate measurements acquired per sample solution.",Advanced,Basic,Integer,"e.g., 3 (three replicate spots per grain) | 1 (single transect) | 1 (single map)",,2026-08-27,(none),,Y,Y,Y,,"N — 'a set of five 150 µm spots were analyzed ... on five of the irons, including both slabs of Klamath Falls' (§2.2)",N,"3 — 'Every analysis was carried out 3 times' (§2.2.3); Table B1 '400 µm lines, n = 3'",N — Table 2 lists each 'single parallel measurement' per grain; 'Parallel analyses of single phosphate grains are highly reproducible' (§3.4),N — variable number of spots per sample,20 spots in Arraias; n per meteorite in Table 3 — 'the mean value of 20 spot measurements in the Arraias meteorite',N
Transect Length,"Total length of the transect line analysed in micrometres. Scan speed is captured separately in Transect Rate, Mapping Rate or Step Size.",N/A,Basic,Numeric (µm),"e.g., 500 µm | 1200 µm | 3000 µm",Source: Laser Ablation module,2026-08-27,(none),Depends on the size of the feature of interest rather than being fixed in the procedure.,N,Y,N,,N/A,N/A,Line scan length: 400 µm (runs 1 and 2; 34 runs adjusted to measure 400 µm line + blank + washout),N/A,N/A,N/A,N/A
Mapping Area,"Total area covered by the 2D raster map, expressed as width × height in µm or as total area in µm² or mm². Scan speed, line spacing and spot size are fixed by the procedure; the map area covers the target feature.",N/A,Basic,Text (free),"e.g., '1450×600 µm (870,000 µm²)' | '200×200 µm' | '0.5 mm²'",Source: Laser Ablation module,2026-08-27,(none),The map area depends on the size of the grain or phase to be mapped.,N,N,Y,,"Raster over ""a few millimeters"" of polished iron slab surface (area not precisely stated)","Each map: 1450×600 µm = 870,000 µm²; total of 8 PMG olivines mapped",N/A — line scan + spot; not 2D raster,N/A,N/A,N/A,Augusto Pestana: 30 min mapping session (area not explicitly stated; 150 µm spot at 10 µm s⁻¹)
Acquisition Pass,"The acquisition passes the procedure is divided into, named and described so that fields keyed by acquisition pass can point at them. A pass is a sub-procedure: a distinct traversal of the measurement with its own configuration, run in sequence on the same material. State what distinguishes each pass — resolution mode, cup or cell configuration, plasma or introduction path, spot size — since that differs by technique. Identical repeats of one configuration are replicates, not passes, and belong in Number of Replicates.",Basic,Read-Only,Text (free),"e.g., 'Pass 1 (LR, M/dm 300); Pass 2 (MR, M/dm 4000)' | 'Pass 1 (KED, He, on-mass); Pass 2 (MS/MS, O2 mass-shift)' | 'Pre-ablation; Run 1 (major, MR, 30 um); Run 2 (trace, LR, 130 um)' | 'Single pass'",Source: ICP-MS module,2026-09-29,defines: acquisition pass,,Y,Y,Y,,"raster; Ge spots — 'Irons were analyzed using a raster scan over a few millimeters'; 'To obtain more precise Ge, a set of five 150 µm spots were analyzed at 50 Hz for 20 s on five of the irons' (§2.2)","map — a single pass: 'The laser scanned a grid of parallel, adjacent lines' (§2.2.2)","run 1 (major elements); run 2 (trace elements) — two line-scans on the same 400 µm line, each after pre-ablation; 'Every analysis was carried out 3 times' (§2.2.3)",spot — a single pass: 'All elements were measured during single spot ablation' (§2.2.4),,,
Number of Acquisition Passes,"Number of acquisition passes the procedure runs. A count of the passes enumerated in Acquisition Pass, recorded separately so multi-pass procedures are findable without parsing that field.",Basic,Read-Only,Integer,"e.g., 1 | 2 | 3",Source: ICP-MS module,2026-09-08,(none),,Y,Y,Y,,,,,,,,
,,,,,,,,,,,,,,,,,,,,
5. Data Processing,,,,,,,2026-08-26,,,N,N,N,N,,,,,,,
Internal Standard Approach,Method used to determine the internal standard (IS) concentration for each unknown sample.,Basic,Read-Only,Text (free),"e.g., 'Single element from EPMA (SiO₂ wt% used as IS)' | 'Sum-of-major-oxide normalization to 100% (Liu et al. 2008)' | 'Stoichiometry-derived (Ca fixed at 10.1 wt% for calcite)' | 'No IS — external calibration only'",Source: Laser Ablation module,2026-09-08,acquisition pass,Corrects for variable ablation yield between analyses.,Y,Y,Y,,N — 'Standardization techniques followed those of Humayun (2012)' (§2.2),"all: sum normalization of MgO, FeO, SiO2 and P2O5 to 100 wt% in each pixel (Liu et al., 2008) — the oxide sum is a 'virtual, evenly distributed IS' (App. C1, equations 1–2)","run 1: sum normalization of the oxides to 100 wt% (Liu et al., 2008); run 2: single element from run 1 — §2.2.3, App. C2","all: sum normalization of the element oxides to 100 wt% (Liu et al., 2008) — App. C3","all: single element, its concentration from EMPA — '25Mg was used as the indexing element for quantification with the EMPA data used as the standardizing values' (§3.3)","all: sum normalization, Fe + Ni + Co = 100% — 'In the final step, sum normalization was applied to the major constituents of iron meteorites, specifically Fe + Ni + Co = 100%. This ... eliminated the conventional practice of needing an internal standard'","all: sum normalization, Fe + Ni + Co = 100% — 'In the final step, sum normalization was applied to the major constituents of iron meteorites, specifically Fe + Ni + Co = 100%. This ... eliminated the conventional practice of needing an internal standard'"
Internal Standard Element,"Element(s) used as the internal standard, the monitored isotope, and how the internal-standard concentration was established for unknowns. Where the element serves isotope-ratio work it must have a known isotopic composition and a mass close to the target species's. Record 'None' together with the alternative used where no internal standard is applied.",Basic,Read-Only,Text (free),"e.g., '²⁹Si; SiO₂ wt% from EPMA' | '⁵³Cr; measured in preceding major-element run (run 1)' | 'None — sum of MgO+FeO+SiO₂+P₂O₅ = 100 wt% (Liu et al. 2008)' | For mapping procedures using oxide-sum normalization, report ""None (oxide-sum normalization)"" and cite the method reference.",Source: ICP-MS module,2026-09-08,acquisition pass,,Y,Y,Y,,N — not stated; standardization follows Humayun (2012),all: none — a virtual internal standard from the oxide sum (App. C1),run 1: none (oxide sum); run 2: Cr (concentration from run 1) — §2.2.3,all: none — oxide-sum normalisation (App. C3),all: Mg (²⁵Mg) — §3.3,all: none — Fe + Ni + Co sum normalisation,all: none — Fe + Ni + Co sum normalisation
Calibration Strategy per Target Species,"Approach used to convert measured ion signals to reported concentrations, and specifically any case where different target species or target species groups within one procedure are calibrated differently - different primary standards for different mass ranges or phases, or one element serving as internal standard while others are externally calibrated. Where a single strategy applies to all target species, record that strategy. Where the procedure reports isotope ratios only and no concentrations, record 'Not applicable (isotope ratios only)'.",Basic,Read-Only,Text (free),"e.g., External calibration | Isotope dilution | Isotope dilution (67Zn spike) | External calibration + standard addition | N/A | None",Source: ICP-MS module,2026-09-29,target species,,Y,Y,Y,,,,,,,,
Elemental Fractionation Correction,"Method used to correct for laser-induced elemental fractionation (LIEF), including downhole fractionation during prolonged ablation, matrix-dependent fractionation between sample and calibration standard, and any specific correction algorithm applied. Reference the software function or publication.",Basic,Read-Only,Text (free),"e.g., 'Normalised to NIST SRM 612; no additional downhole correction' | 'Exponential downhole fractionation correction in Iolite using NIST SRM 612' | 'Linear time-drift correction applied per analysis'",Source: Laser Ablation module,2026-09-08,acquisition pass,,Y,Y,Y,,N — 'Standardization techniques followed those of Humayun (2012)' (§2.2); the standards are under Primary Calibration Standard Name,N,N,N,N,N,N
Mass Bias Correction Strategy,"Strategy used to correct instrumental isotopic mass fractionation, also called mass bias or mass discrimination. Distinct from Elemental Fractionation Correction, which addresses inter-element fractionation during ablation and transport: this field addresses discrimination between isotopes of the same element, and applies wherever the procedure reports isotope ratios.",Basic,Read-Only,Text (free),"e.g., 'Standard-sample bracketing against NIST 612' | 'Co-aspirated Tl, exponential law' | 'None (elemental concentrations only)'",,2026-08-26,(none),,Y,Y,Y,,,,,,,,
Uncertainty Level,"The convention at which reported uncertainties are quoted — 1-sigma, 2-sigma, or a 95% confidence interval — and whether a measured spread is reported as a standard error or a standard deviation. State the convention applying to all values reported under this procedure, and state each separately where different reported quantities use different conventions. Distinct from Uncertainty Propagation Method, which addresses how component uncertainties are combined rather than how the result is quoted.",Basic,Read-Only,Controlled list / Text,2σ (95% confidence) | 1σ (68% confidence) | 95% confidence interval | 2 standard errors (2SE) | 1 standard deviation (1SD) | N/A | None,Source: ICP-MS module,2026-08-26,(none),A reported uncertainty is not interpretable without it: the same numeric value means different things at 1-sigma and at 95% confidence.,Y,Y,Y,,,,,,,,
Uncertainty Propagation Method,"The approach used to propagate analytical uncertainty through the data reduction chain to the final reported value. State which sources are included in the propagation: counting statistics, calibration standard uncertainty, internal standard uncertainty, drift correction, and any systematic contributions. Distinct from Uncertainty Level, which states the convention at which the resulting uncertainty is quoted.",Advanced,Editable,Text (free),"e.g., Counting statistics only (1σ on integrated signal, Longerich et al. 1996) | SD of n replicate analyses used as combined uncertainty estimate | Full propagation: counting + calibration standard + IS uncertainty (specify formula)",Source: ICP-MS module,2026-08-26,reported property,,Y,Y,Y,,N,N,N,N,N,N,N
Matrix Offset Correction (LIEF),Whether an empirical correction was applied to account for systematic differences in laser-induced elemental fractionation (LIEF) patterns between the external calibration standard and the sample matrix.,Advanced,Read-Only,Text (free),"e.g., 'Applied: 6.4% offset in Ca/Si determined by comparison with EPMA (Jenner & O'Neill 2012)' | 'Not applied; Ca used as IS to cancel LIEF offset' | 'Not applicable'",Source: Laser Ablation module,2026-08-27,(none),,Y,Y,Y,,N,N,N,N,N,N,N
Signal Integration Interval Method,"Method used to define which portion of the acquired signal is integrated for each reported measurement, and the rule for excluding unstable or anomalous portions. State whether the interval is the full acquisition, a stable sub-interval selected by inspection, or selected by an automated criterion, and name the criterion.",Basic,Read-Only,Controlled list / Text,Full acquisition | Stable interval selected by inspection | Automated threshold | Automated outlier rejection | Fixed time window | N/A | None,Source: ICP-MS module,2026-08-26,(none),,Y,Y,Y,,N,N,N,N,"Time steps with enhanced count rates from inclusions or heterogeneity excluded — 'Analysis time steps that had enhanced count rates due to inclusions or heterogeneity were excluded from the data reduction'; inclusions show as 'time steps with enhanced P, Ca, Co, Ni and/or Zn count rates' (§3.3)",N,N
Signal Integration Time,"The integration time actually used for the reported signal, in seconds - the time retained after the signal-integration interval has been applied, and therefore equal to or shorter than the total acquisition. Where the procedure computes it from an acquisition structure, record that basis.",N/A,Basic,Numeric (s),"e.g., 40 s | 60 s | Not applicable to mapping analysis: for mapping, the equivalent concept is the per-pixel cycle time, determined by the spectrometer dwell time settings.",Source: ICP-MS module,2026-08-26,(none),It is equal to or shorter than the Ablation Duration per Spot because the signal start and end transients are typically discarded.,Y,Y,N,,N — the Ge spots were ablated for 20 s (§2.2),N/A — mapping,N — 50 s of sample ablation per line (Table B1); the integration window is not stated,N — 20 s of spot ablation (§2.2.4),N — parameters lost,40 s (full ablation interval used; background subtracted separately),N/A — mapping
Spike / Outlier Filtering Approach,"Criteria used to identify and exclude anomalous data - signal spikes, individual cycles, or whole replicate measurements - before the reported value is calculated. State where in the reduction sequence the filter is applied.",Advanced,Editable,Text (free),"e.g., 'Significant single spikes visually identified and removed in Iolite' | 'Statistical filter: data points >3σ from running mean removed' | 'No filtering applied' | 'Automated spike detection in SILLS'",Source: ICP-MS module,2026-08-26,(none),,Y,Y,Y,,N,P-rich veinlet pixels masked: P2O5 above the best-fitting Gaussian of each map's P2O5 histogram plus 3 standard deviations — §3.1; 'A MATLAB script was applied to mask pixels representing veinlets',Surface-impurity spikes removed with a 3 sigma filter; results with significant spikes not included in Table 1; Pb and U not presented because of multiple spikes — §3.3,N,Time steps with enhanced count rates from inclusions or heterogeneity excluded from the data reduction — §3.3,N,N
Blank / Background Correction Method,"Method used to subtract background and, where relevant, procedural blank from the measured signal. State what is subtracted - instrument background acquired with no sample reaching the plasma, an on-peak zero acquired on the same matrix, or a separately measured procedural blank - over what interval it is measured, and at what granularity it is applied.",Basic,Read-Only,Controlled list / Text,Gas blank | On-peak zero | Solution blank | Procedural blank | On-peak zero + procedural blank | N/A | None,Source: ICP-MS module,2026-08-26,(none),,Y,Y,Y,,N,Gas blank before each string of pixels; the average background preceding each analysis subtracted — App. C5,Gas blank before each line analysis; the average background preceding each analysis subtracted — App. C5,Gas blank before each spot; the average background preceding each analysis subtracted — App. C5,N,"20 s blank before each spot, laser firing with the shutter closed; LODs calculated per acquisition in iolite 4 — Experimental section",1 min background at the start and end of the mapping sequence — Experimental section
Pulse/Analog Detector Nonlinearity Correction,"Whether a correction was applied for nonlinear detector response at the transition between pulse-counting and analog (and Faraday, for triple-mode instruments) detection modes. Cross-calibration factors between detector modes must be confirmed, typically measured each session. Record 'Applied' and describe the method, the detector modes involved and the target species affected; 'None' where a crossover exists on this instrument but no correction was made, giving the reason; and 'N/A' where the detector is pulse-counting only and no crossover exists.",Advanced,Editable,Controlled list / Text,Applied | N/A | None,Source: single-collector ICP-MS module,2026-09-11,acquisition pass,Accurate cross-calibration is critical for target species spanning a wide concentration range in the same session.,Y,Y,Y,,N — 'triple mode detection at 65% duty cycle' (§2.2); a cross-calibration is not described,N — 'Triple' detection (Table B1); a cross-calibration is not described,"N — 'Triple' detection (Table B1); at the 130 µm spot, major elements saturate the detector 'even when using the triple detection mode' (App. C2)",N — 'Triple' detection (Table B1),N — parameters lost,N — 'detector cross-calibration were systematically checked and redone if required'; Fe and Ni measured on low-abundance isotopes in analog mode,N — 'detector cross-calibration were systematically checked and redone if required'; Fe and Ni measured on low-abundance isotopes in analog mode
Spectral Interference Corrections Applied,"Whether mathematical corrections for isobaric, polyatomic or residual interferences are applied in data reduction, supplementary to any suppression already achieved by chemical separation, mass resolution, or a collision/reaction cell. Detail for each affected mass is carried by Interfering Species and Interference Correction Method.",Basic,Read-Only,Controlled list / Text,"e.g., 'Yes — ⁸⁷Rb on ⁸⁷Sr, corrected from the ⁸⁵Rb monitor' | 'Yes — doubly-charged Er and Yb on the Sr and Rb masses' | 'No explicit corrections applied; medium resolution resolves the polyatomic interferences' | N/A | None",Source: ICP-MS module,2026-08-27,(none),,Y,Y,Y,,N — the 150 µm Ge spots produced 'a sufficiently bright beam to resolve Ge from background argide interferences' (§2.2); no correction is described,"No mathematical correction — argide interferences reduced by cool plasma, oxide interferences 'less prevalent as a result of the dry plasma conditions and ... further minimized during tuning', and plasma-gas and atmospheric interferences 'corrected by background subtraction' (App. C4)",No mathematical correction — interferences present at all times are 'corrected by background subtraction'; others are partly accounted for by similar concentrations in the calibration standards (App. C4),N,N — the analysis parameters were lost (§3.3),"No mathematical correction; isotopes chosen to avoid interferences — 'the molecular species 40Ar61Ni interferes severely at mass 101 ... so a better choice is 99Ru, although it is interfered with by the species 40Ar59Co but much less intensely. All used isotopes (Table 2) were chosen based on the above criteria'","No mathematical correction; isotopes chosen to avoid interferences — 'the molecular species 40Ar61Ni interferes severely at mass 101 ... so a better choice is 99Ru, although it is interfered with by the species 40Ar59Co but much less intensely. All used isotopes (Table 2) were chosen based on the above criteria'"
Interfering Species,"The isobaric, polyatomic and doubly charged species that overlap the measured masses and are corrected in data reduction - direct isobars, oxides and argides, hydrides, and abundance-sensitivity tailing from an adjacent large beam. Name each species and the mass it affects.",Basic,Read-Only,Text (free),"e.g., '⁸⁷Rb' | '¹⁷⁰Yb²⁺' | '⁴⁰Ar³¹P⁺' | '⁴⁴Ca¹⁶O⁺' | '¹³⁷Ba¹⁶O⁺' | 'None'",Source: ICP-MS module,2026-09-29,monitored property,,Y,Y,Y,,"⁷⁴Ge: background argides; other: N — overcome by the brighter 150 µm Ge spots, not corrected (§2.2)","²⁵Mg: ¹²C¹³C⁺; ²⁷Al: ¹³C¹⁴N⁺; ²⁹Si: ¹³C¹⁶O⁺ and ¹⁴N¹⁵N⁺; ³¹P: ¹⁵N¹⁶O⁺ and ¹³C¹⁸O⁺; ⁴⁵Sc: ²⁹Si¹⁶O⁺; ⁵¹V: ³⁵Cl¹⁶O⁺ and ⁴⁰Ar¹¹B⁺; ⁵³Cr: ⁴⁰Ar¹³C⁺ and ³⁷Cl¹⁶O⁺; ⁵⁵Mn: ⁴⁰Ar¹⁵N⁺ and ³⁹K¹⁶O⁺; ⁵⁷Fe: ⁴⁰Ar¹⁶O¹H⁺ and ³⁹K¹⁸O⁺; ⁶⁰Ni: ⁴⁴Ca¹⁶O⁺ and ²⁴Mg³⁶Ar⁺; ⁷¹Ga: ³¹P⁴⁰Ar⁺, ⁵⁵Mn¹⁶O⁺ and ⁵³Cr¹⁸O⁺; ¹⁵³Eu: ¹³⁷Ba¹⁶O⁺; other: N — Table C1, a 'non-exhaustive list', which also lists doubly charged ions",N — Table C1 lists interferences on the mapping nuclides; none is listed for the line-scan runs,N,N,"⁹⁹Ru: ⁴⁰Ar⁵⁹Co, much less intensely than ⁴⁰Ar⁶¹Ni on ¹⁰¹Ru; other: N — polyatomic ions from Fe and Ni with plasma species are the main concern","⁹⁹Ru: ⁴⁰Ar⁵⁹Co, much less intensely than ⁴⁰Ar⁶¹Ni on ¹⁰¹Ru; other: N — polyatomic ions from Fe and Ni with plasma species are the main concern"
Interference Correction Method,"Equation or procedure used to calculate and remove each interference contribution, together with how its magnitude was established - a monitor mass measured simultaneously and scaled by natural abundance ratios, a production-rate factor measured on a reference material or interference standard solution, or a tailing factor measured on a pure standard. Name the reference material used.",Basic,Read-Only,Text (free),"e.g., 'Mathematical correction: ⁸⁷Sr_corrected = ⁸⁷Sr_measured − f(⁸⁷Rb/⁸⁵Rb) × ⁸⁵Rb' | 'Cool plasma (800 W) reduces ⁴⁰Ar-based argides by >90%' | 'KED mode (He collision gas 4 ml min⁻¹) suppresses polyatomic interferences'",Source: ICP-MS module,2026-09-29,monitored property,,Y,Y,Y,,"N — the argide interference on Ge was avoided with a brighter beam, not corrected","⁶⁰Ni, ⁷¹Ga: argide interferences reduced by cool plasma conditions; other: N — 'argide-based interferences were reduced by the application of cool plasma conditions (e.g., 36Ar24Mg+ and 40Ar31P+ interferences for 60Ni and 71Ga, respectively)'; interferences present at all times are 'corrected by background subtraction' (App. C4)",N,N,N — medium mass resolution (m/Δm of 4000) was used; its purpose is not stated (§3.3),"⁹⁹Ru: isotope selection, avoiding ¹⁰¹Ru; other: N — isotopes were chosen to be free of elemental isobaric interference","⁹⁹Ru: isotope selection, avoiding ¹⁰¹Ru; other: N — isotopes were chosen to be free of elemental isobaric interference"
Isotope Dilution Data Reduction Method,"Mass balance approach used to calculate sample mass fractions, and where applicable isotope ratios, from spike-sample isotope ratio measurements. For double-spike procedures the ratios and concentrations are co-determined through the spike inversion; for conventional isotope dilution the IUPAC ID equations are used. Record 'None' where neither isotope dilution nor double-spike methods are applied.",Basic,Read-Only,Controlled list / Text,IUPAC isotope dilution equations | Double-spike inversion | ID-IS (isotope dilution internal standardisation) | N/A | None,Source: ICP-MS module,2026-08-31,(none),,Y,Y,Y,,N,N,N,N,N,N,N
Memory Effect Mitigation,"Procedure applied to identify and minimise carry-over of high-concentration or isotopically distinct material from a preceding measurement into the current one. Mitigation is applied primarily at measurement time, by allowing sufficient washout or rinse between successive introductions. At data processing level, record any flagging or exclusion of measurements where the required washout may not have been achieved.",Advanced,Editable,Text (free),"e.g., 'Extended washout (≥60 s He flush) between high-concentration standards and unknowns' | 'Scan speed set so that washout time (<1 s) is shorter than pixel acquisition interval' | 'None required for this element suite'",Source: ICP-MS module,2026-08-26,(none),,Y,Y,Y,,N,Washout typically less than 1 s — §2.2.2,11 s of washout per run — Table B1,10 s washout time after 20 s spot ablation (specified in acquisition protocol),N — parameters lost,N,N
Normalization / Standards-Based Correction,"Post-acquisition normalization applied to the reported data beyond the primary calibration — for example correction to a reference value derived from secondary reference materials, or correction for a systematic bias those materials reveal. Record 'None' if no additional normalization is applied.",Advanced,Editable,Text (free),"e.g., 'None' | '100% oxide sum normalization applied per pixel to enforce mass balance (Liu et al. 2008)' | 'Normalized to ⁸⁸Sr/⁸⁶Sr = 8.37521 for mass bias correction in Sr isotope analysis'",Source: Composition QC module,2026-08-27,reported property,,Y,Y,Y,,N,"all: after calibration, each pixel re-normalised so that the MgO, FeO, SiO2 and P2O5 sum is 100 wt% — App. C1, equations 3–4; the per-pixel sums had 'varied between 95-99 wt %'",N — the normalisation is the internal standardisation (Internal Standard Approach),N — the normalisation is the internal standardisation (Internal Standard Approach),N,all: Fe + Ni + Co = 100% sum normalisation after calibration — the final step of the 3D Trace Elements DRS,all: Fe + Ni + Co = 100% sum normalisation after calibration — the final step of the 3D Trace Elements DRS
Calibration Factor and Determination Method,"An externally-calibrated factor that converts the measured quantity into the reported quantity, how it was determined, and its uncertainty. Applies where the conversion depends on a factor calibrated against a reference of independently known value, rather than on the instrument response alone. Distinct from the fields that name the calibration material and that state which approach applies to which target species, where the technique has them: this field records the resulting factor itself.",Basic,Editable,Text (free),,Source: Calibration Factor module,2026-09-01,reported property,,Y,Y,Y,,,,,,,,
Procedural Blank Level,"The measured level of the analytical blank in the session, and — where the reported quantity is a ratio — its composition, since a blank subtracted from a ratio biases the result unless its own composition is known. Companion to the blank correction method.",N/A,Basic,Text (free),,Source: Blank module,2026-09-01,target species,Follows the criterion-versus-measurement split the library applies wherever a procedure sets a threshold and an analysis reports a value against it.,Y,Y,Y,,,,,,,,
Analysis Inclusion and Rejection Criteria,"The rules determining which individual results contribute to a combined result, together with the outcome of applying them: how many results were obtained, how many were included, and on what grounds any were excluded. An individual result is the value of the reported quantity obtained from one acquisition: a replicate measurement of the same solution or location, a spot or grain within a sample, or an independently prepared aliquot or digestion, whichever the procedure combines. Distinct from filtering the acquired signal during data reduction (removing spikes, cycles or scans, or discarding an acquisition whose signal is compromised): this field records which finished results enter the combined result, and on what grounds.",Basic,Basic,Text (free),,Source: Aggregation module,2026-09-28,combined result,"Criteria and outcome are combined in one field because neither is interpretable without the other, following the precision/accuracy precedent.",Y,Y,Y,,"Partially — the rule stated is one of combination rather than rejection: for Ge, Sb, Re, Os and Ir the reported value is ""calculated from the mean of the spot average (Appendix 2) and the raster average in this table"" (Table 3 note, p.4). No acceptance or rejection rule for individual results is stated. The exclusion of ""Binya and Fitzwater Pass ... from the fractional-crystallization modeling of group IIIF"" (p.5) is an interpretive exclusion downstream of the reported values, not a rule about which results make them","N — whole results are dropped, but on signal grounds: ""where significant spikes in individual transient LA-ICP-MS signals were observed (e.g. Ca in CMS 04071 and Seymchan and Ni in Brahin and Seymchan), results were not included in Table 1"" (p.6). By basis that belongs to Spike / Outlier Filtering Approach; no result-based selection rule is stated. For the maps, ""The P-rich veinlets were excluded from the maps prior to the calculation of the correlation coefficients"" (appendix C), which masks pixels within a result rather than admitting or excluding results","N — whole results are dropped, but on signal grounds: ""where significant spikes in individual transient LA-ICP-MS signals were observed (e.g. Ca in CMS 04071 and Seymchan and Ni in Brahin and Seymchan), results were not included in Table 1"" (p.6). By basis that belongs to Spike / Outlier Filtering Approach; no result-based selection rule is stated","N — whole results are dropped, but on signal grounds: ""where significant spikes in individual transient LA-ICP-MS signals were observed (e.g. Ca in CMS 04071 and Seymchan and Ni in Brahin and Seymchan), results were not included in Table 1"" (p.6). By basis that belongs to Spike / Outlier Filtering Approach; no result-based selection rule is stated","Partially — the reported values are averages per meteorite (Table E4 of the data file), with the complete set of analyses also released (p.6); trace-element chromatograms were ""scrutinized for unanticipated interferences, improperly chosen backgrounds or other problems"" (p.5). No acceptance or rejection rule is stated for the LA data. The paper's detailed filters — analysis sums 100 ± 2%, stoichiometry limits, Grubb's test rejecting at p<0.01 and tagging at p<0.05, an FeO ceiling of 17.5 wt% for Phillips County, and a zoning profile excluded from that mean — are stated for the EMPA data (p.3) and are not borrowed here",Partially — contributing counts are stated ('n: number of replicates'; 'the mean value of 20 spot measurements in the Arraias meteorite'); no acceptance or rejection rule is stated,"Partially — the reported values integrate a stated number of points per phase, ""176 kamacite points (211,060 µm2) and 1,173 plessite points (1,712,297 µm2)"" (Table 5, p.12). The points are assigned to a phase rather than admitted or rejected, and no rejection rule is stated"
Combination Method,"Whether the reported variable is an individual result or combines several, and if combined, how: the statistical model used, including any criteria governing which model is applied, and what the individual results are combined over (for example per grain, per phase within a sample, or per sample). Record 'Not combined' where each individual result is reported on its own. Record the model only; the software implementing it belongs in Data Processing Software.",Basic,Editable,Text (free),"e.g., Arithmetic mean per phase within each sample | Weighted mean with MSWD-based uncertainty expansion | York (1969) isochron regression | Not combined",Source: Aggregation module,2026-09-28,reported property,"A methodological choice that changes the result: an arithmetic and a weighted mean of the same data, or a Model-1 and a Model-3 regression, give different values and different uncertainties.",Y,Y,Y,,"Ge, Sb, Re, Os, Ir: mean of the spot average and the raster average; other: raster average — Table 3 title 'Compositions (raster averages)'; note: 'calculated from the mean of the spot average (Appendix 2) and the raster average in this table'",all: average over the map pixels after masking the P-rich veinlets ('pure' olivine) — Fig. 4: 'to cancel out the input of the P2O5-rich veinlets to obtain average “pure” olivine values',all: average of 3 replicate measurements — Table 1: 'The results shown are the average from 3 replicate measurements',all: Not combined — Table 2: 'All single parallel measurements are presented separately',"all: average per sample split, and weighted mean per meteorite — 'data averaged per sample split' (Table L2), 'meteorite averages' (Table L3); 'Because a weighted mean is calculated for the data' (§6.1)",all: average of n replicate spot measurements per meteorite — 'average (x̅); s: standard deviation of n measured values'; 'the mean value of 20 spot measurements in the Arraias meteorite',"all: integrated over the map points assigned to each phase — Table 5: '176 kamacite points (211,060 µm2) and 1,173 plessite points (1,712,297 µm2)'"
Combined Results,"The reported values that are obtained by averaging or otherwise combining several individual results, each named with what it combines and the individual results that contribute to it.",N/A,Basic,Text (free),"e.g., 'Olivine, sample A, 8 points' | 'Zircon weighted-mean date, sample B, 236 of 246 spots' | 'Isochron, sample C, 36 runs'",Source: Aggregation module,2026-09-28,defines: combined result,"Gives the inclusion outcome and the dispersion statistics a row to attach to when a session reports more than one combined value of the same variable, such as FeO in olivine and FeO in pyroxene.",Y,Y,Y,,raster averages for seven IIIF irons and two pallasites; spot averages — Table 3; Appendix 2,'pure' olivine averages from the maps (for example Seymchan and Fukang),each main-group pallasite olivine in Table 1 (3 replicates each),N,per-split averages (Table L2); per-meteorite weighted means (Table L3),"per-meteorite averages (Table 3 and the data table for Figs 2 and 3), for example Arraias (20 spots)","kamacite (176 points, 211,060 µm2); plessite (1,173 points, 1,712,297 µm2) — Table 5"
Constants and Reference Values Used,"Physical constants and reference values used in data reduction to calculate the final reported quantity (e.g., decay constants for age calculation, standard isotope ratios, or other citable reference values used in a correction or calculation), together with their source. Distinct from the Group 6 reference-material fields, which document accepted values for specific calibration/validation materials rather than universal physical constants. Record ""None"" if no citable, revisable physical constants feed into this procedure's data reduction.",Basic,Editable,Text (free),"e.g., ""λ238U = 1.55125×10⁻¹⁰ yr⁻¹, λ235U = 9.8485×10⁻¹⁰ yr⁻¹ (Jaffey et al. 1971); 238U/235U = 137.818 (Hiess et al. 2012)"" | ""None""",Source: Core module,2026-08-26,(none),,Y,Y,Y,,,,,,,,
,,,,,,,,,,,,,,,,,,,,
6. Quality Control & Uncertainty,,,,,,,2026-08-26,,,N,N,N,N,,,,,,,
Primary Calibration Standard Name,"Name and reference material identifier of the primary reference material(s) against which the instrument is calibrated — converting raw signal intensities to concentrations, or anchoring an isotope ratio as the bracketing standard or zero-delta reference. Give the material name, its source or supplier, and a citation for the accepted values used. Where calibration instead uses the vendor's stored library or theoretical response factors rather than measured reference materials — 'standardless' or 'semi-quantitative' quantification — record that here, naming the library or model used. 'None' means no calibration was performed at all, which is a different answer.",Basic,Editable,Text (free),"e.g., 'NIST SRM 612 (Jochum et al. 2011, doi:10.1111/j.1751-908X.2011.00120.x)' | 'USGS BCR-2G (GeoReM preferred values, georem.mpch-mainz.gwdg.de)'",Source: Composition QC module,2026-09-29,target material x target species,Results calibrated against different published values for the same material are not directly comparable.,Y,Y,Y,,"all [Fe, Co, Ni, Cu, As, W, Au: North Chile (Filomena, IIAB) and NIST SRM 1263a V-Cr steel; Ga, Ge: North Chile (Filomena, IIAB); Ru, Rh, Pd, Re, Os, Ir, Pt: Hoba (IVB); V, Cr, Mo: NIST SRM 1263a V-Cr steel; other: N] — 'The standard used for Fe, Co, Ni, Cu, Ga, Ge, As, W, and Au is North Chile (Filomena; IIAB) (Wasson et al., 1989), and the standard for Ru, Rh, Pd, Re, Os, Ir, and Pt is Hoba (IVB) (Walker et al., 2008). NIST SRM 1263a V-Cr steel was also used for V, Cr, Fe, Co, Ni, Cu, As, Mo, W, and Au' (§2.2)","all [all: NIST SRM 612, NIST SRM 614, USGS GSD-1G, USGS GSE-1G, BHVO-2G, BIR-1G] — linear regression on the internally normalised data; each glass processed as 3 replicate 2 mm line scans (§2.1, App. C1)","all [all: NIST SRM 612, NIST SRM 614, USGS GSD-1G, USGS GSE-1G, BHVO-2G, BIR-1G, KL2-G, ML3B-G, StHs6/80-G, T1-G, ATHO-G, BM90/21-G, GOR128-G, GOR132-G] — for both runs, 'repeatedly measured with the corresponding laser settings' (App. C2)",all [all: MPI-DING and USGS glass reference materials] — 'In the absence of suited phosphate reference material' (App. C3),"all [all: USGS glasses BCR-2g, BHVO-2g and BIR-1g] — 'Preferred values from the GeoReM website ... were used to define the calibration lines' (§3.3)","all [all: NIST SRM 612 and North Chile (Filomena, IIAB)] — median yield correction factors for NIST SRM 612 relative to North Chile, then least-squares calibration per 15 min block, interpolated in time (3D Trace Elements DRS)","all [all: NIST SRM 612 and North Chile (Filomena, IIAB)] — median yield correction factors for NIST SRM 612 relative to North Chile, then least-squares calibration per 15 min block, interpolated in time (3D Trace Elements DRS)"
Calibration Standard Measurement Frequency,"How often the primary calibration or bracketing standard is measured relative to unknown samples within a session. Specify the bracketing scheme where a fixed one is used, such as one standard measurement before and after each sample.",Basic,Read-Only,Text (free),"e.g., Before and after every 5 unknowns | Bracketing every 10 samples | Start and end of session only | N/A | None",Source: ICP-MS module,2026-08-31,(none),"For LA-ICP-MS, this defines the bracketing interval between calibration standard ablations used to monitor and correct for instrumental drift.",Y,Y,Y,,N,N — the glasses were 'measured in the same analytical session' (§2.1),Start and end of each analytical session — 'MPI-DING and USGS reference materials were measured at the start and end of each analytical session' (§2.2.3),Beginning and repeatedly at the end of each analytical session — App. C3,N — parameters lost,Every ten unknowns (about every 15 min) — calibration blocks bracket blocks of ten unknowns; 'every 15 min calibration block',Before and after the 30 min map — Experimental section
Secondary Reference Materials,"Quality-control reference material(s) measured as unknowns alongside samples to assess accuracy independently and to monitor drift. Give the material name, its source, and a citation for the accepted or reference values used for comparison.",Basic,Editable,Text (free),"e.g., 'NIST SRM 610 (Jochum et al. 2011); GOR132-G (Jochum et al. 2006)' | 'BHVO-2G (GeoReM), BCR-2G (GeoReM)'",Source: Composition QC module,2026-08-27,defines: standard,,Y,Y,Y,,N,N,N,N,N,"North Chile — 'also measured as an unknown sample several times, on different days, over four months', for intermediate precision; eight other known iron meteorites validate against published INAA values","North Chile — 'also measured as an unknown sample several times, on different days, over four months', for intermediate precision; eight other known iron meteorites validate against published INAA values"
Detection Limit,"Detection limit, one per reported concentration variable (one per target species, these being the same set). State the units and whether the values are procedure-typical estimates or session-specific measured values. The calculation method is recorded separately in Detection Limit Method. Record 'N/A' where the procedure reports no concentrations.",Advanced,Basic,Numeric + unit / Text,"e.g., '0.003 ng g⁻¹' | '0.005 ng g⁻¹' | '0.02 µg g⁻¹'",Source: Composition QC module,2026-09-29,reported property,,Y,Y,Y,,N — 'Concentrations below detection limits are not shown' (Table 3); the limits are not given,"all: per-pixel LODs, averaged over the map — Table E1 (Na = 1, Nb = 10), App. C5","Cu: 0.28 ng/g; Cs: 4.9 ng/g; Ba: 16 ng/g; W: 5.4 ng/g; Re: 0.42 ng/g; Ir: 0.95 ng/g; Pt: 0.73 ng/g; Au: 1.8 ng/g; Nb: 0.61 ng/g; other: Table 1 — stated in §3.3; LODs averaged over analyses (Na = 24, Nb = 5). §3.3 also gives 33 ng/g for Sr, which is not among the measured nuclides",N,N — LODs not stated; concentrations reported for all nuclides above background,"As: 2; Au: 0.1; Co: 2; Cr: 19; Cu: 0.8; Fe: 60; Ga: 0.3; Ge: 3; Ir: 0.2; Ni: 36; Os: 0.2; Pd: 0.5; Pt: 0.3; Re: 0.1; Rh: 0.1; Ru: 1; W: 1 — µg/g, median values (Table 3 'LOD')",N
Detection Limit Method,"Formula or approach used to calculate the detection limits, with a citation for the method where one exists. Must be consistent with the values reported in Detection Limit.",Basic,Read-Only,Controlled list / Text,3σ blank | 3σ background | 3σ counting statistics | 3× blank mean | Poisson statistics | N/A | None,Source: Composition QC module,2026-08-27,reported property,,Y,Y,Y,,N,"all: Longerich et al. (1996), LOD = 3SD/S × √(1/Nb + 1/Na) — Na = 1 and Nb = 10 for a pixel (App. C5)","all: Longerich et al. (1996), LOD = 3SD/S × √(1/Nb + 1/Na) — Na = 24 and Nb = 5 (App. C5)",N,N,"all: Longerich et al., calculated for each acquisition in iolite 4 — 'the LOD must be calculated for each acquisition'; Table 3 gives the medians",N
Limit of Quantification (LOQ) Method,Reference or description of the method used to calculate the limit of quantification (LOQ): the lowest concentration reliably measurable with acceptable precision and accuracy. Required when concentrations near the LOD are reported.,Advanced,Basic,Controlled list / Text,10σ blank | 10σ background | 10× LOD | 3.3× LOD | S/N ≥ 10 | N/A | None,Source: ICP-MS module,2026-08-27,reported property,Concentrations between LOD and LOQ are detectable but not reliably quantifiable.,Y,Y,Y,,N,"all: as the LOD, with 10 SD instead of 3 SD — App. C5","all: as the LOD, with 10 SD instead of 3 SD — App. C5",N,N,N,N
Counting Statistics Error,"Uncertainty predicted from counting statistics — the theoretical limit set by the Poisson distribution of the counts accumulated — for each reported quantity per analysis, with the sigma level stated. Derived from the counts on the target species together with those on any background or blank subtracted from it. Distinct from the scatter actually observed within a measurement or between repeated measurements, which is recorded separately.",Advanced,Basic,Text (free),"e.g., '2SE predicted from counting statistics over 45 cycles' | '~0.6% (1 sigma), counting statistics plus propagated uncertainties' | 'N/A'",Source: Composition QC module,2026-09-01,sample > sampling unit x reported property,"Where a procedure reports both, agreement indicates the measurement is shot-noise limited, and a larger observed scatter indicates a further source of variance.",Y,Y,Y,,N,N,N,N,N — the ~0.6% precision on Fe/Mn is for the EMPA (§3.1),N,N
Internal (Within-Measurement) Analytical Precision and Assessment Method,"Precision of a single measurement, derived from the scatter of the cycles, sweeps or integrations that make it up, together with the method used to assess it. State the statistic (2SE, 2SD, 1s RSD), the number of cycles it is computed over, and the reported quantity it applies to. Distinct from Counting Statistics Error, which records the uncertainty predicted from the counts rather than the scatter observed; where a procedure reports both, record the observed value here and the predicted value there.",Advanced,Basic,Text (free),"e.g., '2SE = 2SD/sqrt(n), n = 45 cycles' | '+/-0.001-0.002 (2SE)' | '~2.6% (2SE)' | 'N/A'",Source: ICP-MS module,2026-09-29,sample > sampling unit x reported property,"This is the finest of the three precision levels the library records, below within-session and between-session precision: it describes the repeatability of one analysis rather than agreement between analyses, and is normally the smallest of the three.",Y,Y,Y,,N,N,N,N,N,N,N
Within-Session Analytical Precision and Assessment Method,"Precision of repeated measurements within a single analytical session and the method used to assess it. Report both the assessment method and the precision values. The assessment method must specify the reference material or standard measured, the number of replicates n, and the statistic reported (1s RSD, 2s RSD, 2SD, 2SE, 95% CI). Distinct from the internal precision of a single measurement, which derives from counting statistics over the cycles of that measurement rather than from repeated analyses.",Basic,Basic,Text (free),"e.g., '1σ RSD = 1.5% (n = 5 per session)' | 'Mapping: 4% 1σ RSD across 3 map areas at session start and end (n = 3)'",Source: ICP-MS module,2026-09-29,standard x reported property,,Y,Y,Y,,N,N,N,N,N — within-session precision not formally assessed,"N — precision is stated for samples: RSD <15% for 20 spots in Arraias except Cr (20%), Ir (16%) and Os (20%), and better than 20% for the other meteorites",N
Between-Session (Long-Term) Analytical Precision and Assessment Method,"Precision of measurements across multiple analytical sessions over weeks to months — long-term or intermediate precision — and the method used to assess it. Report both the assessment method and the precision values, specifying the reference material, the number of measurements and sessions, the time span covered, and the statistic reported.",Advanced,Basic,Text (free),"e.g., '2σ RSD = 3% across 12 sessions over 8 months' | '1σ RSD = 2% across 17 sessions over 3 years (n = 85 analyses)'",Source: ICP-MS module,2026-09-29,standard x reported property,Long-term precision is normally poorer than within-session precision and is the figure a data user should carry when comparing results from different sessions.,Y,Y,Y,,N,N,N,N,N,North Chile [all: RSD 20% at worst] — measured as an unknown over four months; its RSD represents 'the laboratory reproducibility or intermediate precision conditions',N
Analytical Accuracy and Assessment Method,"Offset between measured and accepted values for secondary reference materials, and the method used to assess it. Specify the reference material and the source of its accepted values, the number of analyses, and the quantities assessed. Report systematic biases and their likely causes. Express the offset in the form appropriate to what the procedure reports - percent relative bias for concentrations, or deviation in delta or ratio units for isotopic quantities.",Basic,Basic,Text (free),"e.g., 'Within ±5% of GeoReM preferred values (n = 15)' | '+8% (known matrix sensitivity)' | '±3% vs. GeoReM (n = 20)'",Source: ICP-MS module,2026-09-29,standard x reported property,,Y,Y,Y,,"N — compared with NAA on the same irons rather than a standard: differences 'mostly ... within the range of ±40%', within ±10% for Ni, Co and Ga, up to 30% for Au and As, and W in Cerro del Inca 4.39 ng/g by LA-ICP-MS against 1.06 ng/g by INAA (§2.3)",N,N,N,N — LA-ICP-MS Sc agrees with INAA 'with scatter of roughly ±0.5 µg/g'; Cr scatters more (§6.1),"N — assessed on eight known iron meteorites, not a standard: 'More than 75% of published values are within the respective LA-ICP-MS result ±2s'; relative differences 'almost always within ±20%' (Fig. 2)",N
,,,,,,,,,,,,,,,,,,,,
Goodness-of-Fit or Dispersion Statistic,"The statistic reported to show whether scatter among the individual results contributing to a combined result exceeds what analytical uncertainty alone predicts, together with its value. The procedure may still state an acceptance threshold, which belongs with the inclusion criteria.",N/A,Basic,Text (free),,Source: Aggregation module,2026-09-28,combined result x reported property,Answers whether a combined result is defensible as a single population. The value cannot be known before the analysis.,Y,Y,Y,,N,N,all: 1 standard deviation — Table 1: 'the uncertainty corresponds to 1 standard deviation',N,N,"all: s, standard deviation of n measured values, and RSD — data table for Figs 2 and 3",N
Other Statistics,"Any statistic reported for a combined result beyond the dispersion statistic, with the statistic named and its value.",N/A,Advanced,Text (free),"e.g., 'Standard error of the mean' | '95% confidence interval' | 'Probability of fit, p = 0.12'",Source: Aggregation module,2026-09-28,combined result x reported property,,Y,Y,Y,,N,N,N,N,N,N,all: 2 sdm — Table 5
Additional Notes,"Any procedure- or analysis-specific information not captured by a structured field anywhere in this TAPP — including anomalies, deviations from the registered procedure, instrument modifications, and supplementary context. Scope is the whole document, not Group 6: this is the last field of the TAPP and covers all six groups. Use sparingly; a structured field is preferred for anything that can be formally categorised.",Advanced,Advanced,Text (free),,Source: Core module,2026-08-26,(none),,Y,Y,Y,,"The raster pass gives the 23-element dataset; a separate set of 150 µm spots on five irons gives more precise Ge, since the raster 'failed to yield useful Ge abundances for Klamath Falls' (§2.2)","Cool plasma (800 W) mapping with a lateral resolution of approximately 20 µm; P-rich veinlets masked before averaging (§2.2.2, §3.1)","Two line-scan runs on the same line after pre-ablation: run 1 (30 µm, medium resolution) gives the major elements and Cr, which normalises run 2 (130 µm, low resolution) for the trace elements (§2.2.3, App. C2)","No phosphate reference material exists, so glasses calibrate (App. C3); grains identified as stanfieldite or merrillite from a Ca/(Ca + Mg) plot (§3.4)","The files documenting the analysis parameters (gas flows, laser power, etc.) were lost during an extended shutdown of the JSC ICP-MS laboratory; the grains are the EMPA grain mounts, 'low in inclusions, [but] not devoid of them' (§3.3)",Two measurement standards complement each other: North Chile for matrix similarity and NIST SRM 612 for its well-known composition; Fe + Ni + Co = 100% normalisation removes the need for an internal standard,Mapping over regions with diverse phases of Augusto Pestana; Fe + Ni + Co = 100% normalisation 'is mandatory when acquiring elemental maps of multiphasic samples'
