Metadata Item,Description,Procedure-Level Tier,Analysis-Level Tier,Data Type,Example / Allowed Content,Comments,Last Update,Keyed By,Purpose,Spot,Transect,Mapping,Literature Assessment,"Zhang et al. 2022
(GCA 323)
Iron meteorites
Raster mapping + Spot (Ge)
ns-LA-SF-ICP-MS
Florida State University","Chernonozhkin et al. 2021
(Chem Geol 562)
Pallasite olivine
Raster mapping (2D)
ns-LA-SF-ICP-MS
Ghent University","Chernonozhkin et al. 2021
(Chem Geol 562)
Pallasite olivine
Line scan (Run 1: major) +
Spot (Run 2: trace)
[Multi-run]
ns-LA-SF-ICP-MS
Ghent University","Chernonozhkin et al. 2021
(Chem Geol 562)
Pallasite phosphate
Spot analysis
ns-LA-SF-ICP-MS
Ghent University","Mittlefehldt 2024
Appendix A
Pallasite olivine
Spot analysis
ns-LA-SF-ICP-MS
Johnson Space Center","Navarro et al. 2024
(ACS ESC 8)
Iron meteorites
Spot analysis
ns-LA-SF-ICP-MS
University of Campinas","Navarro et al. 2024
(ACS ESC 8)
Iron meteorites
Raster mapping (2D)
ns-LA-SF-ICP-MS
University of Campinas"
1. Procedure Identification,,,,,,,,,,N,N,N,N,,,,,,,
Procedure Name,"A short descriptive name for this analytical procedure, including a version number. Should identify the instrument, the technique, and the scope of what is measured — analyte, material, or feature.",Basic,Read-Only,Text (free),"e.g., 'LA-ICP-MS Trace Elements Silicate Glass v1.2' | 'fs-LA-ICP-MS Major and Trace Elements Sulfide v1'",Source: Core module,2026-08-08,(none),,Y,Y,Y,,Zhang et al. (2022) Iron Meteorite LA-ICP-MS v1,Chernonozhkin et al. (2021) Pallasite Olivine 2D Mapping v1,Chernonozhkin et al. (2021) Pallasite Olivine Multi-run Spot/Transect v1,Chernonozhkin et al. (2021) Pallasite Phosphate Spot v1,Mittlefehldt (2024) Pallasite Olivine Spot v1,Navarro et al. (2024) Iron Meteorite Spot v1,Navarro et al. (2024) Iron Meteorite Raster Mapping v1
Technique,Top-level analytical technique identifier.,Basic,Read-Only,Controlled list,LA-ICP-MS | LA-ICP-OES | LA-MC-ICP-MS | LA-ICP-ToF-MS | LA-ICP-MS/MS | Other: specify,Source: Core module,2026-05-06,(none),,Y,Y,Y,,LA-SF-ICP-MS,LA-SF-ICP-MS,LA-SF-ICP-MS,LA-SF-ICP-MS,LA-SF-ICP-MS,LA-SF-ICP-MS,LA-SF-ICP-MS
Procedure Author,Person(s) or laboratory responsible for developing and registering this procedure. ORCID recommended for individuals.,Basic,Read-Only,Text (free),"e.g., 'J. Smith (ORCID: 0000-0001-2345-6789)' | 'Isotope Geochemistry Lab, University of X'",Source: Core module,2026-08-08,(none),,Y,Y,Y,,"Zhang, Chabot, Rubin, Humayun et al.","Chernonozhkin, Pittarello, Goderis, Vanhaecke et al.","Chernonozhkin, Pittarello, Goderis, Vanhaecke et al.","Chernonozhkin, Pittarello, Goderis, Vanhaecke et al.",Mittlefehldt,"Navarro, Enzweiler, Crósta et al.","Navarro, Enzweiler, Crósta et al."
Laboratory,Name of the laboratory or institution hosting the instrument.,Basic,Editable,Text (free),"e.g., 'Geo-/Cosmochemistry Lab, University of Cologne'",Source: Core module,2026-05-06,(none),,Y,Y,Y,,"Plasma Analytical Facility, Florida State University, Tallahassee FL, USA","Dept. of Chemistry, Atomic & Mass Spectrometry, Ghent University, Belgium","Dept. of Chemistry, Atomic & Mass Spectrometry, Ghent University, Belgium","Dept. of Chemistry, Atomic & Mass Spectrometry, Ghent University, Belgium","ICP-MS Laboratory, NASA Johnson Space Center, Houston TX, USA","Isotope Geology Laboratory, University of Campinas (UNICAMP), Brazil","Isotope Geology Laboratory, University of Campinas (UNICAMP), Brazil"
Laboratory ID,"Persistent identifier for the laboratory (e.g., ROR ID).",Advanced,Editable,URI / DOI,ROR ID or equivalent URI (https://ror.org/),Source: Core module,2026-08-08,(none),,Y,Y,Y,,N,N,N,N,N,N,N
Procedure Start Date,First date this procedure configuration was used in production.,Basic,Read-Only,Date,"YYYY-MM-DD, e.g., 2022-04-22",Source: Core module,2026-07-24,(none),,Y,Y,Y,,N,N,N,N,N,N,N
Funding Source for Procedure Development,"Grants and other funding sources that supported instrument acquisition, major upgrades, procedure development, and associated personnel time. Include grant numbers and funding agencies where applicable.",Advanced,Read-Only,Text (free),"e.g., 'NSF EAR-2142500; DFG INST 216/1019-1 FUGG no. 665508' | 'None'",Source: Core module,2026-07-24,(none),,Y,Y,Y,,N,"Planet Topers (BELSPO Interuniversity Attraction Poles); FWO postdoctoral fellowship for SCh; FWO ""Excellence of Science"" (ET-HoME ID 30442502); FWO/BOF-UGent; Alexander von Humboldt Foundation; FWO/BELSPO/VUB for SG and PC",Planet Topers (BELSPO); FWO; Alexander von Humboldt Foundation; FWO/BOF-UGent,Planet Topers (BELSPO); FWO; Alexander von Humboldt Foundation; FWO/BOF-UGent,N,FAPESP (São Paulo Research Foundation); CNPq,FAPESP; CNPq
Procedure Reference(s),"DOI or URL for peer-reviewed publications or technical reports describing, validating, or benchmarking this procedure.",Advanced,Read-Only,URI / DOI,"e.g., doi:10.1016/j.oregeorev.2011.11.001",Source: Core module,2026-07-24,(none),,Y,Y,Y,,"Zhang et al. (2022) GCA 323, 202–219; Humayun (2012) for standardization",Chernonozhkin et al. (2021) Chem. Geol. 562; Liu et al. (2008) for IS method,Chernonozhkin et al. (2021) Chem. Geol. 562; Liu et al. (2008) for IS method,Chernonozhkin et al. (2021) Chem. Geol. 562; Liu et al. (2008) for IS method,Mittlefehldt (2024) GCA; Lee (Rice University) Excel data reduction spreadsheet,"Navarro et al. (2024) ACS Earth Space Chem. 8, 281; Longerich et al. (1996)","Navarro et al. (2024) ACS Earth Space Chem. 8, 281; Longerich et al. (1996)"
Procedure DOI,"DOI or unique persistent identifier for the registered procedure used in this analysis, generated upon procedure submission to a data repository. If a DOI has been applied for but not yet minted, enter ""pending"".",N/A,Basic,URI / DOI,"e.g., http://doi.org/10.60520/IEDA/114187 | pending",Source: Core module,2026-08-25,(none),Encourages formal procedure registration and ensures traceability.,Y,Y,Y,,N,N,N,N,N,N,N
Session Identifier,"Identifier for the analytical session this record describes — the laboratory's own run, sequence or batch identifier as generated by the instrument or acquisition software. Distinct from any persistent identifier a repository mints on submission.",N/A,Basic,Text (free),,Source: Core module,2026-08-25,(none),"The analysis record corresponds to one session, which may cover several samples, and this is the link back to the raw instrument files.",Y,Y,Y,,,,,,,,
Analyst,Name(s) of the analyst(s) who performed the analysis session. ORCID is recommended for persistent identification.,N/A,Basic,Text (free),"e.g., 'J. Smith (ORCID: 0000-0001-2345-6789)'",Source: Core module,2026-08-25,(none),,Y,Y,Y,,N,N,N,N,N,N,N
Analysis Start Date,"Date on which the analytical session began. For sessions spanning multiple days, use the date of the first session. Format: YYYY-MM-DD.",N/A,Basic,Date,"YYYY-MM-DD, e.g., 2022-04-22",Source: Core module,2026-08-25,(none),,Y,Y,Y,,N,N,N,N,N,N,N
Analysis End Date,Date on which the analytical session ended. May equal Analysis Start Date for single-day sessions. Format: YYYY-MM-DD.,N/A,Basic,Date,"YYYY-MM-DD, e.g., 2022-04-22",Source: Core module,2026-08-25,(none),,Y,Y,Y,,N,N,N,N,N,N,N
Funding Source for Analysis,"Grants and other funding sources that supported the specific sample analyses and data collection reported here. Include grant numbers and funding agencies. Distinct from procedure development funding, which may have been awarded years earlier.",N/A,Basic,Text (free),"e.g., 'NASA 80NSSC21K0153; DFG WE 2850/5-1' | 'None'",Source: Core module,2026-08-25,(none),,Y,Y,Y,,"NASA Grants 80NSSC19K1238 (BZ), 80NSSC19K1613 (NLC), 80NSSC18K0595 (MH), NNX17AE77G (AER); NSF Cooperative Agreement DMR-1644779 and State of Florida [Acknowledgements]",Planet Topers (BELSPO); FWO; Alexander von Humboldt Foundation; FWO/BOF-UGent,Planet Topers (BELSPO); FWO; Alexander von Humboldt Foundation; FWO/BOF-UGent,Planet Topers (BELSPO); FWO; Alexander von Humboldt Foundation; FWO/BOF-UGent,N (no funding section in this appendix document; funding would be in the parent paper which was not assessed),M.S.N.: Educorp (Unicamp) and International Association of Geoanalysts for Geoanalysis 2022 presentation; J.E.: CNPq grant 316191/2021-3,M.S.N.: Educorp (Unicamp) and International Association of Geoanalysts; J.E.: CNPq grant 316191/2021-3
Coupled Technique(s),"Other analytical techniques applied to the same sample(s) whose results are intended to be interpreted together with data from this procedure. Document coupling with any technique whose results are functionally linked to this dataset — providing calibration inputs, complementary spatial context, or required companion measurements. Use the same controlled vocabulary as the Technique field. Enter ""None"" if no coupling is intended.",Advanced,Editable,Controlled list / Text,EPMA | SIMS | ICP-MS (solution) | Noble Gas MS | Other: specify | None | N/A,Source: Core module,2026-08-25,(none),,Y,Y,Y,,EPMA (Brown University CAMECA SX-100),N,N,N,N,N,N
Coupling Description,"Description of how this procedure is coupled with the technique(s) listed above. Include: (1) the functional relationship — what data or context flows between techniques, or how results are combined (e.g. which output from the coupled technique serves as input to data reduction for this technique); and (2) the analytical sequence — which technique is performed first and why (e.g. non-destructive before destructive). Required when Coupled Technique(s) is not ""None"".",Advanced,Editable,Text (free),"e.g., 'EPMA provides major element concentrations (SiO₂ as internal standard) used in LA-ICP-MS data reduction; EPMA performed first because LA-ICP-MS ablation is destructive' | 'SIMS isotope ratios cross-validated against LA-ICP-MS; SIMS performed first due to shallower beam penetration'",Source: Core module,2026-08-25,(none),,Y,Y,Y,,"Quantitative analysis, mixed WDS/EDS element mapping, and characterization of mineral phases from NWA 1911 and Zinder [Section 2.5]",N,N,N,N,N,N
Coupled Procedure DOI,"Registered procedure DOI for the coupled technique named above. If the coupled procedure has not yet been registered, enter the DOI of a publication describing the coupled method, or ""pending"". Enter ""None"" if no coupling is planned.",N/A,Advanced,URI / DOI,"e.g., 'http://doi.org/10.60520/IEDA/114187' | pending | None",Source: Core module,2026-08-25,(none),"Provides a stable, citable link to the companion method independent of whether a dataset has been deposited.",Y,Y,Y,,N,N,N,N,N,N,N
Coupled Dataset or Publication Reference,"DOI or other persistent identifier for the co-registered dataset or publication where both datasets are reported together. Accepts: a dedicated dataset DOI (if separately deposited), a shared dataset DOI (if co-submitted in the same package), or a publication DOI. Use ""same submission"" if the coupled dataset is included in this data package, or ""pending"" if not yet assigned. If coupling is documented through a shared sample identifier only, that information is already captured in Sample Persistent Identifier (Group 2).",N/A,Advanced,URI / DOI / Text,"e.g., 'doi:10.26022/IEDA/112969' | same submission | pending | None",Source: Core module,2026-08-25,(none),,Y,Y,Y,,N,N,N,N,N,N,N
,,,,,,,,,,,,,,,,,,,,
2. Samples,,,,,,,,,,N,N,N,N,,,,,,,
Target Material,General description of the material type(s) this procedure is designed to analyse.,Basic,Read-Only,Controlled list / Text,Silicate glass | Feldspar | Pyroxene | Olivine | Oxide | Sulfide | Carbonate | Phosphate | Native metal | Iron meteorite | Fluid inclusion | Melt inclusion | Whole rock | Other: specify | N/A | None,Source: Core module,2026-08-25,(none),"Used for discoverability and procedure matching, and because the material type constrains sample preparation, calibration and matrix-matching requirements.",Y,Y,Y,,Iron meteorite metal (kamacite + taenite); pyroxene-bearing pallasite metal,"Pallasite olivine ([Mg,Fe]₂SiO₄)","Pallasite olivine ([Mg,Fe]₂SiO₄)","Pallasite Ca-phosphate (merrillite, stanfieldite, farringtonite)","Pallasite olivine ([Mg,Fe]₂SiO₄)",Iron meteorite metal (kamacite + taenite),Iron meteorite metal (kamacite + plessite)
Sample Form / Analytical Substrate,"Physical form of the material as it enters the ablation cell. Editable to accommodate legitimate variations (e.g., thin section vs. mount) that do not alter the analytical procedure.",Basic,Editable,Controlled list,In situ — polished thin section | In situ — polished epoxy mount | In situ — polished thick section | Pressed powder pellet | Li-borate fused glass disc | Nano-particulate pressed pellet | Liquid | N/A | None | Other: specify,,2026-08-11,(none),,Y,Y,Y,,Polished metal slab (in situ),In situ — polished epoxy thick section (HELEX II two-volume cell),In situ — polished epoxy thick section; pre-ablated before trace element run,In situ — polished epoxy thick section,In situ — polished grain mount (olivine grain fragments),"In situ — polished epoxy mount (~1 cm fragments in epoxy, etched with Nital)",In situ — polished epoxy mount (same Augusto Pestana fragment as spot protocol)
Sample Name,"Name or identifier of each sample analysed in this session, as used in the laboratory — a sample mount, section or aliquot counts as one entry where that is what the laboratory tracks. Should match the identifier used in associated publications or data tables.",N/A,Basic,Text (free),"e.g., 'NWA 10597 ol-1' | 'Imilac PMG section 3 grain 2'",Source: Core module,2026-08-25,defines: sample,The analysis record corresponds to one session and may cover several samples.,Y,Y,Y,,N,N,N,N,N,N,N
Sampling Unit,"The physical subdivision of the sample to which one row of reported values corresponds — the unit that is analysed and reported, as distinct from the sample as a whole. Where units nest (e.g. confined tracks within grains), state both levels.",Basic,Basic,Controlled list / Text,Whole sample | Aliquot | Grain | Spot | Analysis point | Phase | Sub-volume | Region of interest | N/A | None | Other: specify,Source: Core module,2026-08-25,defines: sampling unit,,Y,Y,Y,,,,,,,,
Sample Persistent Identifier,"Globally unique, persistent identifier for each sample listed in Sample Name. IGSN (International Geo Sample Number) is the recommended standard for geological and cosmochemical samples, as used by Astromat, EarthChem and SESAR. Where a sample and its sub-samples are separately registered, record the identifier at the level actually analysed.",Advanced,Advanced,URI / IGSN,"e.g., IGSN: IEDA-100001 (https://www.igsn.org/) | Smithsonian NMNH catalog number",Source: Core module,2026-08-25,sample,,Y,Y,Y,,N,N,N,N,N,N,N
Fusion Flux and Dilution Ratio,"For procedures using fused glass, the flux type and sample:flux dilution ratio used to prepare the analytical glass.",Advanced,Editable,Text (free),"e.g., 'Li-tetraborate, 1:2 (sample:flux)' | 'Li-metaborate/tetraborate 50:50, 1:5' | 'Not applicable (in situ)'",,2026-07-24,(none),,Y,Y,Y,,N/A,N/A,N/A,N/A,N/A,N/A,N/A
Sample Preparation Method,"Description of how samples were prepared for analysis (mounting, polishing, coating, fusion procedure, etc.).",Basic,Editable,Controlled list / Text,Polished thin section | Polished thick section | Polished block or epoxy mount | Grain mount | Fused bead | Experimental capsule section | Etched or chemically treated surface | N/A | None,,2026-08-26,(none),,Y,Y,Y,,Polished metal slabs and thin sections; no acid treatment described,PMG thick sections polished; HELEX II two-volume cell; C-coated for SEM then coating removed before LA,"PMG thick sections polished; pre-ablation pass (2 J cm⁻², 20 Hz, 150 µm square, 300 µm s⁻¹) before trace element run",PMG thick sections polished; same as olivine mapping preparation,"Olivine grain fragments repeatedly washed in dilute HCl and triply distilled H₂O, hand-picked, polished grain mounts","Fragments ~1 cm mounted in epoxy resin, polished, cleaned with ultrapure water",Same Augusto Pestana fragment etched with Nital solution (2% v/v HNO₃ in ethanol) to reveal kamacite and plessite
Pre-Ablation Surface Treatment,"Procedure applied immediately before each analysis to remove surface contamination or condition the sample surface. Distinct from general sample preparation. For spot analysis, pre-ablation pulses are discarded before signal acquisition begins. For mapping, this step is typically omitted.",Advanced,Editable,Text (free),"e.g., '10 pre-ablation pulses discarded before acquisition (50 µm, 10 Hz, 2 J cm⁻²)' | '150 µm square spot, 2 J cm⁻², 20 Hz, 300 µm s⁻¹ pre-ablation pass (Chernonozhkin et al. 2021)' | 'None'",Source: Laser Ablation module,2026-08-25,(none),In mapping the large area ablated averages out surface effects.,Y,Y,Y,,N,N (mapping; surface effects average out over large area),"Pre-ablation pass: 150 µm square, 2 J cm⁻², 20 Hz, 300 µm s⁻¹ scan before trace element spot run; removes surface contamination and re-deposited material",N,N (grains imaged by SEM to locate inclusion-free regions),N,N
Target Selection Criteria,"The rules governing which part of the sample is analysed, and why. Covers the criteria applied when choosing grains, aliquots, spots, or a region of interest — size, morphology, clarity, freedom from inclusions or alteration, phase identity, or spatial position. Distinct from Target Material, which states the material type the procedure is designed for: this field states how, within such a sample, the analysed portion is picked out.",Basic,Editable,Text (free),,Source: Target Selection module,2026-08-25,(none),,Y,Y,Y,,,,,,,,
Pre-Analysis Imaging and Screening,"Imaging or other characterisation performed before the measurement in order to select or locate the analysed target, including the technique, instrument and settings used, and how individual analyses are linked back to the images. Distinct from any imaging the procedure performs as its own measurement. Where the imaging is performed on a separate instrument, it should also be recorded in the Group 1 coupling fields.",Advanced,Editable,Text (free),,Source: Target Selection module,2026-08-25,sample,,Y,Y,Y,,,,,,,,
,,,,,,,,,,,,,,,,,,,,
3. Instrument & Software,,,,,,,,,,N,N,N,N,,,,,,,
Laser Manufacturer & Model,Manufacturer and model of the laser ablation system.,Basic,Read-Only,Text (free),"e.g., 'ESI/NWR imageGEO193' | 'Coherent GeoLas HD' | 'Teledyne Analyte Excite 193' | 'Teledyne Analyte G2'",Source: Laser Ablation module,2026-08-25,(none),,Y,Y,Y,,ESI New Wave UP193FX (193 nm Nd:YAG frequency-quintupled solid state),Teledyne CETAC Technologies Analyte G2 (193 nm ArF excimer),Teledyne CETAC Technologies Analyte G2 (193 nm ArF excimer),Teledyne CETAC Technologies Analyte G2 (193 nm ArF excimer),"New Wave UP-193 (solid state, 193 nm)",Teledyne Excite 193 (193 nm ArF excimer),Teledyne Excite 193 (193 nm ArF excimer)
Instrument Manufacturer,"Manufacturer of the instrument that performs the measurement, recorded as a controlled value. Where a procedure couples a sample-introduction system to an analysing instrument, this records the analysing instrument. Instrument Model gives the specific designation.",Basic,Read-Only,Controlled list,Thermo Fisher Scientific | Agilent | PerkinElmer | Nu Instruments | Analytik Jena | Shimadzu | Other: specify | Unknown | N/A | None,Source: Core module,2026-08-25,(none),Recording it as a controlled value lets procedures be found by vendor.,Y,Y,Y,,,,,,,,
Instrument Model,"Model designation of the instrument that performs the measurement, including any generation or configuration suffix. Conventionally written with the manufacturer name included; Instrument Manufacturer records the vendor separately, as a controlled value, so that procedures remain findable by vendor.",Basic,Read-Only,Text (free),"e.g., 'Thermo Scientific iCAP TQ' | 'Agilent 7900' | 'Thermo Scientific Element XR' | 'TOFWERK icpTOF'",Source: Core module,2026-08-25,(none),,Y,Y,Y,,Thermo Fisher Scientific Element XR (SF-ICP-MS),Thermo Fisher Scientific Element XR (SF-ICP-MS),Thermo Fisher Scientific Element XR (SF-ICP-MS),Thermo Fisher Scientific Element XR (SF-ICP-MS),Thermo Fisher Scientific Element XR (SF-ICP-MS),Thermo Fisher Scientific Element XR (SF-ICP-MS),Thermo Fisher Scientific Element XR (SF-ICP-MS)
ICP-MS Type,"Type of ICP-MS system - the mass analyser and, where the instrument has one, the collector configuration.",Basic,Read-Only,Controlled list,Single-collector sector-field (SF-ICP-MS) | N/A | None | Other: specify,Source: ICP-MS module,2026-08-26,(none),,Y,Y,Y,,N,"Double-focusing sector field ICP-MS (explicitly stated: ""Thermo Scientific Element XR double-focusing sector field ICP-MS unit"")",Double-focusing sector field ICP-MS (explicitly stated),Double-focusing sector field ICP-MS (explicitly stated),Single-collector sector-field (SF-ICP-MS),"Sector field (SF-ICP-MS) (explicitly stated: ""sector field inductively coupled plasma mass spectrometer"")",Sector field (SF-ICP-MS) (explicitly stated)
Instrument Serial Number or Lab Identifier,Serial number or laboratory-internal identifier for the specific instrument unit.,Advanced,Editable,Text (free),"e.g., 'Element XR S/N 1234' | 'Lab unit: Ghent-SF2'",Source: ICP-MS module,2026-08-25,(none),Supports traceability to instrument service records.,Y,Y,Y,,N,N,N,N,N,N,N
Interface Cone Configuration,Geometry and designation of the sampler and skimmer cones installed during analysis. State both cones.,Basic,Read-Only,Text (free),"e.g., 'Ni standard sample cone + Ni H-type skimmer' | 'Al standard sample cone + Al H-type skimmer (1.1 mm aperture)' | 'Pt sample cone + Pt skimmer'",Source: ICP-MS module,2026-08-26,(none),,Y,Y,Y,,N,Al standard sample cone (1.1 mm aperture); Al H-type skimmer (0.8 mm aperture),Al standard sample cone (1.1 mm aperture); Al H-type skimmer (0.8 mm aperture),Al standard sample cone (1.1 mm aperture); Al H-type skimmer (0.8 mm aperture),N (parameters lost),Ni sampler cone; Ni skimmer cone,Ni sampler cone; Ni skimmer cone
Sampler and Skimmer Cone Material,"Material composition of the sampler and skimmer cones. Nickel is standard for most aqueous and nitric matrices; platinum is used for HCl-rich, high-TDS or organic matrices for its greater corrosion resistance; aluminium is used in some laboratories for high-purity work or enhanced sensitivity. State both sampler and skimmer materials; a single statement is acceptable where they are identical.",Advanced,Read-Only,Text (free),"Nickel (Ni) sampler and skimmer cones (standard configuration); Platinum (Pt) sampler, nickel (Ni) skimmer",Source: ICP-MS module,2026-08-26,(none),"Cone material affects sensitivity, matrix tolerance, and long-term stability.",Y,Y,Y,,,,,,,,
Torch Depth,"Distance between the load coil and the sampling cone tip (mm), also called injector depth or torch position depending on the instrument manufacturer.",Advanced,Editable,Text (free),5 mm; Standard position (manufacturer default; not explicitly reported),Source: ICP-MS module,2026-08-25,(none),"Affects ion transmission efficiency, oxide formation, and doubly-charged species production.",Y,Y,Y,,,,,,,,
Torch Type,"Type of plasma torch installed (e.g. standard quartz, high-matrix, low-flow).",Advanced,Read-Only,Text (free),Standard quartz | High-matrix (low-flow) | Low-volume | N/A | None | Other: specify,Source: ICP-MS module,2026-08-26,(none),Injector inner diameter (typically 1.5–2.5 mm) affects aerosol transport efficiency and plasma conditions in LA-ICP-MS.,Y,Y,Y,,N,N,N,N,N,N,N
Guard Electrode,"Whether a guard electrode - also called a grounded shield electrode, extraction lens, or Fassel torch shield - is installed and active on the torch assembly.",Basic,Read-Only,Controlled list,On | Off | Not applicable (instrument does not have guard electrode) | N/A | None | Other: specify,Source: ICP-MS module,2026-08-26,(none),,Y,Y,Y,,N,N,N,N,N,On (active),On (active)
Mass Resolution Setting,"Operating mass resolution of the mass analyser. Where the analyser permits selection, state the mode; where individual analytes are assigned to different modes, state each.",Basic,Editable,Controlled list / Text,"Unit resolution (quadrupole, fixed) | Low resolution (LR) | Medium resolution (MR) | High resolution (HR) | Multiple modes assigned per analyte | N/A | None",Source: ICP-MS module,2026-08-26,(none),"The analyst selects low, medium, or high resolution to balance sensitivity against spectral interference suppression.",Y,Y,Y,,Low resolution (M/ΔM ≈ 400),Low resolution (M/ΔM = 300; cool plasma mapping),Run 1: Medium resolution (M/ΔM = 4000) for major elements; Run 2: Low resolution (M/ΔM = 300) for trace elements,Low resolution (M/ΔM = 300),Medium resolution (m/Δm ≈ 4000),Low resolution (M/ΔM = 300),Low resolution (M/ΔM = 300)
Detector Configuration,"Type(s) of detector(s) installed in the mass spectrometer. For single-collector instruments, note whether dual pulse-counting/analog mode is used. For multi-collector instruments, describe the Faraday/multiplier cup layout.",Basic,Read-Only,Text (free),"e.g., 'Single SEM, dual mode (pulse counting and analog)' | 'Single SEM in triple mode (pulse, analog, Faraday)' | 'Nine Faraday cups + one ion counter (MC)'",,2026-08-26,(none),,Y,Y,Y,,Triple mode detection (pulse counting + analog + Faraday) at 65% duty cycle,Triple mode detection (all analytical modes),Triple mode detection; Faraday used for major elements in run 1,Triple mode detection,N (parameters lost),"Triple mode detector (pulse counting, analog, Faraday)","Triple mode detector (pulse counting, analog, Faraday)"
Laser Wavelength and Type,Wavelength and type of the laser used for ablation in nanometres.,Basic,Read-Only,Text (free),"e.g., '193 nm ArF excimer' | '213 nm Nd:YAG frequency-quintupled' | '257 nm Yb:KGW femtosecond' | '1030 nm Yb:KGW IR femtosecond'",Source: Laser Ablation module,2026-08-26,(none),,Y,Y,Y,,N,193 nm ArF excimer; pulse duration ~5 ns,193 nm ArF excimer; pulse duration ~5 ns,193 nm ArF excimer; pulse duration ~5 ns,193 nm solid-state (New Wave UP-193),193 nm ArF excimer; pulse duration 4 ns,193 nm ArF excimer; pulse duration 4 ns
Acquisition Software,"Instrument control, automation and data acquisition software used to collect the raw data, including version number. Distinct from Data Processing Software(s), which covers everything applied to the data after acquisition.",Basic,Editable,Text (free),"e.g., 'Thermo Qtegra 2.10.3324' | 'Agilent MassHunter Workstation 4.6' | 'Thermo PlasmaLab 2.5.4'",Source: Core module,2026-08-26,(none),,Y,Y,Y,,N,N,N,N,N,N,N
Data Processing Software(s),"All software applied to the data after acquisition in order to produce the reported quantities, including version numbers. List every package used. Distinct from Acquisition Software, which controls the instrument and collects the raw data.",Basic,Editable,Text (free),"e.g., 'Iolite 4.7 (Paton et al. 2011)' | 'GLITTER 4.4' | 'SILLS 1.1.5 (Guillong et al. 2008)' | 'LAtools' | 'In-house MatLab script'",Source: Core module,2026-08-26,(none),,Y,Y,Y,,"N (paper only states ""standardization techniques followed those of Humayun (2012)""; no software named)",In-house MatLab script (Appendix C1),In-house MatLab script (Appendix C2),In-house MatLab script (Appendix C3),Excel spreadsheets developed by C.-T. A. Lee (Rice University),iolite 4.5.7 with 3D Trace Elements DRS,iolite 4.5.7 with 3D Trace Elements DRS
Ablation Cell Type,"Type, design origin, and internal volume of the ablation cell.",Basic,Read-Only,Text (free),"e.g., 'Two-volume HelEx II (Müller et al. 2009)' | 'HDIP low-dispersion tube-type cell' | 'Single-volume standard cell' | 'ARIS (Aerosol Rapid Introduction System)'",Source: Laser Ablation module,2026-08-26,(none),Cell volume is a primary determinant of aerosol washout time and therefore the achievable time resolution of the data.,Y,Y,Y,,N,HELEX II two-volume ablation cell,HELEX II two-volume ablation cell,HELEX II two-volume ablation cell,N (standard cell; parameters lost),HelEx II two-volume sample cell,HelEx II two-volume sample cell
Sample Introduction,"Configuration by which the ablated aerosol is delivered to the plasma, including tubing, any signal-homogenising device, and any co-aspirated solution introduced alongside the aerosol — for example a Tl solution used for instrumental mass bias correction, or an isotopic spike used for isotope dilution. Distinct from the carrier and make-up gas fields, which record gas identity and flow rather than what else enters the plasma.",Basic,Read-Only,Text (free),"e.g., 'Squid signal homogeniser, 2 m PTFE tubing, no co-aspiration' | 'Dry plasma; Tl solution co-aspirated via desolvating nebuliser for mass bias correction'",,2026-08-26,(none),,Y,Y,Y,,,,,,,,
,,,,,,,,,,,,,,,,,,,,
4. Measurement Information,,,,,,,2026-08-26,,,N,N,N,N,,,,,,,
Analytical Mode,Primary analytical mode(s) executed under this procedure. Records one value for a single-mode procedure and all applicable modes for a multi-mode one. Applies even where a procedure defines no mode flag columns.,Basic,Read-Only,Controlled list,'Spot' | 'Transect' | 'Mapping' | 'Spot; Transect',Source: Core module,2026-08-26,(none),"Serves as the procedure-level declaration of measurement type, distinct from the mode flag columns, which state per-field applicability. Ensures every procedure record is self-describing and comparable across the library.",Y,Y,Y,,,,,,,,
Laser Spot Geometry,"Shape and dimensions of the laser ablation spot in micrometres registered by the procedure. For circular spots, report diameter; for square or rectangular spots, report width × length.",Basic,Editable,Text (free),"e.g., '25 µm circular' | '20×20 µm square' | '15 or 25 µm circular (phase-dependent)'",Source: Laser Ablation module,2026-08-26,(none),,Y,Y,Y,,Raster: 50 µm circular beam spot; Spot (Ge): 150 µm circular,20×20 µm square,Run 1 (major): 30 µm circular; Run 2 (trace): 130 µm circular,110 µm circular (spot mode),75 µm circular,150 µm circular,150 µm square (mapping mode)
Spot Diameter (Measured),"Diameter of the laser spot as independently measured on the sample or on a test material, distinct from the nominal value the procedure registers.",N/A,Basic,Numeric (µm),"e.g., '32.4' | 'nominal 35, measured 33.1 +/- 0.8 (n = 12 pits, white-light profilometry)'",Source: Laser Ablation module,2026-08-26,(none),Measured companion to Laser Spot Geometry: nominal and delivered spot size can differ appreciably with optics condition and focus.,Y,Y,Y,,,,,,,,
Laser Spot Path / Ablation Mode,Sampling mode or ablation pattern used during analysis.,Basic,Read-Only,Controlled list,Spot (stationary) | Transect (continuous line scan) | Raster area (2D elemental mapping) | Stepped line profile | N/A | None | Other: specify,Source: Laser Ablation module,2026-08-26,(none),,Y,Y,Y,,Raster area (2D mapping) for most irons; Spot (stationary) for Ge analysis on 5 irons,Raster area (2D elemental mapping),"Transect (line scan, run 1) + Spot (run 2 on same location after pre-ablation)",Spot (stationary),Spot (stationary),Spot (stationary),Raster area (2D elemental mapping)
Laser Energy,Laser pulse energy in millijoules as set at the laser output or measured at the sample surface. Report only when the system displays energy directly. Laser fluence (J cm⁻²) is the preferred quantity and is captured in Laser Fluence (Energy Density).,Advanced,Editable,Numeric (mJ),"e.g., 0.001 mJ | 3.5 mJ",Source: Laser Ablation module,2026-08-26,(none),Less commonly reported than fluence because it does not account for spot area.,Y,Y,Y,,N,N,N,N,N,N,N
Laser Fluence (Energy Density),"Laser pulse energy per unit area at the sample surface in J cm⁻², as registered by the procedure. If the system reports only as % of maximum output, include that value and note the system maximum where known.",Basic,Editable,Numeric (J cm⁻²),"e.g., '3.5 J cm⁻²' | '7 J cm⁻²' | '60% output (PHAROS system, max ~15 J cm⁻²)'",Source: Laser Ablation module,2026-08-26,(none),"Fluence is the physically meaningful quantity controlling ablation rate, crater morphology, elemental fractionation, and particle size distribution.",Y,Y,Y,,"N (no fluence reported; energy density characterized as ""sufficient to resolve Ge from background argide"")",5–7 J cm⁻²,Run 1 (major): 4.72 J cm⁻²; Run 2 (trace): 4.72 J cm⁻²,3.5 J cm⁻²,N (parameters lost),7 J cm⁻²,7 J cm⁻²
Laser Beam Energy Profile,"Spatial energy distribution of the laser beam at the sample surface, and whether a beam homogenizer is installed.",Advanced,Read-Only,Controlled list / Text,Flat-top (top-hat) — beam homogenizer installed | Gaussian — no beam homogenizer | Not stated | N/A | None,Source: Laser Ablation module,2026-08-26,(none),A flat-top (top-hat) profile produces more uniform ablation craters and more reproducible crater morphology than a Gaussian beam.,Y,Y,Y,,N,N,N,N,N,N,N
Laser Repetition Rate,Laser pulse repetition rate in hertz registered by the procedure.,Basic,Editable,Numeric (Hz),"e.g., 5 | 10 | 20 | 100",Source: Laser Ablation module,2026-08-26,(none),"For mapping methods, repetition rate together with scan speed and spot size determines pixel size and spatial resolution.",Y,Y,Y,,Raster: 50 Hz; Spot (Ge): 50 Hz,20 Hz,Run 1 (major): 20 Hz; Run 2 (trace): 40 Hz,20 Hz,N (parameters lost),10 Hz,10 Hz
Laser Pulse Duration,"Duration of each individual laser pulse, including units.",Basic,Read-Only,Text (free),"e.g., '4 ns (ArF excimer)' | '20 ns' | '290 fs (Yb:KGW)' | '220 fs (Ti:sapphire)'",Source: Laser Ablation module,2026-08-26,(none),Pulse duration determines the ablation regime: nanosecond (ns) pulses involve significant thermal effects and elemental fractionation; femtosecond (fs) pulses are non-thermal and substantially reduce elemental fractionation and matrix effects.,Y,Y,Y,,N (UP193FX; ns solid-state; pulse duration not reported),~5 ns (ArF excimer),~5 ns (ArF excimer),~5 ns (ArF excimer),N (parameters lost),4 ns (ArF excimer Excite 193),4 ns (ArF excimer Excite 193)
Ablation Duration per Spot,"Total on-sample ablation (signal acquisition) time per individual spot in seconds, as set in the acquisition method. For transect analysis, the equivalent procedure-level parameter is scan speed (captured in Transect Rate, Mapping Rate or Step Size). For mapping analysis, total acquisition time is sample-area-dependent and is not captured here.",Basic,Editable,Numeric (s),"e.g., 40 s | 60 s | 90 s",Source: Laser Ablation module,2026-08-26,(none),"For spot analysis, reflects the deliberate trade-off between signal accumulation (longer = lower LOD), sample consumption, and session throughput.",Y,N,N,,N/A (raster) / 20 s (spot Ge at 50 Hz),N/A (mapping mode),"N/A (line scan run 1) / N/A (spot run 2 — duration set by 34 runs covering 400 µm + washout, not a fixed spot duration)",20 s spot ablation (plus 10 s washout); 25 cycles acquisition,N (parameters lost),40 s on-sample ablation (after 20 s background measurement),N/A (mapping mode)
Ablation Pit Depth and Ablation Rate,"Depth of the ablation pit produced under the registered laser conditions, the method used to measure it, and the resulting per-pulse ablation rate. For transect and mapping the equivalent quantity is trench depth under the same conditions.",Basic,Editable,Text (free),"e.g., 'Pit depth 18 um after 300 pulses (white-light profilometry); 60 nm/pulse' | 'Trench depth 4 um at 5 um/s scan speed'",Source: Laser Ablation module,2026-08-26,(none),Sets the achievable depth resolution and governs downhole elemental fractionation.,Y,Y,Y,,,,,,,,
"Transect Rate, Mapping Rate or Step Size","For continuous line scan (transect) and raster mapping: the stage translation speed in µm s⁻¹. For mapping, the mapping rate (mm² h⁻¹) may be reported as an alternative when scan speed is session-variable. For stepped line profiles: the distance between successive spot positions in µm.",Advanced,Editable,Text (free),"e.g., '5 µm s⁻¹ (transect)' | '9 µm s⁻¹ (raster mapping, 20×20 µm spot, 20 Hz)' | '20 µm step size' | '0.3–30 mm² h⁻¹ (mapping rate range)'",Source: Laser Ablation module,2026-08-26,(none),"Together with spot size and repetition rate, determines spatial resolution along the scan direction.",N,Y,Y,,10 µm s⁻¹ (raster scan); N/A (spot Ge),9 µm s⁻¹ (continuous raster),10 µm s⁻¹ (line scan run 1); spot mode (run 2),N/A (spot mode),N/A (spot mode),N/A (spot mode),10 µm s⁻¹ (continuous raster scan)
Raster Line Spacing (Mapping Only),"Distance between adjacent raster lines in a 2D elemental map, measured perpendicular to the scan direction, in micrometres. Applies to raster mapping only.",Basic,Editable,Text (free),"20 µm (contiguous, equal to spot size) | 15 µm pitch with 5 µm gap between lines | N/A (spot or line-scan mode)",Source: Laser Ablation module,2026-08-26,(none),"Together with spot size, this determines whether adjacent lines are contiguous (line spacing = spot size), overlapping (line spacing < spot size), or have gaps (line spacing > spot size).",N,N,Y,,N (line spacing not explicitly stated; 50 µm spot scanned at 10 µm s⁻¹),20 µm (contiguous; 20×20 µm square spot = line spacing equals spot width),N/A (line scan + spot; not 2D mapping),N/A (spot mode),N/A (spot mode),N/A (spot mode),N (line spacing not stated; 150 µm spot at 10 µm s⁻¹)
Carrier Gas and Flow Rate,"Gas used to transport ablated aerosol from the ablation cell to the ICP-MS torch, with the procedure-registered target flow rate(s). Helium is standard for most UV laser systems due to superior aerosol transport. Flow rates are procedure targets; actual session values may be adjusted within ±10% during tuning.",Basic,Editable,Text (free),"e.g., 'He, 0.75 l min⁻¹' | 'He: MFC-1 (cell) 0.60 l min⁻¹ + MFC-2 (cup) 0.35 l min⁻¹'",,2026-08-26,(none),,Y,Y,Y,,N,He: MFC-1 (cell) 0.200–0.260 l min⁻¹; MFC-2 (cup) 0.220–0.385 l min⁻¹,He: MFC-1 0.19 l min⁻¹; MFC-2 0.22 l min⁻¹,He: MFC-1 0.270 l min⁻¹; MFC-2 0.250 l min⁻¹,N (parameters lost),He: 0.6 l min⁻¹ (MFC 1) + 0.7 l min⁻¹ (MFC 2) in HelEx II cell; combined with Ar makeup via T-piece near torch,He: 0.6 l min⁻¹ (MFC 1) + 0.7 l min⁻¹ (MFC 2) in HelEx II cell
Make-up Gas and Flow Rate,"Supplementary gas added to the sample-carrying stream between the sample introduction system and the plasma, with its identity and the procedure-registered target flow rate. Record any small nitrogen or hydrogen addition with its own flow, whose unit commonly differs from the make-up flow. Record 'None' explicitly where no supplementary gas is added, to distinguish it from not reported.",Advanced,Editable,Numeric (L/min) / Text,"e.g., 'Ar make-up gas, 0.95 l min⁻¹' | 'Ar make-up 0.80 l min⁻¹ + N₂ 2 ml min⁻¹ (sensitivity enhancement)' | 'None (no N₂ added)'",Source: ICP-MS module,2026-08-26,(none),"Argon make-up is standard and maintains total gas delivery where the carrier flow alone is insufficient — downstream of an ablation cell, or of a desolvation system that has removed solvent load. Small nitrogen or hydrogen additions enhance sensitivity for some elements.",Y,Y,Y,,N,Ar make-up: 0.81–0.99 l min⁻¹ (mapping); N₂ explicitly not added,Ar make-up: 0.947 l min⁻¹ (run 1 and run 2); N₂ not added,Ar make-up: 0.96 l min⁻¹; N₂ not added,N (parameters lost),Ar make-up gas (combined via T-piece in sample transport line near torch; flow rate not stated separately),Ar make-up gas (same as spot protocol)
Coolant (Plasma) Gas Flow Rate,"Flow rate of the outer (coolant/plasma) argon gas stream that sustains the ICP plasma, in L/min.",Basic,Editable,Numeric (L/min),14 L/min | 15 L/min | Other: specify,Source: ICP-MS module,2026-08-26,(none),Determines plasma volume and stability.,Y,Y,Y,,N,Cool: 15 l min⁻¹ Ar; Auxiliary: 0.81 l min⁻¹ (mapping),Cool: 15 l min⁻¹ Ar; Auxiliary: 0.90 l min⁻¹ (run 1 and run 2),Cool: 15 l min⁻¹ Ar; Auxiliary: 0.85 l min⁻¹,N,Plasma gas: 16 l min⁻¹; Auxiliary: 0.9 l min⁻¹; Nebulizer gas (from table): 1.1 l min⁻¹,Plasma gas: 16 l min⁻¹; Auxiliary: 0.9 l min⁻¹
Auxiliary Gas Flow Rate,"Flow rate of the intermediate (auxiliary) argon gas stream, between the torch body and the injector tube, which positions the plasma relative to the load coil, in L/min. Distinct from the outer coolant (plasma) gas and from the gas stream that carries sample into the plasma.",Basic,Editable,Numeric (L/min),0.8 L/min | 1.0 L/min | 1.2 L/min | Other: specify,Source: ICP-MS module,2026-08-26,(none),Affects ion extraction efficiency and oxide production rates.,Y,Y,Y,,N,N,N,N,N,N,N
RF Power,"Radiofrequency forward power applied to the ICP, in watts.",Basic,Editable,Numeric (W),"e.g., 800 W | 1200 W | 1350 W | 1550 W",Source: ICP-MS module,2026-08-26,(none),"Affects plasma temperature, ionisation efficiency, oxide formation, and whether cool or normal plasma conditions are in effect.",Y,Y,Y,,N (not reported),800 W (cool plasma for mapping),1000 W (run 1 major elements + run 2 trace elements),1000 W,N (parameters lost),1200 W,1200 W
Plasma Thermal Mode,Whether the ICP plasma is operated under cool plasma (<=900 W RF) or normal (hot) plasma (>1000 W RF) conditions. Document independently of the RF Power field.,Basic,Read-Only,Controlled list,Normal plasma (>1000 W RF) | Cool plasma (≤900 W RF) | Mixed: specify mode per analytical sub-run | N/A | None | Other: specify,Source: ICP-MS module,2026-08-26,(none),"Cool plasma substantially reduces argide-based polyatomic interferences (e.g., ⁴⁰Ar on ⁴⁰Ca, ⁴⁰Ar⁴⁰Ar on ⁸⁰Se). A fundamental method design choice that determines which interference corrections are necessary.",Y,Y,Y,,N,Cool plasma (800 W RF) to reduce Ar-based argide interferences on ⁶⁰Ni and ⁷¹Ga,Normal plasma (1000 W RF),Normal plasma (1000 W RF),N,N,N
Signal Smoothing,"Description of any signal smoothing device or approach installed between the ablation cell and the ICP-MS to reduce pulse-to-pulse signal variability. Note: active signal smoothing devices (e.g., squid, SCFAST) are generally incompatible with high-resolution raster mapping because they degrade spatial resolution by mixing aerosol from successive laser shots. For mapping analyses, report ""None"" explicitly.",Advanced,Editable,Text (free),"e.g., 'Squid 2.0 (laurin technik)' | 'ARIS (Aerosol Rapid Introduction System)' | 'None'",,2026-08-26,(none),,Y,Y,Y,,N,None (no signal smoothing device; N₂ not added),None,None,N (parameters lost),None,None
ICP Tuning,"Description of the approach used to optimise ICP plasma conditions prior to analysis, including the reference material used for tuning and the acceptance criteria (e.g., oxide production threshold, sensitivity targets, mass calibration).",Advanced,Editable,Text (free),"e.g., 'Daily auto-tune on NIST SRM 612; optimised for max sensitivity on ¹³⁹La and ²³²Th with ThO⁺/Th⁺ <0.5% and U/Th = 1.0 ± 0.05'",Source: ICP-MS module,2026-08-26,(none),,Y,Y,Y,,N,Daily tuning; cool plasma conditions optimized; N₂ explicitly not added to avoid N-based interferences,Same instrument as mapping; tuning optimized per run (different RF power and resolution settings per run),Same instrument as olivine runs; tuned for normal plasma conditions,N (parameters lost),ICP and laser settings optimized daily for optimum signal intensity and low oxide formation (factory specifications; mass calibration and detector cross-calibration checked and redone if required),Same as spot protocol
Instrument Sensitivity,"Instrument sensitivity achieved in the session, with the isotope or channel it was measured on and the conditions it applies to. May be expressed either as detected signal per unit concentration or per unit mass of analyte delivered — counts per second per ppb, volts per ppm, counts per picogram — or as useful yield, the percentage of sampled atoms ultimately detected as ions, with the method used to derive it cited. A sensitivity the procedure requires before analyses may begin belongs with the tuning acceptance criteria.",N/A,Advanced,Numeric + unit / Text,"e.g., '0.42% useful yield (U, method of Horstwood et al. 2016)' | '0.1% useful yield (analytes, msfs-LA-ICP-MS)' | '1.2 x 10^6 cps/ppb on 115In' | 'N/A'",Source: ICP-MS module,2026-08-26,channel,"Useful yield is the more comparable of the two wherever the amount of material consumed varies between procedures, as it does with spot size, fluence and repetition rate.",Y,Y,Y,,,,,,,,
Oxide Production Method and Threshold,"Method used to quantify plasma oxide production and the acceptance threshold applied before commencing analysis. Record both the monitored mass ratio(s) and the maximum allowed threshold(s). Measured values are recorded in Oxide Production. The monitored ratio is procedure-dependent: ThO+/Th+ (m/z 248/232), UO+/U+ (254/238), CeO+/Ce+ (156/140) and BaO+/Ba+ are all in use.",Basic,Read-Only,Text (free),"e.g., 'ThO⁺/Th⁺ (248/232) <0.5%' | 'ThO⁺/Th⁺ <0.3%; UO⁺/U⁺ monitored at 0.95–1.05' | 'CeO⁺/Ce⁺ <1.0%'",Source: ICP-MS module,2026-08-26,(none),,Y,Y,Y,,N (not reported; no oxide proxy threshold stated),ThO⁺/Th⁺ (mass 248/232); threshold not explicitly stated but minimized by cool plasma,N (normal plasma; no threshold stated for runs 1 and 2),N (normal plasma; no threshold stated),N (parameters lost),N (factory optimization criterion; exact threshold not stated),N (same as spot protocol)
Oxide Production,"Measured oxide production ratio obtained during session-start tuning, for the proxy specified in Oxide Production Method and Threshold. Record the measured value and confirm whether the procedure threshold was met.",N/A,Basic,Text (free),"e.g., 'ThO⁺/Th⁺ = 0.3% (threshold <0.5% met)' | 'ThO⁺/Th⁺ = 0.08%' | 'CeO⁺/Ce⁺ = 0.7% (threshold <1.0% met)'",Source: ICP-MS module,2026-08-26,(none),,Y,Y,Y,,N,N,N,N,N,N,N
Doubly-Charged Species Monitor,The mass ratio monitored to estimate doubly-charged ion (M²⁺) formation during instrument tuning. Doubly-charged ions appear at half the mass of the parent ion and can cause isobaric interferences on analytes in that mass region. The monitor species and the mass positions monitored should be stated explicitly. Analogous to Oxide Production Method and Threshold for oxide monitoring.,Advanced,Editable,Text (free),¹³⁸Ba²⁺/¹³⁸Ba⁺ (m/z 69/138); Ce²⁺/Ce⁺ (m/z 70/140); ²³⁸U²⁺/²³⁸U⁺ (m/z 119/238),,2026-08-26,(none),,Y,Y,Y,,,,,,,,
Doubly-Charged Species Production,"Measured percentage of doubly-charged ion production for the monitored species at the time of instrument tuning. The procedure should specify the acceptable threshold (e.g., <1%, <3%); the measured value for each session is recorded here. Report both the threshold and the measured value where possible.",Advanced,Editable,Text (free),"<1% (threshold); 0.4% (measured, ¹³⁸Ba²⁺/¹³⁸Ba⁺); N (not reported)",,2026-08-26,(none),,Y,Y,Y,,,,,,,,
Instrument Warm-up / Session Duration Limit,"Minimum warm-up time required after plasma ignition before analyses begin, and any maximum session duration enforced to maintain stable operating conditions.",Advanced,Read-Only,Text (free),"e.g., '≥30 min warm-up after sample change; sessions ≤8 h after tuning' | '3–4 h warm-up; no session duration limit'",Source: ICP-MS module,2026-08-26,(none),,Y,Y,Y,,N,N,N,N,N,N,N
Analysis Sequence,"The repeating order in which calibration or bracketing standards, quality-control and secondary reference materials, blanks and unknowns are interleaved within a measurement session. Adjustments must maintain the bracketing strategy defined in the procedure.",Basic,Editable,Text (free),"e.g., '1 primary std / 1 QC / 10 unknowns' | '2/4/15' | 'Calibration at start and end; unknowns in between'",,2026-08-26,(none),,Y,Y,Y,,Standards at start of session → raster unknowns → repeat → standards at end; separate session for Ge spot analyses,(i) Gas blanks → (ii) all glass GRMs for external calibration → (iii) 1–3 cosmic spherule unknowns → (iv) blanks → (v) all glass GRMs again,GRM block (3–5×) → unknowns → GRM block (3–5×); same structure for run 1 and run 2,MPI-DING and USGS GRMs at beginning → unknowns → repeated GRM at end,"BCR-2g, BHVO-2g, BIR-1g measured as calibration standards; Marjalahti as in-session control",NIST SRM 612(×3) → North Chile(×3) → unknowns(×10) → NIST SRM 612(×2) → North Chile(×2) → unknowns(×10) → … (bracketing every 15),Background (1 min) → NIST SRM 612(×3) → North Chile(×3) → unknown map (30 min) → North Chile(×3) → NIST SRM 612(×3) → background
Analyte,"The chemical species this procedure is designed to determine, recorded at whatever resolution the chemistry is resolved — element(s) for this technique; valence species where a procedure resolves oxidation state; compounds where it resolves molecules. Isotopes are not analytes: isotopes of an element are the same chemical species. The subset actually measured may be narrower than the registered suite where species were excluded due to interferences or scope reduction.",Basic,Editable,Text (free),"e.g., 'Major elements: Mg, Si, Ca, Fe; Trace elements: Sc, V, Cr ... U' | 'All REE: La-Lu'",Source: Analyte module,2026-08-26,defines: analyte,,Y,Y,Y,,"³¹P, ⁵¹V, ⁵³Cr, ⁵⁵Mn, ⁵⁷Fe, ⁵⁹Co, ⁶⁰Ni, ⁶³Cu, ⁷¹Ga, ⁷⁴Ge, ⁷⁵As, ⁹⁵Mo, ¹⁰²Ru, ¹⁰³Rh, ¹⁰⁶Pd, ¹²⁰Sn, ¹²¹Sb, ¹⁸²W, ¹⁸⁵Re, ¹⁹⁰Os, ¹⁹³Ir, ¹⁹⁵Pt, ¹⁹⁷Au (23 elements; 31P, 51V, 53Cr, 55Mn, 57Fe, 59Co, 60Ni, 63Cu, 71Ga for spot Ge runs)","²⁵Mg, ²⁷Al, ²⁹Si, ³¹P, ⁴⁵Sc, ⁵¹V, ⁵³Cr, ⁵⁵Mn, ⁵⁷Fe, ⁶⁰Ni, ⁷¹Ga, ¹³⁹La, ¹⁵³Eu, ¹⁹⁵Pt (14 nuclides)","Run 1 (major): ²⁵Mg, ²⁹Si, ³¹P, ⁴⁴Ca, ⁵³Cr, ⁵⁵Mn, ⁵⁷Fe (7 nuclides; medium resolution); Run 2 (trace): ⁷Li, ⁴⁵Sc, ⁵¹V, ⁵³Cr, ⁵⁹Co, ⁶⁰Ni, ⁶³Cu, ⁶⁶Zn, ⁸⁹Y, ⁹⁰Zr, ⁹³Nb, ¹³³Cs, ¹³⁷Ba, ¹³⁹La–¹⁷⁵Lu (all REE), ¹⁸⁰Hf, ¹⁸¹Ta, ¹⁸²W, ¹⁸⁵Re, ¹⁹³Ir, ¹⁹⁵Pt, ¹⁹⁷Au, ²³²Th, ²³⁸U (36 nuclides)","²³Na, ²⁵Mg, ²⁷Al, ²⁹Si, ³¹P, ³⁹K, ⁴⁴Ca, ⁴⁵Sc, ⁴⁷Ti, ⁵¹V, ⁵³Cr, ⁵⁵Mn, ⁵⁷Fe, ⁵⁹Co, ⁶⁰Ni, ⁶³Cu, ⁶⁶Zn, ⁸⁵Rb, ⁸⁸Sr, ⁸⁹Y, ⁹⁰Zr, ⁹³Nb, ¹³³Cs, ¹³⁷Ba, ¹³⁹La–¹⁷⁵Lu (all REE), ¹⁸⁰Hf, ¹⁸¹Ta, ²⁰⁸Pb, ²³²Th, ²³⁸U (43 nuclides)","²⁵Mg, ²⁷Al, ³¹P, ⁴³Ca, ⁴⁴Ca, ⁴⁵Sc, ⁴⁷Ti, ⁴⁹Ti, ⁵¹V, ⁵²Cr, ⁵³Cr, ⁵⁹Co, ⁶⁰Ni, ⁶¹Ni, ⁶²Ni, ⁶⁴Zn, ⁶⁶Zn, ⁶⁹Ga, ⁷¹Ga (19 nuclides)","⁵²Cr, ⁵⁷Fe, ⁵⁹Co, ⁶¹Ni, ⁶⁵Cu, ⁶⁹Ga, ⁷²Ge, ⁷⁵As, ⁹⁹Ru, ¹⁰³Rh, ¹⁰⁵Pd, ¹⁸²W, ¹⁸⁵Re, ¹⁸⁹Os, ¹⁹³Ir, ¹⁹⁵Pt, ¹⁹⁷Au (17 isotopes); low relative abundance isotopes chosen for Ni and Fe (analog mode)","⁵²Cr, ⁵⁷Fe, ⁵⁹Co, ⁶¹Ni, ⁶⁵Cu, ⁶⁹Ga, ⁷²Ge, ⁷⁵As, ⁹⁹Ru, ¹⁰³Rh, ¹⁰⁵Pd, ¹⁸²W, ¹⁸⁵Re, ¹⁸⁹Os, ¹⁹³Ir, ¹⁹⁵Pt, ¹⁹⁷Au (same 17 isotopes as spot protocol)"
Monitored Masses,"Specific masses monitored in this procedure, grouped by the analyte element they serve where they serve one. Covers atomic isotopes and, where a reaction cell shifts an analyte onto a different mass, the product mass actually measured. Includes interference-monitor and internal-standard masses, which serve no analyte and so have no parent element. The analyte list is given by the Analyte field and is never inferred from the element symbols appearing here.",Basic,Read-Only,Text (free),⁷Li | ²⁵Mg | ⁵⁶Fe | ²⁰⁸Pb | N/A | None | Other: specify,,2026-08-26,defines: channel per analyte,,Y,Y,Y,,N,N,N,N,N,N,N
Reported Variables and Units,"The final variable(s) this procedure reports and their units — distinct from the fields recording what was *acquired* rather than what is reported. Record every reported variable, including intermediate quantities reported alongside final ones (e.g. both the 206Pb/238U ratio and the 206Pb/238U date). Where a reported variable is a nominal property with no magnitude (e.g. a mineral identification), record the variable and give the unit as 'N/A — nominal property'.",Basic,Read-Only,Text (free),"e.g., 'Element concentrations in ug/g; 2SE per analyte' | '207Pb/206Pb, 206Pb/238U, 207Pb/235U (radiogenic, common-Pb corrected), absolute ratios with 2-sigma'",Source: Core module,2026-08-26,defines: reported property,A procedure may acquire many channels and report a small number of derived quantities; without this field a data consumer cannot tell which.,Y,Y,Y,,,,,,,,
Mass Resolution Assignment,"Mass resolution mode assigned to each acquired mass. The selected resolution determines which polyatomic interferences are physically resolved by the magnetic sector. One analyte may be acquired at more than one resolution, so the assignment is per acquired mass rather than per element. The overall mode(s) used in the procedure are recorded in Mass Resolution Setting (Group 3).",Basic,Read-Only,Text (free),"LR: Ag, Cd, Sb, Tl, Bi; MR: Ga, Ge, Mo, In, Sn, W | All LR (m/Δm ≈ 300) | N/A | None | Other: specify",,2026-08-26,channel,,Y,Y,Y,,N,N,N,N,N,N,N
E-scan Range,"Electric scan range used for peak acquisition, expressed as percentage of the centre mass (%). Varies the accelerating voltage to cover masses in the vicinity of the set magnetic mass without re-scanning the magnet. Record 'N/A' if E-scan acquisition mode is not used.",Advanced,Read-Only,Numeric (%),15% | 10% | N/A,,2026-08-26,(none),,Y,Y,Y,,N,N,N,N,N,N,N
Triple Scanning Mode,Whether each mass peak is scanned three times per cycle and the results averaged (Y/N). Used to reduce noise from short-term magnetic field instabilities on sector-field instruments. Triple scanning affects the effective integration time per cycle and should be reported. Record 'N/A' if not applicable to the instrument.,Advanced,Read-Only,Controlled list,Y | N | N/A | None | Other: specify,,2026-08-26,(none),,Y,Y,Y,,N,N,N,N,N,N,N
Ion Counter Dead Time,"Dead time of each ion-counting detector channel, used in the dead-time correction applied to high count rates. Distinct from pulse/analog cross-calibration, which relates the two detector modes rather than correcting counting losses within the pulse-counting mode.",Basic,Editable,Numeric (ns),"e.g., '23' | '23 ns (determined from NIST 612 at varying spot size, checked quarterly)'",Source: ICP-MS module,2026-08-26,channel,,Y,Y,Y,,,,,,,,
Dwell Time per Mass,"Count time (dwell time) per mass position for each measured isotope in milliseconds. Longer dwell times improve counting statistics and lower detection limits but reduce the number of isotopes measurable within a given scan cycle time. For mapping, scan cycle time directly determines spatial resolution at a given scan speed: shorter cycle time = finer spatial resolution.",Basic,Editable,Numeric (ms) / Text,"e.g., 6 ms (most isotopes); 35 ms (¹⁴⁷Sm, ¹⁵³Eu, ¹⁵⁸Gd for REE work)",,2026-08-26,channel,,Y,Y,Y,,N (dwell times not reported),0.01 s (10 ms) per nuclide; samples per peak: 10; duty cycle time: 1.944 s (14 nuclides),Run 1 (major): 0.01 s per nuclide; samples per peak: 18; duty cycle: 2.069 s; Run 2 (trace): 0.01 s per nuclide; samples per peak: 7; duty cycle: 2.062 s,"0.01 s per nuclide; samples per peak: 5; duty cycle: 1.813 s; mass window 150% for ²³Na–⁴⁷Ti, 100% for all other nuclides",N (parameters lost; 10–50 ms varies by isotope per paper text),0.02 s per isotope; 100 samples per peak; 10 runs; 60 passes; total measurement time 120 s per analysis,0.02 s per isotope; 100 samples per peak (same as spot protocol)
Total Integration Time per Output Data Point,"Total duty-cycle time for one complete mass-scan sweep — the sum of all per-isotope dwell times plus inter-mass settling times. Sets the time resolution of the downhole signal, and is not recoverable from Dwell Time per Mass alone because settling time is not captured there. Applies to sequential (quadrupole and single-collector sector-field) acquisition.",Basic,Editable,Numeric (s),"e.g., '0.284' | '0.31 s (24 masses, 10 ms dwell, 4 ms settling)'",,2026-08-26,(none),,Y,Y,N,,,,,,,,
Background Count Time,"Total time spent measuring gas blank (background signal with laser off or shutter closed) before each ablation event, in seconds. For spot and transect analysis, a discrete background interval is measured before each ablation. For mapping, background is typically measured once per raster line or at the start of a map session rather than before each individual pixel. Editable to allow session-specific adjustment.",Basic,Editable,Numeric (s),"e.g., '30 s (spot/transect)' | '10 s per raster line (mapping)' | '25 s (one gas blank map per GRM at session start)'",,2026-08-26,(none),,Y,Y,Y,,N (gas blank measured before analyses but duration not reported),Scans for gas blank: 10 per line (before each mapping line); 80 scans during ablation,Run 1: 5 gas blank scans; 24 ablation scans; Run 2: 5 gas blank scans; 24 ablation scans,8 gas blank scans; 11 ablation scans (25 cycles measurement: 15 s blank + 20 s ablation + 10 s washout),N (parameters lost; gas blank measured before each analysis per paper text),20 s background measurement (laser shutter closed) before each 40 s ablation,60 s background measurement before mapping session start; 3 measurements each for NIST and North Chile after background
Multi-Run Sequential Analysis Design,"Whether the procedure uses a single acquisition pass or multiple sequential runs on the same sample location, each optimized for different analytical objectives. For multi-run designs, describe the number of runs, their purpose, key laser and instrument settings per run, and how outputs of one run feed into data reduction of another. Not applicable to raster mapping, where each spatial location is visited exactly once.",Advanced,Read-Only,Text (free),"e.g., Single run | Two sequential runs: run 1 (major elements, 30 µm circular, medium resolution) → run 2 (trace elements, 130 µm circular, low resolution; Cr from run 1 as IS) | Pre-ablation pass + single acquisition run",,2026-08-26,(none),,Y,Y,N,,N (single raster acquisition; Ge spot separate session),N/A (mapping; no sequential multi-run),"Three-stage sequential design on same olivine location:
(1) Pre-ablation pass (2 J cm⁻², 150 µm square, 300 µm s⁻¹) to remove surface contamination;
(2) Run 1 — major elements (30 µm circular, MR M/ΔM=4000, 20 Hz, 7 nuclides);
(3) Run 2 — trace elements (130 µm circular, LR M/ΔM=300, 40 Hz, 36 nuclides; Cr from run 1 as IS)",Single spot analysis run per location (25 cycles: 15 s blank + 20 s ablation + 10 s washout); 3 replicates,Single spot per location (75 µm circular),Single acquisition run (20 spot analyses per sample under repeatability conditions),N/A (mapping)
Analysis Location/Spot Coordinates,"Location of the analysis on the sample surface. For spot and transect analysis: stage coordinates (X, Y in µm) or a description relative to a named reference feature (e.g., mineral rim, inclusion boundary). For mapping: coordinates of the map corner(s) or centre, plus map dimensions.",N/A,Basic,Text (free),"e.g., 'X = 12350 µm, Y = 8760 µm (stage coordinates)' | '500 µm from metal-olivine rim toward core' | 'Map centre: X=15000, Y=9000 µm; area: 1450×600 µm'",Source: Laser Ablation module,2026-08-26,sample > sampling unit,Enables spatial reconstruction and co-registration with other analytical images.,Y,Y,Y,,N,N,N,N,N,N,N
Number of Replicates,"Number of replicate measurements performed on the same sample, or on the same nominal location where the technique is spatially resolved. For spot analysis this is the number of individual spots per grain or location; for transects, the number of replicate lines; for mapping, the number of map acquisitions of the same area; for solution work, the number of discrete replicate measurements acquired per sample solution. The procedure registers an intended count where it has one; the analysis records the count actually acquired.",Advanced,Basic,Integer,"e.g., 3 (three replicate spots per grain) | 1 (single transect) | 1 (single map)",,2026-08-26,(none),,Y,Y,Y,,N (number not stated explicitly; multiple irons analyzed),N (single map per olivine crystal section per sample),3 replicate analyses per grain (3× run 1 + 3× run 2 on same location),Multiple phosphate grains per meteorite; number varies by section,N (variable number of spots per sample),20 spot analyses per meteorite under repeatability conditions; additional measurements on different days,1 map per meteorite (single 30-min mapping acquisition)
Transect Length,"Total length of the transect line analysed in micrometres. Scan speed is captured separately in Transect Rate, Mapping Rate or Step Size.",N/A,Basic,Numeric (µm),"e.g., 500 µm | 1200 µm | 3000 µm",Source: Laser Ablation module,2026-08-26,(none),Depends on the size of the feature of interest rather than being fixed in the procedure.,N,Y,N,,N/A,N/A,Line scan length: 400 µm (runs 1 and 2; 34 runs adjusted to measure 400 µm line + blank + washout),N/A,N/A,N/A,N/A
Mapping Area,"Total area covered by the 2D raster map, expressed as width × height in µm or as total area in µm² or mm². This is an analysis-level parameter because it depends on the size of the grain or phase to be mapped. The procedure fixes scan speed, line spacing, and spot size; the map area is chosen at analysis time to cover the target feature.",N/A,Basic,Text (free),"e.g., '1450×600 µm (870,000 µm²)' | '200×200 µm' | '0.5 mm²'",,2026-08-26,(none),,N,N,Y,,"Raster over ""a few millimeters"" of polished iron slab surface (area not precisely stated)","Each map: 1450×600 µm = 870,000 µm²; total of 8 PMG olivines mapped",N/A (line scan + spot; not 2D raster),N/A,N/A,N/A,Augusto Pestana: 30 min mapping session (area not explicitly stated; 150 µm spot at 10 µm s⁻¹)
,,,,,,,,,,,,,,,,,,,,
5. Data Processing,,,,,,,2026-08-26,,,N,N,N,N,,,,,,,
Internal Standard Approach,"Method used to determine the internal standard (IS) concentration for each unknown sample, used to correct for variable ablation yield between analyses. The approach is a fundamental procedure design choice that cannot be changed by analysts.",Basic,Read-Only,Text (free),"e.g., 'Single element from EPMA (SiO₂ wt% used as IS)' | 'Sum-of-major-oxide normalization to 100% (Liu et al. 2008)' | 'Stoichiometry-derived (Ca fixed at 10.1 wt% for calcite)' | 'No IS — external calibration only'",,2026-08-26,(none),,Y,Y,Y,,Standardization techniques followed those of Humayun (2012) [Section 2.2; specific IS approach not restated in this paper],Sum-of-major-oxide normalization: MgO+FeO+SiO₂+P₂O₅ = 100 wt% per pixel (Liu et al. 2008 approach; no EPMA required for IS),Run 1 (major elements): sum-of-oxide normalization (MgO+FeO+SiO₂+P₂O₅=100 wt%; Liu et al. 2008); Run 2 (trace elements): single element IS from Run 1 (⁵³Cr concentration from major element run used as IS for trace element run),Sum-of-major-oxide normalization to 100 wt% (Liu et al. 2008; Appendix C3),Single element from EPMA: ²⁵Mg; the EMPA data used as the standardizing values,Fe+Ni+Co sum normalization to 100% using iolite 3D Trace Elements DRS (eliminates need for independent EPMA IS),Fe+Ni+Co sum normalization to 100% (same DRS as spot protocol; mandatory for multi-phase mapping without prior IS knowledge)
Internal Standard Element,"Element(s) used as the internal standard, the monitored isotope, and how the internal-standard concentration was established for unknowns. Where the element serves isotope-ratio work it must have a known isotopic composition and a mass close to the analyte's. Record 'None' together with the alternative used where no internal standard is applied.",Basic,Read-Only,Text (free),"e.g., '²⁹Si; SiO₂ wt% from EPMA' | '⁵³Cr; measured in preceding major-element run (run 1)' | 'None — sum of MgO+FeO+SiO₂+P₂O₅ = 100 wt% (Liu et al. 2008)' | For mapping procedures using oxide-sum normalization, report ""None (oxide-sum normalization)"" and cite the method reference.",Source: ICP-MS module,2026-08-26,(none),,Y,Y,Y,,N (not stated in this paper; standardization follows Humayun (2012)),No single IS element; oxide sum normalization (MgO+FeO+SiO₂+P₂O₅) used as virtual IS per pixel,Run 1: No single IS; oxide sum normalization; Run 2: ⁵³Cr (concentration from Run 1 major-element analysis on 30 µm spot used as IS for 130 µm spot trace element run),No single IS; oxide sum normalization to 100 wt%,²⁵Mg (indexing element; Mg concentration from EMPA),No single IS; Fe+Ni+Co mass fractions normalized to 100% via iolite 3D DRS (yield correction factors applied for NIST SRM 612 relative to North Chile),No single IS; Fe+Ni+Co=100% normalization (same as spot protocol)
Per-Analyte Calibration Strategy,"Approach used to convert measured ion signals to reported concentrations, and specifically any case where different analytes or analyte groups within one procedure are calibrated differently - different primary standards for different mass ranges or phases, or one element serving as internal standard while others are externally calibrated. Where a single strategy applies to all analytes, record that strategy. Where the procedure reports isotope ratios only and no concentrations, record 'Not applicable (isotope ratios only)'.",Basic,Read-Only,Text (free),Single strategy: ⁴³Ca IS for all analytes (see Internal Standard fields); Multi-strategy: ⁴³Ca IS for major elements; NIST 610 external calibration for REEs; Fe+Ni+Co sum normalization for PGEs,Source: ICP-MS module,2026-08-26,analyte,,Y,Y,Y,,,,,,,,
Elemental Fractionation Correction,"Method used to correct for laser-induced elemental fractionation (LIEF), including downhole fractionation during prolonged ablation, matrix-dependent fractionation between sample and calibration standard, and any specific correction algorithm applied. Reference the software function or publication.",Basic,Read-Only,Text (free),"e.g., 'Normalised to NIST SRM 612; no additional downhole correction' | 'Exponential downhole fractionation correction in Iolite using NIST SRM 612' | 'Linear time-drift correction applied per analysis'",,2026-08-26,(none),,Y,Y,Y,,Multi-point external calibration using series of iron meteorite reference materials (North Chile Filomena as primary standard for Fe/Co/Ni/Cu/Ga/Ge/As/W/Au; Hoba for Ru/Rh/Pd/Re/Os/Ir/Pt; NIST SRM 1263a V-Cr steel for V/Cr/Fe/Co/Ni/Cu/As/Mo/W/Au),Internal normalization to MgO+FeO+SiO₂+P₂O₅ oxide sum corrects for point-to-point ablation yield variation; additional pixel-by-pixel normalization fixes oxide sum to 100 wt%,Run 1: Oxide sum normalization corrects for ablation yield variation; external calibration using glass GRMs (NIST + USGS + MPI-DING); Run 2: Cr from run 1 as IS corrects for ablation yield; external calibration with expanded glass GRM set,Oxide sum normalization to 100 wt% corrects for ablation yield and matrix effects; external calibration with MPI-DING and USGS glass GRMs,"External calibration using BCR-2g, BHVO-2g, BIR-1g; ²⁵Mg IS from EPMA corrects for ablation yield variation; no explicit downhole fractionation correction described",External calibration using North Chile iron meteorite + NIST SRM 612 glass (yield correction applied in iolite 3D DRS for NIST relative to North Chile); ordinary least-squares fitting per 15 min calibration block; Fe+Ni+Co normalization eliminates need for independent EPMA IS,Same calibration approach as spot protocol (iolite 3D DRS; same yield correction)
Mass Bias Correction Strategy,"Strategy used to correct instrumental isotopic mass fractionation, also called mass bias or mass discrimination. Distinct from Elemental Fractionation Correction, which addresses inter-element fractionation during ablation and transport: this field addresses discrimination between isotopes of the same element, and applies wherever the procedure reports isotope ratios.",Basic,Read-Only,Text (free),"e.g., 'Standard-sample bracketing against NIST 612' | 'Co-aspirated Tl, exponential law' | 'None (elemental concentrations only)'",,2026-08-26,(none),,Y,Y,Y,,,,,,,,
Uncertainty Level,"The convention at which reported uncertainties are quoted — 1-sigma, 2-sigma, or a 95% confidence interval — and whether a measured spread is reported as a standard error or a standard deviation. State the convention applying to all values reported under this procedure, and state each separately where different reported quantities use different conventions. Distinct from Uncertainty Propagation Method, which addresses how component uncertainties are combined rather than how the result is quoted.",Basic,Read-Only,Controlled list / Text,2σ (95% confidence) | 1σ (68% confidence) | 95% confidence interval | 2 standard errors (2SE) | 1 standard deviation (1SD) | N/A | None,Source: ICP-MS module,2026-08-26,(none),A reported uncertainty is not interpretable without it: the same numeric value means different things at 1-sigma and at 95% confidence.,Y,Y,Y,,,,,,,,
Uncertainty Propagation Method,"The approach used to propagate analytical uncertainty through the data reduction chain to the final reported value. State which sources are included in the propagation: counting statistics, calibration standard uncertainty, internal standard uncertainty, drift correction, and any systematic contributions. Distinct from Uncertainty Level, which states the convention at which the resulting uncertainty is quoted.",Advanced,Editable,Text (free),"e.g., Counting statistics only (1σ on integrated signal, Longerich et al. 1996) | SD of n replicate analyses used as combined uncertainty estimate | Full propagation: counting + calibration standard + IS uncertainty (specify formula)",Source: ICP-MS module,2026-08-26,reported property,,Y,Y,Y,,Standard deviation (SD) across individual integration cycles of raster scans; uncertainty propagation not formally described,Longerich et al. (1996) equation (3SD/S × √(1/Nb + 1/Na)),Longerich et al. (1996) for LOD; uncertainty for concentrations not formally described,Longerich et al. (1996) for LOD; uncertainty not formally described,N,N (iolite 4 computes uncertainty internally via Longerich et al. 1996),N (same as spot protocol)
Matrix Offset Correction (LIEF),Whether an empirical correction was applied to account for systematic differences in laser-induced elemental fractionation (LIEF) patterns between the external calibration standard and the sample matrix.,Advanced,Read-Only,Text (free),"e.g., 'Applied: 6.4% offset in Ca/Si determined by comparison with EPMA (Jenner & O'Neill 2012)' | 'Not applied; Ca used as IS to cancel LIEF offset' | 'Not applicable'",,2026-08-26,(none),,Y,Y,Y,,N (no matrix offset correction; iron meteorite standards used to minimize matrix mismatch),N (oxide sum normalization approach is inherently matrix-independent within olivine composition range),N,N,N,N (yield correction in iolite DRS addresses relative sensitivity differences between NIST SRM 612 and North Chile),N (same as spot protocol)
Signal Integration Interval Method,"Method used to define which portion of the acquired signal is integrated for each reported measurement, and the rule for excluding unstable or anomalous portions. State whether the interval is the full acquisition, a stable sub-interval selected by inspection, or selected by an automated criterion, and name the criterion.",Basic,Read-Only,Controlled list / Text,Full acquisition | Stable interval selected by inspection | Automated threshold | Automated outlier rejection | Fixed time window | N/A | None,Source: ICP-MS module,2026-08-26,(none),,Y,Y,Y,,N (raster averages; selection method not described),"Manual visual inspection of time-resolved signal per line; anomalous spikes (inclusions, cracks, veinlets) excluded; P-rich veinlet regions identified and excluded from olivine averages","Time-resolved signals inspected manually; unstable intervals at start and end discarded; Cr heterogeneities and inclusion signals (elevated P, Ca, Co, Ni) identified and excluded from integration","Anomalous time steps excluded (inclusions, cracks, heterogeneity); manual inspection","Time steps with enhanced P, Ca, Co, Ni, Zn count rates (indicating inclusions or cracks) excluded from integration; manual inspection",Time-resolved LA-ICP-MS signals inspected per analysis; background interval (20 s) and ablation interval (40 s) selected; no automated spike exclusion described,Same procedure as spot protocol; signal integration for mapping not separately described
Signal Integration Time,"The integration time actually used for the reported signal, in seconds - the time retained after the signal-integration interval has been applied, and therefore equal to or shorter than the total acquisition. Where the procedure computes it from an acquisition structure, record that basis.",N/A,Basic,Numeric (s),"e.g., 40 s | 60 s | Not applicable to mapping analysis: for mapping, the equivalent concept is the per-pixel cycle time, determined by the spectrometer dwell time settings.",Source: ICP-MS module,2026-08-26,(none),It is equal to or shorter than the Ablation Duration per Spot because the signal start and end transients are typically discarded.,Y,Y,N,,N/A (mapping) / ~20 s (Ge spots: 20 s ablation at 50 Hz),N/A (mapping),Run 1: ~50 s (34 runs covering 400 µm line + 10 s blank + washout); Run 2: same structure; actual integrated signal window within run not separately stated,20 s (spot ablation time; full ablation interval used for integration after exclusion of anomalous steps),N (parameters lost),40 s (full ablation interval used; background subtracted separately),N/A (mapping)
Spike / Outlier Filtering Approach,"Criteria used to identify and exclude anomalous data - signal spikes, individual cycles, or whole replicate measurements - before the reported value is calculated. State where in the reduction sequence the filter is applied.",Advanced,Editable,Text (free),"e.g., 'Significant single spikes visually identified and removed in Iolite' | 'Statistical filter: data points >3σ from running mean removed' | 'No filtering applied' | 'Automated spike detection in SILLS'",Source: ICP-MS module,2026-08-26,(none),,Y,Y,Y,,"N (raster scans; ""failed to yield useful Ge abundances"" for Klamath Falls noted — implying visual quality control)",Manual identification and exclusion of P-rich veinlet pixels from olivine averages; anomalous spikes from inclusions excluded per line,"Manual inspection; analyses with elevated P, Ca, Co, Ni (phosphate or metal inclusions) excluded; Cr heterogeneities also flagged",Anomalous time steps excluded during manual inspection,"Time steps with enhanced P, Ca, Co, Ni, Zn excluded (inclusions and heterogeneities); Grubb's test applied to EPMA data for outlier detection",N (no explicit spike filtering described beyond background subtraction),N (mapping; iolite 3D DRS handles background; no per-pixel spike filtering described)
Blank / Background Correction Method,"Method used to subtract background and, where relevant, procedural blank from the measured signal. State what is subtracted - instrument background acquired with no sample reaching the plasma, an on-peak zero acquired on the same matrix, or a separately measured procedural blank - over what interval it is measured, and at what granularity it is applied.",Basic,Read-Only,Controlled list / Text,Gas blank | On-peak zero | Solution blank | Procedural blank | On-peak zero + procedural blank | N/A | None,Source: ICP-MS module,2026-08-26,(none),,Y,Y,Y,,Gas blank measured before each raster analysis; mean background subtracted,Gas blank measured before each ablation line (10 scans of gas blank per mapping line); average background subtracted from each corresponding ablation line,Gas blank measured before each analysis (5 scans); average background value preceding each analysis subtracted from corresponding data,Gas blank measured before each spot analysis (8 scans); average background subtracted,Gas blank measured before each analysis (laser shutter closed); time steps with background-level signals excluded during data reduction,Background signal measured for 20 s (laser shutter closed) before each 40 s ablation; background mean subtracted per isotope in iolite,Background (1 min) measured at session start; additional 3 measurements of NIST and North Chile used for calibration (background included in regression line for gas blank)
Pulse/Analog Detector Nonlinearity Correction,Whether a correction was applied for nonlinear response at the transition between pulse-counting and analog detector modes.,Advanced,Editable,Controlled list / Text,Not applicable (instrument uses pulse counting only) | Applied: describe method and elements affected | Not applied (crossover threshold not reached for any element) | Not applied (known bias accepted) | N/A | None,,2026-08-26,(none),,Y,Y,Y,,Applied: triple mode detection at 65% duty cycle (pulse counting + analog + Faraday); specific cross-calibration not described,Applied: triple mode detection; cross-calibration between pulse-counting and analog modes performed,Applied: Run 1 medium resolution with Faraday for major elements; Run 2 low resolution; cross-calibration performed,Applied: triple mode detection,N (parameters lost),"Applied: triple mode detector (pulse counting, analog, Faraday); low relative abundance isotopes chosen for Ni and Fe to allow analog mode measurement of major matrix elements",Applied (same as spot)
Isobaric Interference Corrections Applied,"Whether mathematical corrections for isobaric, polyatomic or residual interferences are applied in data reduction, supplementary to any suppression already achieved by chemical separation, mass resolution, or a collision/reaction cell. Detail for each affected mass is carried by Interfering Species and Interference Correction Method.",Basic,Read-Only,Controlled list / Text,Yes | No | N/A | None,Source: ICP-MS module,2026-08-26,(none),,Y,Y,Y,,Yes — ⁹⁹Ru used instead of ¹⁰¹Ru to avoid ⁴⁰Ar⁶¹Ni⁺ interference; isotope selection minimizes other interferences,Yes — cool plasma conditions (800 W) applied to reduce argide-based interferences (³⁶Ar²⁴Mg⁺ on ⁶⁰Ni; ⁴⁰Ar³¹P⁺ on ⁷¹Ga); oxide-based interferences minimized by dry plasma and tuning; mathematical corrections in some cases (Table C1),Yes — cool plasma not applicable (normal plasma); argide corrections less critical; oxide interferences monitored; spectral interference list in Table C1,Yes — same instrument settings; interference corrections as per Table C1,N (parameters lost; medium resolution mode implies interference resolution by mass),"Yes — isotope selection to minimize interferences (e.g., ⁹⁹Ru instead of ¹⁰¹Ru to avoid ⁴⁰Ar⁶¹Ni⁺; low abundance isotopes for Fe and Ni)",Yes (same as spot protocol)
Interfering Species,"The isobaric, polyatomic and doubly charged species that overlap the measured masses and are corrected in data reduction - direct isobars, oxides and argides, hydrides, and abundance-sensitivity tailing from an adjacent large beam. Name each species and the mass it affects.",Basic,Read-Only,Text (free),"e.g., '⁸⁷Rb on ⁸⁷Sr; ¹⁷⁰Yb²⁺ on ⁸⁵Rb' | '⁴⁰Ar³¹P⁺ on ⁷¹Ga; ⁴⁴Ca¹⁶O⁺ on ⁶⁰Ni' | '¹³⁷Ba¹⁶O⁺ on ¹⁵³Eu' | 'None'",Source: ICP-MS module,2026-08-26,channel,,Y,Y,Y,,⁴⁰Ar⁶¹Ni⁺ on ¹⁰¹Ru (most abundant Ru isotope → use ⁹⁹Ru instead),Per Table C1: ¹²C¹³C⁺ on ²⁵Mg; ¹⁵N¹⁶O⁺ on ³¹P; ²⁹Si¹⁶O⁺ on ⁴⁵Sc; ³⁵Cl¹⁶O⁺ on ⁵¹V; ⁴⁰Ar¹³C⁺ on ⁵³Cr; ⁴⁰Ar¹⁵N⁺ on ⁵⁵Mn; ⁴⁰Ar¹⁶OH⁺ on ⁵⁷Fe; ⁴⁴Ca¹⁶O⁺ and ²⁴Mg³⁶Ar⁺ on ⁶⁰Ni; ³¹P⁴⁰Ar⁺ and ⁵⁵Mn¹⁶O⁺ on ⁷¹Ga; ¹³⁷Ba¹⁶O⁺ on ¹⁵³Eu (most significant interferences in bold),Same interference list as mapping (Table C1); argide-based interferences less critical without cool plasma,Same interference list (Table C1),N (parameters lost; medium resolution resolves most polyatomic interferences),⁴⁰Ar⁶¹Ni⁺ on ¹⁰¹Ru (primary concern) → ⁹⁹Ru used instead; Fe and Ni matrix species on other isotopes minimized by isotope selection,Same as spot protocol
Interference Correction Method,"Equation or procedure used to calculate and remove each interference contribution, together with how its magnitude was established - a monitor mass measured simultaneously and scaled by natural abundance ratios, a production-rate factor measured on a reference material or interference standard solution, or a tailing factor measured on a pure standard. Name the reference material used.",Basic,Read-Only,Text (free),"e.g., 'Mathematical correction: ⁸⁷Sr_corrected = ⁸⁷Sr_measured − f(⁸⁷Rb/⁸⁵Rb) × ⁸⁵Rb' | 'Cool plasma (800 W) reduces ⁴⁰Ar-based argides by >90% for ⁶⁰Ni and ⁷¹Ga' | 'KED mode (He collision gas 4 ml min⁻¹) suppresses polyatomic interferences'",Source: ICP-MS module,2026-08-26,channel,,Y,Y,Y,,Isotope selection: ⁹⁹Ru chosen over ¹⁰¹Ru; other isotopes chosen to minimize interference,"Physical mitigation: cool plasma (800 W RF) reduces ³⁶Ar²⁴Mg⁺ on ⁶⁰Ni, ⁴⁰Ar³¹P⁺ on ⁷¹Ga by >90%; oxide interferences minimized by dry plasma conditions; background subtraction corrects for time-invariant Ar-based interferences; mathematical corrections applied where feasible per Appendix C4",Argide corrections less critical (normal plasma); oxide-based interferences minimized by tuning; same interference list but without cool plasma mitigation,Same approach as mapping; oxide sum normalization partially corrects for matrix-dependent interferences,"Medium mass resolution (M/ΔM ≈ 4000) separates many polyatomic interferences from analyte peaks (e.g., resolves ⁵⁴Fe⁺ from ⁵⁴Cr⁺)",Isotope selection minimizes interferences; low-abundance isotopes of Fe and Ni chosen for analog mode to prevent detector saturation,Same isotope selection as spot protocol
Isotope Dilution Data Reduction Method,"Mass balance approach used to calculate sample mass fractions, and where applicable isotope ratios, from spike-sample isotope ratio measurements. For double-spike procedures the ratios and concentrations are co-determined through the spike inversion; for conventional isotope dilution the IUPAC ID equations are used. Record 'None' where neither isotope dilution nor double-spike methods are applied.",Basic,Read-Only,Text (free),IUPAC isotope dilution equations | Double-spike inversion | None | N/A | Other: specify,Source: ICP-MS module,2026-08-26,(none),,Y,Y,Y,,N,N,N,N,N,N,N
Memory Effect Mitigation,"Procedure applied to identify and minimise carry-over of high-concentration or isotopically distinct material from a preceding measurement into the current one. Mitigation is applied primarily at measurement time, by allowing sufficient washout or rinse between successive introductions. At data processing level, record any flagging or exclusion of measurements where the required washout may not have been achieved.",Advanced,Editable,Text (free),"e.g., 'Extended washout (≥60 s He flush) between high-concentration standards and unknowns' | 'Scan speed set so that washout time (<1 s) is shorter than pixel acquisition interval' | 'None required for this element suite'",Source: ICP-MS module,2026-08-26,(none),,Y,Y,Y,,N (washout time between analyses not stated; sequential raster scans),Gas blank measured before each ablation line; adequate washout ensured by duty cycle timing,Washout time: 11 s between runs (runs include 400 µm line + blank + washout),10 s washout time after 20 s spot ablation (specified in acquisition protocol),N (parameters lost),N (washout between analyses not explicitly described; sequential spot analyses),N (mapping; ARIS-equivalent not described; single mapping session)
Normalization / Standards-Based Correction,"Any post-acquisition normalization applied to correct for systematic biases identified from secondary reference materials, or stoichiometric normalization applied per pixel in mapping. Distinct from the primary internal standard approach captured in Internal Standard Approach.",Advanced,Editable,Text (free),"e.g., 'None' | '100% oxide sum normalization applied per pixel to enforce mass balance (Liu et al. 2008)' | 'Normalized to ⁸⁸Sr/⁸⁶Sr = 8.37521 for mass bias correction in Sr isotope analysis'",,2026-08-26,reported property,,Y,Y,Y,,External calibration with iron meteorite and NIST SRM 1263a V-Cr steel standards; no post-acquisition normalization described,100% oxide sum normalization (MgO+FeO+SiO₂+P₂O₅) applied per pixel after IS-normalized external calibration (equations 3–4 in Appendix C1) to fix final mass balance,Run 1: 100% oxide sum normalization; Run 2: Cr IS from Run 1 applied; no further post-acquisition normalization,100% oxide sum normalization to 100 wt% for phosphate minerals (Appendix C3),"No post-acquisition normalization; BCR-2g, BHVO-2g, BIR-1g used for calibration; Marjalahti as in-session control",Fe+Ni+Co=100% sum normalization applied in iolite 3D Trace Elements DRS as final step; yield correction factors applied for NIST SRM 612 relative to North Chile,Fe+Ni+Co=100% normalization (mandatory for multi-phase mapping); same iolite DRS as spot
Calibration Factor and Determination Method,"An externally-calibrated factor that converts the measured quantity into the reported quantity, how it was determined, and its uncertainty. Applies where the conversion depends on a factor calibrated against a reference of independently known value, rather than on the instrument response alone. Distinct from the fields that name the calibration material and that state which approach applies to which analyte, where the technique has them: this field records the resulting factor itself.",Basic,Editable,Text (free),,Source: Calibration Factor module,2026-08-26,reported property,,Y,Y,Y,,,,,,,,
Procedural Blank Level,"The measured level of the analytical blank in the session, and — where the reported quantity is a ratio — its composition, since a blank subtracted from a ratio biases the result unless its own composition is known. Companion to the blank correction method.",N/A,Basic,Text (free),,Source: Blank module,2026-08-26,(none),Follows the criterion-versus-measurement split the library applies wherever a procedure sets a threshold and an analysis reports a value against it.,Y,Y,Y,,,,,,,,
Analysis Inclusion and Rejection Criteria,"The rules determining which individual analyses contribute to a reported aggregate result, together with the outcome of applying them: how many analyses were acquired, how many were included, and on what grounds any were excluded. Distinct from within-analysis outlier filtering, which removes anomalous points inside a single analysis: this field decides which whole analyses enter the reported value.",Basic,Basic,Text (free),,Source: Aggregation module,2026-08-26,(none),"Criteria and outcome are combined in one field because neither is interpretable without the other, following the precision/accuracy precedent.",Y,Y,Y,,,,,,,,
Constants and Reference Values Used,"Physical constants and reference values used in data reduction to calculate the final reported quantity (e.g., decay constants for age calculation, standard isotope ratios, or other citable reference values used in a correction or calculation), together with their source. Distinct from the Group 6 reference-material fields, which document accepted values for specific calibration/validation materials rather than universal physical constants. Record ""None"" if no citable, revisable physical constants feed into this procedure's data reduction.",Basic,Editable,Text (free),"e.g., ""λ238U = 1.55125×10⁻¹⁰ yr⁻¹, λ235U = 9.8485×10⁻¹⁰ yr⁻¹ (Jaffey et al. 1971); 238U/235U = 137.818 (Hiess et al. 2012)"" | ""None""",Source: Core module,2026-08-26,(none),,Y,Y,Y,,,,,,,,
,,,,,,,,,,,,,,,,,,,,
6. Quality Control & Uncertainty,,,,,,,2026-08-26,,,N,N,N,N,,,,,,,
Primary Calibration Standard Name,"Primary reference material(s) used to calibrate the instrument and convert raw signal intensities to concentrations or isotope ratios. Include material name, source institution, and citation for the accepted values used. Editable because the specific lot or certification vintage may differ between sessions while the material type remains the same.",Basic,Editable,Text (free),"e.g., 'NIST SRM 612 (Jochum et al. 2011, doi:10.1111/j.1751-908X.2011.00120.x)' | 'USGS BCR-2G (GeoReM preferred values, georem.mpch-mainz.gwdg.de)'",,2026-08-26,analyte,,Y,Y,Y,,North Chile Filomena (IIAB iron meteorite; Wasson et al. 1989) for Fe/Co/Ni/Cu/Ga/Ge/As/W/Au; Hoba (IVB; Walker et al. 2008) for Ru/Rh/Pd/Re/Os/Ir/Pt; NIST SRM 1263a V-Cr steel (Campbell & Humayun 2005) for V/Cr/Fe/Co/Ni/Cu/As/Mo/W/Au,"Multiple glass GRMs used together for linear regression external calibration: NIST SRM 612, NIST SRM 614, USGS GSD-1G (synthetic), USGS GSE-1G (synthetic), USGS BHVO-2G, USGS BIR-1G (natural basalt glasses)","Same glass GRM set as mapping for Run 1; expanded set additionally includes MPI-DING KL2-G, ML3B-G, StHs6/80-G, T1-G, ATHO-G, BM90/21-G, GOR128-G, GOR132-G for Run 2 trace elements",MPI-DING and USGS glass GRMs (measured at beginning and repeatedly at end of each session; multipoint calibration),"USGS standard glasses BCR-2g, BHVO-2g, and BIR-1g; preferred values from GeoReM website",NIST SRM 612 glass (Jochum et al. 2011) + North Chile Filomena iron meteorite (Wasson et al. 1989) — used together with yield correction in iolite 3D DRS,NIST SRM 612 (Jochum et al. 2011) + North Chile Filomena — same as spot protocol
Calibration Standard Measurement Frequency,"How often the primary calibration or bracketing standard is measured relative to unknown samples within a session. Specify the bracketing scheme where a fixed one is used, such as one standard measurement before and after each sample.",Basic,Read-Only,Text (free),Before and after every 5 unknowns | Bracketing every 10 samples | Start and end of session only | N/A | None | Other: specify,Source: ICP-MS module,2026-08-26,(none),"For LA-ICP-MS, this defines the bracketing interval between calibration standard ablations used to monitor and correct for instrumental drift.",Y,Y,Y,,Standards at start and end of session; external bracketing,Each GRM analyzed 3–5× before and 3–5× after sample analyses (all GRMs at start and end of session),Same as mapping protocol; GRMs at start and end,MPI-DING and USGS GRMs measured at beginning and repeatedly at end of each session,N (parameters lost),NIST SRM 612 and North Chile measured bracketing every 15 unknowns: 3×STD → 3×STD → 10×unknowns → repeat,NIST SRM 612 and North Chile at start and end of mapping session (30 min map; 3 measurements each before and after)
Secondary Reference Materials,"Quality-control reference materials analysed as unknowns alongside samples in the same session to assess accuracy and monitor drift. Include material name, source, and citation for accepted values used for comparison. Editable because selection of secondary RMs may vary across sessions.",Basic,Editable,Text (free),"e.g., 'NIST SRM 610 (Jochum et al. 2011); GOR132-G (Jochum et al. 2006)' | 'BHVO-2G (GeoReM), BCR-2G (GeoReM)'",,2026-08-26,defines: standard,,Y,Y,Y,,N,"MPI-DING glasses: GOR132-G, StHs6/80-G, T1-G; USGS: BCR-2G, BHVO-2G — measured as unknowns alongside samples and compared to GeoReM preferred values (Table 1 and Section 3.3)",Same GRM set measured as unknowns for accuracy assessment,Same MPI-DING and USGS glasses measured as unknowns for accuracy assessment,"BCR-2G, BHVO-2G, BIR-1G processed as unknowns alongside samples (same standards as calibration — in-session validation)",North Chile Filomena measured as unknown on different days over 4 months to assess intermediate precision (Table 3 and Fig. 2),North Chile and NIST SRM 612 measured before and after mapping session as QC materials
Detection Limit,"Session detection limit, one per reported concentration variable (one per analyte, these being the same set), expressed in µg g⁻¹, ng g⁻¹, or wt% as appropriate. Mandatory at analysis level to demonstrate the reliability of reported near-detection-limit concentrations. The calculation method is captured separately in Detection Limit Method.",Advanced,Basic,Numeric + unit / Text,"e.g., '0.003 ng g⁻¹ (La), 0.005 ng g⁻¹ (Ce) (3σ background; Longerich et al. 1996)' | 'Range: 0.005–23.5 µg g⁻¹ across all measured isotopes (Pettke et al. 2012)'",,2026-08-26,reported property,,Y,Y,Y,,LODs not formally reported; all concentrations above detection limits except noted (Cr in some irons below LOD),"LODs reported in Table E1 (Appendix E) for 2D mapping: average of all individual pixel LODs (Na=1, Nb=10 per Longerich et al. 1996)","LODs reported in Table 1 for line scan + spot trace elements: Na=24, Nb=5 per Longerich et al. 1996; LOQ = 10SD criterion",N (LODs not separately reported for phosphate analyses),N (LODs not stated; concentrations reported for all nuclides above background),"LODs in µg g⁻¹ (median from Table 3): As 2, Au 0.1, Co 2, Cr 19, Cu 0.8, Fe 5300, Ga 0.1, Ge 0.2, Ir 0.04, Ni 60, Os 0.09, Pd 0.06, Pt 0.4, Re 0.02, Rh 0.05, Ru 0.3, W 0.09; calculated per Longerich et al. (1996) in iolite 4",N (LODs not separately reported for mapping)
Detection Limit Method,Reference or description of the method used to calculate session detection limits. Mandatory at analysis level. Must be consistent with the method applied to generate the Detection Limit values reported above.,Basic,Read-Only,Controlled list / Text,3σ blank | 3σ background | 3σ counting statistics | 3× blank mean | Poisson statistics | N/A | None,,2026-08-26,reported property,,Y,Y,Y,,N (not formally stated),Longerich et al. (1996): LOD = (3SD/S) × √(1/Nb + 1/Na),Longerich et al. (1996); LOQ = 10SD criterion (same equation),N (not formally stated),N,Longerich et al. (1996) — implemented in iolite 4; sample-individual LOD calculated per analysis,N (LODs not separately reported for mapping)
Limit of Quantification (LOQ) Method,Reference or description of the method used to calculate the limit of quantification (LOQ): the lowest concentration reliably measurable with acceptable precision and accuracy. Mandatory at analysis level when concentrations near the LOD are reported.,Advanced,Basic,Controlled list / Text,10σ blank | 10σ background | 10× LOD | 3.3× LOD | S/N ≥ 10 | N/A | None,Source: ICP-MS module,2026-08-26,reported property,Concentrations between LOD and LOQ are detectable but not reliably quantifiable.,Y,Y,Y,,N,N,LOQ = 10SD of background counts (10σ criterion; Chernonozhkin et al. 2021),N,N,N,N
Counting Statistics Error,"Uncertainty predicted from counting statistics — the theoretical limit set by the Poisson distribution of the counts accumulated — for each reported quantity per analysis, with the sigma level stated. Derived from the counts on the analyte together with those on any background or blank subtracted from it. Distinct from the scatter actually observed within a measurement or between repeated measurements, which is recorded separately: where a procedure reports both, agreement indicates the measurement is shot-noise limited, and a larger observed scatter indicates a further source of variance.",Advanced,Basic,Text (free),"e.g., '2SE predicted from counting statistics over 45 cycles' | '~0.6% (1 sigma), counting statistics plus propagated uncertainties' | 'N/A'",,2026-08-26,sample > sampling unit x reported property,,Y,Y,Y,,N,N,N,N,"Theoretical 1 sigma analytical precision from counting statistics plus propagation of uncertainties, ~0.6% on the Fe/Mn ratio of pallasite olivine; the observed standard deviations per meteorite range from 0.6 to 4.0%",N,N
Internal (Within-Measurement) Analytical Precision and Assessment Method,"Precision of a single measurement, derived from the scatter of the cycles, sweeps or integrations that make it up, together with the method used to assess it. State the statistic (2SE, 2SD, 1s RSD), the number of cycles it is computed over, and the reported quantity it applies to. Distinct from Counting Statistics Error, which records the uncertainty predicted from the counts rather than the scatter observed; where a procedure reports both, record the observed value here and the predicted value there.",Advanced,Basic,Text (free),"e.g., '2SE = 2SD/sqrt(n), n = 45 cycles' | '+/-0.001-0.002 (2SE) on 206Pb/204Pb' | '~2.6% (2SE) on single-spot ages' | 'N/A'",Source: ICP-MS module,2026-08-26,sample > sampling unit x reported property,"This is the finest of the three precision levels the library records, below within-session and between-session precision: it describes the repeatability of one analysis rather than agreement between analyses, and is normally the smallest of the three.",Y,Y,Y,,N,N,N,N,N,N,N
Within-Session Analytical Precision and Assessment Method,"Precision of repeated measurements within a single analytical session and the method used to assess it. Report both the assessment method and the precision values. The assessment method must specify the reference material or standard measured, the number of replicates n, and the statistic reported (1s RSD, 2s RSD, 2SD, 2SE, 95% CI). Distinct from the internal precision of a single measurement, which derives from counting statistics over the cycles of that measurement rather than from repeated analyses.",Basic,Basic,Text (free),"e.g., '1σ RSD = 1.5% for Ba, 2.3% for La (n=5 on NIST SRM 612 per session)' | 'Mapping: 4% 1σ RSD across 3 GRM map areas at session start and end (n=3)'",Source: ICP-MS module,2026-08-26,standard x reported property,,Y,Y,Y,,N (within-session precision not formally assessed; standard deviation across raster scans reported per element),Intermediate precision for mapping: most elements at ≥10 µg g⁻¹: 5–15% RSD; elements <10 µg g⁻¹: 5–30% RSD; assessed from repeated GRM mapping in 8 sessions over 1 year (n=8 for each element),"LOD calculated per analysis (Na=24, Nb=5); precision not formally reported as separate metric",N (precision not formally reported for phosphate analyses),N (within-session precision not formally assessed),"RSD <15% for most elements in Arraias meteorite under repeatability conditions (n=20 spot analyses); Cr: 20%, Ir: 16%, Os: 20% RSD; assessed by repeated analysis of same meteorite in one session",N (within-session precision for mapping not separately assessed)
Between-Session (Long-Term) Analytical Precision and Assessment Method,"Precision of measurements across multiple analytical sessions over weeks to months — long-term or intermediate precision — and the method used to assess it. Report both the assessment method and the precision values, specifying the reference material, the number of measurements and sessions, the time span covered, and the statistic reported.",Advanced,Basic,Text (free),"e.g., '2σ RSD = 3% for Eu/Eu* on GOR132-G across 12 sessions over 8 months' | '1σ RSD = 2% for most REEs on BHVO-2G across 17 sessions over 3 years (n=85 analyses)'",Source: ICP-MS module,2026-08-26,standard x reported property,Long-term precision is normally poorer than within-session precision and is the figure a data user should carry when comparing results from different sessions.,Y,Y,Y,,N,N,N,N,N,Intermediate precision: RSD ≤20% for most elements assessed over multiple days on North Chile iron meteorite measured as unknown (n multiple days over 4 months),N
Analytical Accuracy and Assessment Method,"Offset between measured and accepted values for secondary reference materials, and the method used to assess it. Specify the reference material and the source of its accepted values, the number of analyses, and the quantities assessed. Report systematic biases and their likely causes. Express the offset in the form appropriate to what the procedure reports - percent relative bias for concentrations, or deviation in delta or ratio units for isotopic quantities.",Basic,Basic,Text (free),"e.g., 'Within ±5% of GeoReM preferred values for most REEs on GOR132-G (n=15); +8% for Nb (known matrix sensitivity)' | '±3% for all elements on BHVO-2G vs. GeoReM (n=20)'",Source: ICP-MS module,2026-08-26,standard x reported property,,Y,Y,Y,,"LA-ICP-MS concentrations agreed with NAA within ±40% for most elements (LA relative to NAA); within ±10% for Ni, Co, Ga; differences in W (4.39 vs 1.06 ng g⁻¹ for Cerro del Inca by LA vs INAA) and Au/As up to 30% — attributed to heterogeneous sampling scale difference between techniques",No systematic bias demonstrated; MgO+FeO+SiO₂+P₂O₅ oxide sums after mapping varied 95–99 wt% (average near 100%); LA-ICP-MS Fa# values compared to EMPA values for 8 PMG (Fig. 5A shows good agreement),Trace element accuracy verified against literature INAA and EPMA data; major elements verified by comparison with EMPA results from same section,N (accuracy assessment not separately stated for phosphate analyses),Sc: good agreement with Davis (1977) INAA values within measurement scatter; overall accuracy verified by comparison with literature INAA and SIMS data; Marjalahti used as in-session control (Mn deviation from reference value noted as 4.2% above Ryder 1984),"Results for 9 known iron meteorites: >75% of published values within LA-ICP-MS result ± 2s (two standard deviations); relative differences mostly within ±20% (Fig. 2); specific discrepancies: Ir in Arraias +40%, Ir in Nossa Senhora +64%, Co and Ga in Campo del Cielo (heterogeneity issues); trend lines slope 0.87–1.17 with R² = 0.97–1.0",N (mapping accuracy not separately assessed from spot protocol)
,,,,,,,,,,,,,,,,,,,,
Goodness-of-Fit or Dispersion Statistic,"The statistic reported to show whether scatter among the contributing analyses exceeds what analytical uncertainty alone predicts, together with its value. The procedure may still state an acceptance threshold, which belongs with the inclusion criteria.",N/A,Basic,Text (free),,Source: Aggregation module,2026-08-26,reported property,Answers whether a reported aggregate is defensible as a single population. The value cannot be known before the analysis.,Y,Y,Y,,,,,,,,
Additional Notes,"Any procedure- or analysis-specific information not captured by a structured field anywhere in this TAPP — including anomalies, deviations from the registered procedure, instrument modifications, and supplementary context. Scope is the whole document, not Group 6: this is the last field of the TAPP and covers all six groups. Use sparingly; a structured field is preferred for anything that can be formally categorised.",Advanced,Advanced,Text (free),,Source: Core module,2026-08-26,(none),,Y,Y,Y,,"Raster scans used for main element dataset (23 elements); separate spot analyses on 5 irons for more precise Ge abundances (150 µm spot, 50 Hz, 20 s); two different analysis modes represent distinct protocols but are reported in same paper",Pallasite olivine 2D mapping in cool plasma mode (800 W) is a core methodological innovation; total of 8 PMG meteorites mapped; P-rich veinlets excluded from olivine averages; Fa# values verified against EMPA (Fig. 5A),"Multi-run sequential design is the key methodological innovation: Run 1 (major elements, 30 µm, MR) provides Cr IS for Run 2 (trace elements, 130 µm, LR); pre-ablation pass removes surface contamination before Run 1","Phosphate phase identification used LA-ICP-MS data combined with EMPA and µXRF (Fig. D9); merrillite, stanfieldite, farringtonite distinguished by REE patterns; oxide sum normalization applied to phosphate (not olivine IS approach)",Many instrument parameters lost during extended lab shutdown; 75 µm spot size in medium resolution mode on sector-field ICP-MS is unusual combination for olivine trace elements; 25 Mg IS from EPMA is standard approach,Key innovations: (1) use of two measurement standards (NIST SRM 612 + North Chile) with yield correction in iolite 3D DRS; (2) Fe+Ni+Co=100% normalization eliminates need for EPMA IS; Cr results not quantitative due to argide interferences,Elemental mapping used as classification tool even without prior knowledge of structural variations (kamacite vs. plessite); demonstrates LA-ICP-MS mapping applicability for iron meteorite classification
