Metadata Item,Description,Procedure-Level Tier,Analysis-Level Tier,Data Type,Example / Allowed Content,Comments,Last Update,Keyed By,Purpose,Literature Assessment,Hu+Gao2008 | PerkinElmer ELAN 6100 DRC | NWU Xi'an,Yu+etal2005 | PerkinElmer ELAN DRC II | Univ Cambridge,Makishima+etal2011 | Agilent 7500cs | PML Okayama,Long+etal2025 | Agilent 7900 | IPGP France,Lu+etal2007 | Agilent 7500cs | PML Okayama,GilDiaz+etal2020 | Agilent 8800 QQQ | FHNW Basel,GilDiaz+etal2020 | Thermo iCAP-TQ | lab not stated,GilDiaz+etal2020 | Thermo XSeries 2 | KIT Karlsruhe,LopezGarcia+etal2026 | Thermo iCAP TQ | Institute of Science Tokyo
1. Procedure Identification,,,,,,,,,,N,N,N,N,N,N,N,N,N,N
Procedure Name,"A short descriptive name for this analytical procedure, including a version number. Should identify the instrument, the technique, and the scope of what is measured — target species, material, or feature.",Basic,Read-Only,Text (free),,Source: Core module,2026-09-01,(none),,,N,N,N,N,N,N,N,N,N
Technique,Top-level analytical technique identifier.,Basic,Read-Only,Controlled list,Solution Q-ICP-MS,Source: Core module,2026-06-16,(none),,,Solution Q-ICP-MS,Solution Q-ICP-MS,Solution Q-ICP-MS,Solution Q-ICP-MS,Solution Q-ICP-MS,Solution Q-ICP-MS (triple-quadrupole platform),Solution Q-ICP-MS (triple-quadrupole platform),Solution Q-ICP-MS,Solution Q-ICP-MS (triple-quadrupole platform)
Procedure Author,Person(s) or laboratory responsible for developing and registering this procedure. ORCID recommended for individuals.,Basic,Read-Only,Text (free),,Source: Core module,2026-07-24,(none),,,N,N,N,N,N,N,N,N,N
Laboratory,Name of the laboratory or institution hosting the instrument.,Basic,Editable,Text (free),,Source: Core module,2026-06-16,(none),,,"State Key Laboratory of Continental Dynamics, Northwest University, Xi'an (affiliation)",University of Cambridge (affiliation),"Pheasant Memorial Laboratory (PML) for Geochemistry and Cosmochemistry, Okayama University (affiliation)","Institut de Physique du Globe de Paris (IPGP), France (affiliation)","Pheasant Memorial Laboratory (PML), Okayama University (section 2.1)","N — 'Agilent 8800, Basel, Switzerland'; the Basel-area author affiliation is FHNW","N — instrument given as 'iCAP-TQ, Thermo' with no laboratory stated","Karlsruhe Institute of Technology (KIT), Germany",Institute of Science Tokyo
Laboratory ID,"Persistent identifier for the laboratory (e.g., ROR ID).",Advanced,Editable,URI / DOI,,Source: Core module,2026-06-16,(none),,,N,N,N,N,N,N,N,N,N
Procedure Start Date,First date this procedure configuration was used in production.,Basic,Read-Only,Date,,Source: Core module,2026-07-24,(none),,,N,N,N,N,N,N,N,N,N
Funding Source for Procedure Development,"Grants and other funding sources that supported instrument acquisition, major upgrades, procedure development, and associated personnel time. Include grant numbers and funding agencies where applicable.",Advanced,Read-Only,Text (free),,Source: Core module,2026-07-24,(none),,,N,N,N,N,N,N,N,N,N
Procedure Reference(s),"DOI or URL for peer-reviewed publications or technical reports describing, validating, or benchmarking this procedure.",Advanced,Read-Only,URI / DOI,,Source: Core module,2026-07-24,(none),,,N,N,Makishima and Nakamura (2006) — 'Details of these methods and ICP operating conditions are described in Makishima and Nakamura (2006)',N,N,N,N,N,N
Procedure DOI,"DOI or unique persistent identifier for the registered procedure used in this analysis, generated upon procedure submission to a data repository. If a DOI has been applied for but not yet minted, enter ""pending"".",N/A,Basic,URI / DOI,,Source: Core module,2026-08-25,(none),Encourages formal procedure registration and ensures traceability.,,N/A,N/A,N/A,N/A,N/A,N,N,N,N
Session Identifier,"Identifier for the analytical session this record describes — the laboratory's own run, sequence or batch identifier as generated by the instrument or acquisition software. Distinct from any persistent identifier a repository mints on submission.",N/A,Basic,Text (free),,Source: Core module,2026-08-25,(none),"The analysis record corresponds to one session, which may cover several samples, and this is the link back to the raw instrument files.",,N,"N -- ""a typical run (~5 hr)"" referenced; no run identifier stated","N -- ""an average of eight sessions"" referenced; no session identifier stated",N,N,N,N,N,N
Analyst,Name(s) of the analyst(s) who performed the analysis session. ORCID is recommended for persistent identification.,N/A,Basic,Text (free),,Source: Core module,2026-08-25,(none),,,N/A,N/A,N/A,N/A,N/A,N,N,N,N
Analysis Start Date,"Date on which the analytical session began. For sessions spanning multiple days, use the date of the first session. Format: YYYY-MM-DD.",N/A,Basic,Date,,Source: Core module,2026-08-25,(none),,,N/A,N/A,N/A,N/A,N/A,N,N,N,N
Analysis End Date,Date on which the analytical session ended. May equal Analysis Start Date for single-day sessions. Format: YYYY-MM-DD.,N/A,Basic,Date,,Source: Core module,2026-08-25,(none),,,N/A,N/A,N/A,N/A,N/A,N,N,N,N
Funding Source for Analysis,"Grants and other funding sources that supported the specific sample analyses and data collection reported here. Include grant numbers and funding agencies. Distinct from procedure development funding, which may have been awarded years earlier.",N/A,Basic,Text (free),,Source: Core module,2026-08-25,(none),,,N/A,N/A,N/A,N/A,N/A,N,N,N,N
Coupled Technique(s),"Other analytical techniques applied to the same sample(s) whose results are intended to be interpreted together with data from this procedure. Document coupling with any technique whose results are functionally linked to this dataset — providing calibration inputs, complementary spatial context, or required companion measurements. Name the instrument, laboratory or purpose alongside each technique where known, and join multiple techniques with '; '. Enter ""None"" if no coupling is intended.",Advanced,Editable,Text (free),"e.g., 'EPMA (Brown University CAMECA SX-100)' | 'FIB-SEM (Crossbeam 540) for 3D tomography; EDS for mineral analysis' | 'NanoSIMS; STXM; Raman' | 'None' | 'N/A'",Source: Core module,2026-08-31,(none),,,N,ICP-AES (for initial [Ca] determination; stated section 2),N,MC-ICP-MS — Zn isotopes on a Thermo Neptune Plus at IPGP (Methods),SF-ICP-MS — Ti on a Finnigan ELEMENT at PML (§2.1.2),N,N,N,N
Coupling Description,"Description of how this procedure is coupled with the technique(s) listed above. Include: (1) the functional relationship — what data or context flows between techniques, or how results are combined (e.g. which output from the coupled technique serves as input to data reduction for this technique); and (2) the analytical sequence — which technique is performed first and why (e.g. non-destructive before destructive). Required when Coupled Technique(s) is not ""None"".",Advanced,Editable,Text (free),,Source: Core module,2026-08-25,(none),,,N,ICP-AES measured initial Ca concentration; sample then diluted to 100 ppm Ca for Q-ICP-MS analysis; ICP-AES performed first (stated section 2),N,N — the elements are measured by Q-ICP-MS and the Zn isotopes by MC-ICP-MS; whether on the same solutions is not stated,"The Q-ICP-MS measures B, Zr, Nb, Mo, Sn, Sb, Hf and Ta, and its Nb (from Nb/Mo and Nb/Zr) is used for the SF-ICP-MS Ti calculation on the same solutions — §2.5, §2.8",N,N,N,N
Coupled Procedure DOI,"Registered procedure DOI for the coupled technique named above. If the coupled procedure has not yet been registered, enter the DOI of a publication describing the coupled method, or ""pending"". Enter ""None"" if no coupling is planned.",N/A,Advanced,URI / DOI,,Source: Core module,2026-08-25,(none),"Provides a stable, citable link to the companion method independent of whether a dataset has been deposited.",,N/A,N/A,N/A,N/A,N/A,N,N,N,N
Coupled Dataset or Publication Reference,"DOI or other persistent identifier for the co-registered dataset or publication where both datasets are reported together. Accepts: a dedicated dataset DOI (if separately deposited), a shared dataset DOI (if co-submitted in the same package), or a publication DOI. Use ""same submission"" if the coupled dataset is included in this data package, or ""pending"" if not yet assigned. If coupling is documented through a shared sample identifier only, that information is already captured in Sample Persistent Identifier (Group 2).",N/A,Advanced,URI / DOI / Text,,Source: Core module,2026-08-25,(none),,,N/A,N/A,N/A,N/A,N/A,N,N,N,N
2. Samples,,,,,,,,,,N,N,N,N,N,N,N,N,N,N
Target Material,General description of the material type(s) this procedure is designed to analyse.,Basic,Read-Only,Controlled list / Text,Basalt | Chondrite | Peridotite | Synthetic solution | N/A | None,Source: Core module,2026-09-28,defines: target material,"Used for discoverability and procedure matching, and because the material type constrains sample preparation, calibration and matrix-matching requirements.",,"andesite; basalt; granite; granodiorite; rhyolite; peridotite; dunite; dolerite; diabase; shale; sandstone; limestone; loess; graywacke — the reference materials of Tables 2 and 3, and the upper-crustal samples: PAAS, SCO-1, worldwide loess and Chinese composites of graywackes, shales and granites (§2)",foraminiferal calcite — core-top Cibicidoides wuellerstorfi from the north Atlantic Ocean (§4),"basalt; andesite; peridotite; dunite; synthetic glass; carbonaceous chondrite — GSJ and USGS silicate RMs, NIST SRM 610–616 glasses, and Orgueil, Murchison and Allende","carbonaceous chondrite — CM, CY, CV, CR and CO chondrites (abstract and text)","basalt; andesite; peridotite; carbonaceous chondrite — GSJ and USGS RMs, and Ivuna, Orgueil, Cold Bokkeveld and Allende","suspended particulate matter — digestates of the particles from the 1000 mg/L SPM isotherm experiments in freshwater (§2.3, §2.4)",sediment — suspended particulate matter: total digestions and the selective-extraction fractions F1–F4 and F4N,estuarine water — filtered freshwater and seawater from the sorption kinetics and isotherm experiments,"carbonaceous asteroid particle; carbonaceous chondrite — eight Ryugu TD1 particles, and the Smithsonian Allende powder for reproducibility"
Sample Name,"Name or identifier of each sample analysed in this session, as used in the laboratory — a sample mount, section or aliquot counts as one entry where that is what the laboratory tracks. Should match the identifier used in associated publications or data tables.",N/A,Basic,Text (free),"e.g., 'Allende MS-1 digest A' | 'NWA 8657 aliquot 2' | 'BHVO-2 replicate 3'",Source: Core module,2026-08-25,defines: sample,The analysis record corresponds to one session and may cover several samples.,,"AGV-1 (andesite), BHVO-1 (basalt), G-2 (granite), SCO-1 (shale), GSR-5 (shale); GSR-6 and ""another eighteen international"" RMs; worldwide loess and Chinese upper-crustal composites","Partially -- sample type named (""core top Cibicidoides wuellerstorfi from the north Atlantic Ocean""); no individual sample identifiers stated in the methods","JB-2, JB-3, JA-1, JA-2, JA-3, JP-1, BHVO-1, AGV-1, PCC-1, DTS-1; NIST SRM 610, 612, 614, 616 glasses","PCA 02010, B-7904, LON 94101 and further CM/CY chondrites","JB-1, JB-2, JB-3, JA-1, JA-2, JA-3, JP-1 (GSJ); BHVO-1, AGV-1, PCC-1, DTS-1 (USGS); Ivuna (CI1), Orgueil (CI1), Cold Bokkeveld (CM2), Allende (USNM 3529, Split 1, Pos. 23)",N — SPM isotherm experiment at 1000 mg/L,Selective extraction fractions F1-F4 and F4N; CRM NCS 73307,N — sorption kinetics and isotherm solutions; CRMs CRM-TMDW and NIST 1643f,"Ryugu particles A0066, A0238, A0247, A0256, A0259, A0268, A0301, A0313; Smithsonian Allende powder"
Sampling Unit Type,"The kind of physical subdivision of the sample to which one row of reported values corresponds — the unit that is analysed and reported, as distinct from the sample as a whole. Where units nest (e.g. confined tracks within grains), state both levels. The units themselves are listed in Sampling Unit Name.",Basic,Read-Only,Controlled list / Text,Whole sample | Aliquot | Grain | Spot | Analysis point | Phase | Sub-volume | Region of interest | N/A | None,Source: Core module,2026-09-15,(none),,,"Aliquot of rock powder -- ""Fifty milligrams of sample powder were placed in a home-made PTFE-lined stainless steel bomb""; final solution made up to 50 ml","Aliquot of dissolved foraminiferal calcite -- ""Ten to twenty individual foraminifera tests were handpicked""; cleaned samples ""dissolved in 200 ul 0.075M HNO3"", then split (20 ul for [Ca] by ICP-AES, remainder for ICP-MS)","Test portion / solution aliquot -- ""The amount of test portion used was 15-42 mg for basalt and andesite samples, and 30-63 mg for peridotite samples""; NIST glasses ""a few grains totalling 8-22 mg were used in one analysis""; ""the same sample solution aliquot""","N -- no digestion mass or aliquot stated for the elemental (Q-ICP-MS) determination; the ""approximately 35 mg of homogenized bulk powder"" in Methods belongs to the Zn-isotope MC-ICP-MS procedure","Weighed test portion -- ""Approximately 20 mg of basalt and andesite samples were weighed""; ""Approximately 50 mg for peridotites and approximately 10 mg for meteorites were weighed""; 9-18 mg for carbonaceous chondrites",N,Weighed sediment aliquot — 30 mg for tri-acid digestion; 200-500 mg per selective extraction fraction,N — sub-sampled water aliquots,"Individual particle, weighed: A0066 4.325 mg, A0238 1.868 mg, A0247 2.311 mg, A0256 2.378 mg, A0259 1.478 mg, A0268 1.902 mg, A0301 1.923 mg, A0313 2.012 mg; 20 mg Allende"
Sampling Unit Name,"The name or label of each sampling unit analysed in this session, as the laboratory records it, together with the sample it belongs to — e.g. a spot number, a grain label, a map or region-of-interest name, or an aliquot identifier. Where units are too numerous to name individually, such as map pixels or reconstructed voxels, name the acquisition area they belong to instead.",N/A,Basic,Text (free),"e.g., NWA 8657-1: spots 1–24 | Zircon mount ZM-3: grains Z1–Z30 | Core 73001: map areas A1–A5 | Bennu aggregate OREX-803015-100: aliquot for Ti",Source: Core module,2026-09-15,defines: sample > sampling unit,"Gives every field keyed by sampling unit a row to attach its values to, and ties each unit to the sample it belongs to; without it those fields collapse to one value per session.",,"Sample name only — Table 2 reports ""AGV-1"", ""BHVO-1"", ""G-2"", ""SCO-1"", ""GSR-5"" with replicate counts (n = 6, 5, 7, 4, 4) and no replicate labels (p.4)",N — only the sample type is named (core-top Cibicidoides wuellerstorfi); no sample or aliquot identifiers are stated,"Labelled for the meteorites: ""Orgueil #1"", ""Orgueil #2"", ""Murchison #1"", ""Murchison #2"", ""Allende #1"", ""Allende #2"" (table, p.9) — ""Two powder aliquots were used for each meteorite"" (p.9); geostandards by name only","Sample name only — meteorites by name (e.g. PCA 02010, PCA 02012); PCA 02010's ""Two separate fragments"" are distinguished by their values, not by labels (p.2)","Sample name only, except the Allende powder: ""the Smithsonian reference Allende powder (USNM 3529, Split 1, Pos. 23)"" (p.5). Solutions ""#1""–""#8"" (p.7) are synthetic yield-test solutions, not samples",N — the sorption-isotherm solutions carry no sample or unit identifiers,"Labelled by extraction: fractions ""F1"", ""F2"", ""F3"", ""F4"" and ""F4N"" of the equilibrated sediment, ""two replicates per extraction mode"" (p.2); replicates not labelled",N — the sorption-kinetics and isotherm solutions carry no sample or unit identifiers,"Sample name only — each Ryugu particle was ""individually weighed"" and digested whole, so it is its own unit: ""A0066, A0238, A0247, A0256, A0259, A0268, A0301, and A0313"" (p.3)"
Sample Persistent Identifier,"Globally unique, persistent identifier for each sample listed in Sample Name. IGSN (International Geo Sample Number) is the recommended standard for geological and cosmochemical samples, as used by Astromat, EarthChem and SESAR. Where a sample and its sub-samples are separately registered, record the identifier at the level actually analysed.",N/A,Advanced,URI / IGSN,,Source: Core module,2026-09-15,sample,,,N/A,N/A,N/A,N/A,N/A,N,N,N,N
Sample Description,"Brief description of sample provenance, form, or preparation state relevant to this analysis.",N/A,Basic,Text (free),,,2026-06-16,(none),,,N/A,N/A,N/A,N/A,N/A,N,N,N,N
Sample Preparation Method,"The form in which the sample is presented to the instrument, and the preparation that brought it to that form — for example mounting, sectioning, polishing, coating, crushing, fusion, or extraction of an electron-transparent section. Record 'None' where the material is analysed as received.",Basic,Editable,Controlled list / Text,Whole-rock powder | Mineral separate | Biogenic material (cleaned) | Natural water | Leachate or partial-dissolution fraction | Dissolved residue | Pre-digested liquid | N/A | None,Source: Core module,2026-09-28,sample,,,"Fifty milligrams of rock powder digested in a sealed PTFE-lined stainless steel bomb, taken up and made up to 50 ml with ultra-pure water and Rh internal standard — clean-room conditions (§3.3); for As and Te, 4.80 ml of sample solution plus 0.20 ml ethanol","Ten to twenty tests handpicked, crushed gently, cleaned of clays (water, methanol) and silicates, reductively and oxidatively cleaned, rinsed twice in 0.001 M HNO3 and dissolved in 200 µl 0.075 M HNO3. 20 µl diluted for Ca by ICP-AES, the remainder diluted to 100 ppm Ca — §2","Rock powders decomposed with the Sm spike; NIST glasses crushed roughly in a silicon nitride mortar, chips hand-picked, washed and dried; solutions diluted with 0.5 mol/l HNO3 to a dilution factor ≥ 1000 — clean room at PML; NIST SRM 610 decomposed without spike, the Sm spike added to its solution",N,"Powders weighed with the B, Zr–Hf and Mo–Sn–Sb spikes and decomposed with 30 mol/l HF and mannitol, dried, dissolved in 0.5 mol/l HF, fluorides removed by centrifuging, and the supernatant diluted — §2.5; GSJ samples and PCC-1 further pulverised (§2.3)","SPM recovered by centrifugation, oven dried, ground in agate mortars and totally digested: tri-acid for Te, microwave for Se (Se is volatile above 70 °C) — §2.2","SPM recovered by centrifugation, oven dried (70 °C), ground in agate mortars and aliquoted for tri-acid total digestion and parallel selective extractions (two replicates per extraction mode) — §2.2, Table 1",N,Particles individually weighed on a Mettler Toledo XPR2U microbalance (0.1 µg readability) and transferred to PFA vials without powdering — ISO class 5 cleanroom; acids distilled once
Digestion Acid(s),"Acid mixture used for sample dissolution. Record acid type(s) and concentration(s) where known (e.g., concentrated HF–HNO3 in Parr bombs is standard for silicate dissolution).",Basic,Read-Only,Text (free),"e.g., HF–HNO3 | HF–HNO3–HClO4 | HNO3–HCl | HNO3 only | Aqua regia | N/A | None",Source: Solution Introduction module,2026-08-31,preparation step,"For isotope-ratio work, complete matrix dissolution is required to avoid isotopic fractionation during partial dissolution.",,bomb attack: HNO3 + HF; re-dissolution: HNO3 — §3.3,dissolution: 0.075 M HNO3 — §2,ultrasonic HF-HClO4: HF + HClO4; bomb HF: HF; HClO4 drying: HClO4; final uptake: 0.5 mol/l HNO3,N,ultrasonic HF decomposition: 30 mol/l HF; bomb HF decomposition: 30 mol/l HF; re-dissolution: 0.5 mol/l HF — §2.5,tri-acid digestion: 14 M HNO3 + 10 M HCl + 29 M HF; re-dissolution: 14 M HNO3; microwave digestion: HNO3 + H2O2 + HF; Se recovery: 65% HNO3 — §2.2,tri-acid digestion: 14 M HNO3 + 10 M HCl + 29 M HF; re-dissolution: 14 M HNO3; F1 acetate: 1 M NaOAc + 5 M HOAc; F2 ascorbate: ascorbate solution; F3 H2O2: 30% H2O2 + 1 M ammonium acetate; F4 HCl: 1 M HCl; F4N HNO3: 1 M HNO3,N,HF-HNO3 attack: HF + HNO3; HNO3-HCl step: HNO3 + HCl; HNO3 step: HNO3; final uptake: 0.5 M HNO3
Digestion Vessel Type,Type of vessel used for acid digestion.,Basic,Read-Only,Text (free),"e.g., Savillex beaker | Parr bomb | TFE/TFM bomb | Carius tube | HPA-S | Open beaker | N/A | None",Source: Solution Introduction module,2026-08-31,(none),"Vessel type constrains maximum temperature and pressure and determines suitability for refractory mineral dissolution (e.g., Parr bombs required for complete silicate digestion at high temperatures).",,PTFE-lined stainless steel bomb (home-made; stated section 3.3),N,TFE bomb for peridotites and chondrites — the vessel for the ultrasonic digestion is not stated,N,"Teflon (TFM-PTFE) bomb for peridotites and meteorites — §2.2.3, §2.5","Closed PP tubes (DigiTUBEs, SCP Science) for Te; microwave vessels (START 1500, MLS) then PTFE vessels for Se — §2.2","Closed PP tubes (DigiTUBEs, SCP Science) for the total digestion; acid-washed PP Falcon 50 mL tubes for the extractions — §2.2",N,"PFA hexagonal cap vials (6 mL, Savillex), tightly capped with polypropylene wrenches — 'to maintain high-pressure–temperature conditions'"
Digestion Step,"Each distinct acid digestion step applied to dissolve the sample, listed in the order performed and named by its attack. A step is distinct when its acid mixture, vessel, temperature or duration differs from the one before; an evaporation or dry-down that carries no attack of its own is part of the step it follows, and an identical attack repeated on the residue is a repeat of that step rather than a new one. Enumerating the steps is what allows Digestion Acid(s), Digestion Temperature and Digestion Duration to be recorded per step. Record N/A where the sample is introduced without acid digestion.",Basic,Read-Only,Text (free),"e.g., '1: HF-HNO3, Parr bomb | 2: aqua regia reflux of the residue' | '1: HF-HNO3-HClO4 | 2: HNO3-HCl | 3: HNO3-H2O2' | 'Single step' | 'N/A (no acid digestion)'",Source: Solution Introduction module,2026-09-08,defines: preparation step,"Naming each step is what lets acid, temperature and duration be read per step; a bare count cannot say which conditions belong to which attack, and cannot settle whether a repeated attack or an intervening evaporation counts.",,"bomb attack (1 ml HNO3 + 1 ml HF, 190 °C for 48 h, then evaporated to incipient dryness and twice taken to dryness with 1 ml HNO3); re-dissolution (1.5 ml HNO3 + 2.5 ml ultra-pure water, capped, 150 °C overnight) — §3.3 numbers five operations; the evaporations carry no attack of their own",dissolution (200 µl 0.075 M HNO3) — §2; the paper does not call it a digestion,"ultrasonic HF-HClO4 (basalts, andesites and NIST SRM 612, 614, 616, with the Sm spike, in an ultrasonic bath, dried to decompose fluorides); bomb HF (peridotites and chondrites, with the Sm spike, in a TFE bomb at 245 °C); HClO4 drying (the bomb digests); final uptake (0.5 mol/l HNO3) — after Yokoyama et al. (1999) and Makishima and Nakamura (2006)",N,"ultrasonic HF decomposition (basalts and andesites, <70 °C); bomb HF decomposition (peridotites and meteorites, 245 °C, mannitol added after heating); re-dissolution (dried, then 5 ml 0.5 mol/l HF in an ultrasonic bath, fluorides removed by centrifuging) — abstract; §2.5","tri-acid digestion (30 mg in closed PP DigiTUBEs on a heating block, 2 h at 110 °C, with 750 µL 14 M HNO3, 1.5 mL 10 M HCl and 2.5 mL 29 M HF); re-dissolution (evaporated at 120 °C, re-dissolved with 250 µL 14 M HNO3 and heating, brought to 10 mL with Milli-Q water); microwave digestion (40–50 mg, START 1500, 3 mL 65% HNO3, 0.5 mL 30% H2O2, 0.25 mL 40% HF and 0.5 mL Milli-Q water, ramped to 210 °C and held 10 min, cooled overnight); Se recovery (evaporated to dryness at 70 °C in PTFE vessels, recovered with 270 µL 65% HNO3 at 70 °C for 1 h, made up to 6 mL) — §2.2; the first two steps for Te, the last two for Se","tri-acid digestion (30 mg in closed PP DigiTUBEs on a heating block, 2 h at 110 °C, with 750 µL 14 M HNO3, 1.5 mL 10 M HCl and 2.5 mL 29 M HF); re-dissolution (evaporated at 120 °C, re-dissolved with 250 µL 14 M HNO3 and heating, brought to 10 mL with Milli-Q water); F1 acetate (500 mg, 10 mL 1 M NaOAc with 5 M HOAc pH adjustment, 6 h shaking at 25 °C); F2 ascorbate (200 mg, 12.5 mL ascorbate solution pH 8, 24 h at 25 °C); F3 H2O2 (500 mg, 2.5 mL 30% H2O2 at pH 5 + 1.5 mL 30% H2O2 + 2.5 mL 1 M ammonium acetate, 2 h + 3 h at 85 °C + 30 min shaking at 25 °C); F4 HCl (200 mg, 12.5 mL 1 M HCl, 24 h at 25 °C); F4N HNO3 (200 mg, 12.5 mL 1 M HNO3, 24 h at 25 °C) — §2.2 and Table 1 (after Audry et al. 2006)",N,"HF-HNO3 attack (0.2 mL HF + 0.1 mL HNO3 + 0.4 mL water, 3 h in an ultrasonic bath, then capped 12 h at 120 °C and 5 days at 220 °C, dried at 100 °C); HNO3-HCl step (0.2 mL HNO3 + 0.2 mL HCl + 0.2 mL H2O, sealed, 150 °C for 1 day, dried at 100 °C); HNO3 step (0.2 mL HNO3 + 0.2 mL H2O, 80 °C for 1 day, dried at 90 °C); final uptake (5 mL 0.5 M HNO3) — Acid digestion"
Digestion Temperature,Temperature at which acid digestion was carried out (°C).,Basic,Editable,Numeric (°C),"e.g., '90–120 °C (hotplate, Savillex beaker)' | '150–190 °C (Parr bomb, refractory phases)' | '220 °C (HPA-S)'",Source: Solution Introduction module,2026-08-25,preparation step,,,bomb attack: 190 °C; re-dissolution: 150 °C — §3.3,N,bomb HF: 245 °C; other: N,N,ultrasonic HF decomposition: <70 °C; bomb HF decomposition: 245 °C; re-dissolution: N — abstract,tri-acid digestion: 110 °C; re-dissolution: 120 °C (evaporation); microwave digestion: up to 210 °C; Se recovery: 70 °C — §2.2,"tri-acid digestion: 110 °C; re-dissolution: 120 °C (evaporation); F1 acetate, F2 ascorbate, F4 HCl, F4N HNO3: 25 °C; F3 H2O2: 85 °C, then 25 °C",N,"HF-HNO3 attack: 120 °C, then 220 °C; HNO3-HCl step: 150 °C; HNO3 step: 80 °C; final uptake: N"
Digestion Duration,Duration of the primary acid digestion step (hours or days).,Basic,Editable,Text (free),"e.g., '12 h' | '24 h' | '48 h (refractory accessory phases)' | '3 days (multi-step with intermediate dry-down)'",Source: Solution Introduction module,2026-08-25,preparation step,,,bomb attack: 48 h; re-dissolution: overnight — §3.3,N,N,N,N,"tri-acid digestion: 2 h; microwave digestion: 10 min at 210 °C, then cooled overnight; Se recovery: 1 h; other: N — §2.2","tri-acid digestion: 2 h; F1 acetate: 6 h; F2 ascorbate, F4 HCl, F4N HNO3: 24 h; F3 H2O2: 2 h + 3 h, then 30 min; other: N",N,"HF-HNO3 attack: 3 h ultrasonic, 12 h, then 5 days; HNO3-HCl step: 1 day; HNO3 step: 1 day; final uptake: N"
Final Solution Matrix,"Acid type and concentration of the final dissolved sample solution introduced to the instrument. For isotope-ratio procedures, match acid molarity precisely between samples and bracketing standards. Procedures targeting HFSE may add trace HF to the final solution to keep those elements in solution.",Basic,Read-Only,Text (free),"e.g., 2% HNO3 | 3% HNO3 | 4% HCl | 2% HNO3 + trace HF | N/A | None",Source: Solution Introduction module,2026-09-08,acquisition pass,Directly affects instrument response and ion transmission. Mismatched molarity introduces matrix-induced mass bias offsets.,,all: 1.5 ml HNO3 and 2.5 ml water made up to 50 ml with ultra-pure water and 0.50 ml of 1.0 µg/ml Rh — §3.3,all: 0.075 M HNO3 at 100 ppm Ca — §2; working standards diluted with the same acid,"all: 0.5 mol/l HNO3, dilution factor ≥ 1000 — the same acid for calibrator, sample and washout solutions",N,"all: 0.5 mol/l HF with mannitol, diluted — 'The mannitol and HF concentrations in all samples and standard solutions were diluted to be similar to each other' (§2.5)","N — Te digests brought to 10 mL with Milli-Q water, Se digests to 6 mL (§2.2)",N — digests brought to 10 mL with Milli-Q water; extracts in their extraction reagents,"Te run: seawater matrices diluted in 2% HNO3, freshwater analysed directly; Se run: N — §2.3","Group-1: 0.5 M HNO3, DF 20,000; Group-2: 0.5 M HNO3, DF 200,000; Group-3: 0.5 M HNO3 with ~0.05 M HF, DF 20,000 — digests in 5 mL 0.5 M HNO3 at DF 1200–3400"
Sample Aliquot Mass or Volume,Mass (mg) of solid material digested or volume (mL) of liquid taken for dissolution.,Advanced,Editable,Numeric (mg or mL),"e.g., '50 mg (whole-rock silicate)' | '25 mg (mass-limited meteorite)' | '100 mg (low-abundance trace elements)' | '1–5 mL (aqueous sample)'",Source: Solution Introduction module,2026-08-25,sample,Used for yield calculations and concentration back-calculation.,,50 mg (stated section 3.3),"Ten to twenty tests, about 300 µg of shells — §2; one measurement uses 250 µl at 100 ppm Ca, equivalent to 60 µg calcite",15–42 mg (basalts and andesites); 30–63 mg (peridotites); 8–22 mg (NIST glasses); 9–28 mg (chondrites),N,~20 mg (basalts and andesites); ~50 mg (peridotites); ~10 mg (meteorites) — §2.5,"30 mg (Te, tri-acid); 40–50 mg (Se, microwave) — §2.2","30 mg (total digestion); 200–500 mg per extraction — §2.2, Table 1",N,"1.478–4.325 mg per particle; 20 mg of Allende — 4%–10% aliquots for Group-1 and Group-3, 0.4 mL of the Group-1 solution for Group-2"
Chromatographic Separation Applied,"Whether chromatographic separation of element groups (e.g., using ion exchange resin) was performed prior to analysis. Record resin type and elution matrix conditions if applied. Record 'None' if the direct digestion solution is analyzed.",Basic,Read-Only,Controlled list / Text,Yes | N/A | None,Source: Solution Introduction module,2026-08-31,(none),"Separation may be required to remove matrix elements that cause variable mass bias, to eliminate isobaric interferences, or to isolate an element group before measurement (e.g., Fe and Cu–Zn for isotope dilution, Hf separation from REE, removal of Cr and Ni from Fe fractions). It is usually mandatory for isotope-ratio procedures and optional for concentration measurement.",,None — the digest is analysed directly (§3.3),None,None (direct analysis),N — the chemical purification described is for the Zn isotopes,None — the method 'does not require ion-exchange separation' (§1); only the Zr–Hf spike was purified,N,None,N,N
Isotope Dilution Spike,"Isotopic spike material added to the sample before or during digestion for isotope dilution (ID) analysis or double-spike mass bias correction. For double-spike procedures, add and equilibrate the spike before digestion. For concentration ID, the spike must be added before digestion for complete equilibration. Record spike name or certificate reference, spike isotopes, and whether added pre- or post-digestion. Record 'None' if ID or double-spike technique is not used.",Basic,Read-Only,Text (free),"e.g., IRMM-016 (Fe) | 67Zn spike | None | N/A",Source: Solution Introduction module,2026-08-31,(none),Spiking before digestion corrects for isotopic fractionation during dissolution and column chemistry.,,None,None,"149Sm-enriched spike — for the ID of Sm, whose ¹⁴⁹Sm intensity is the internal standard for Cd, In, Tl and Bi",None,10B spike; 91Zr–179Hf mixed spike; 97Mo–119Sn–121Sb mixed spike — §2.2.2–2.2.4; Nb and Ta are not spiked,N,N,N,"113In–203Tl (Group-1, ID-IS); 49Ti; 91Zr–179Hf; 97Mo–182W (Group-3) — with enrichments and concentrations stated (Methods)"
3. Instrument & Software,,,,,,,,,,N,N,N,N,N,N,N,N,N,N
Instrument Manufacturer,"Manufacturer of the instrument that performs the measurement, recorded as a controlled value. Where a procedure couples a sample-introduction system to an analysing instrument, this records the analysing instrument. Instrument Model gives the specific designation.",Basic,Read-Only,Controlled list,Thermo Fisher Scientific | Agilent | PerkinElmer | Nu Instruments | Analytik Jena | Shimadzu | Unknown | N/A | None,Source: Core module,2026-08-30,(none),Recording it as a controlled value lets procedures be found by vendor.,,"PerkinElmer -- ""a PerkinElmer SCIEX ELAN 6100 DRC ICP-MS""","PerkinElmer -- ""a Perkin-Elmer Elan DRC II instrument""","Agilent -- ""Agilent 7500cs; Yokogawa Analytical Systems, Mitaka, Japan""","Agilent -- ""an Agilent 7900 Quadrupole Inductively Coupled Plasma Mass Spectrometry instrument""","Agilent -- ""A Q-pole type ICP mass spectrometer, Agilent 7500 cs (Yokogawa Analytical Systems, Japan)""",Agilent,Thermo Fisher Scientific,Thermo Fisher Scientific,Thermo Fisher Scientific
Instrument Model,"Model designation of the instrument that performs the measurement, including any generation or configuration suffix. Conventionally written with the manufacturer name included; Instrument Manufacturer records the vendor separately, as a controlled value, so that procedures remain findable by vendor.",Basic,Read-Only,Text (free),"e.g., Thermo iCAP RQ | Agilent 7900 | Agilent 7700x | PerkinElmer NexION 350D | Thermo X Series II | Agilent 8900 (ICP-MS/MS) | N/A | None",Source: Core module,2026-08-31,(none),,,PerkinElmer SCIEX ELAN 6100 DRC (stated section 3.1),PerkinElmer Elan DRC II (stated section 2 and Table 1),Agilent 7500cs (stated section 2),Agilent 7900 (stated Methods),Agilent 7500cs (stated section 2.1.1),Agilent 8800 (QQQ-ICP-MS),iCAP-TQ,XSeries 2,iCAP TQ
ICP-MS Type,"Type of ICP-MS system - the mass analyser and, where the instrument has one, the collector configuration.",Basic,Read-Only,Controlled list,Single-collector quadrupole (Q-ICP-MS) | Triple quadrupole (ICP-MS/MS) | N/A | None,Source: ICP-MS module,2026-08-30,(none),Determines available cell configurations and interference mitigation strategies.,,Single-collector quadrupole (Q-ICP-MS),Single-collector quadrupole (Q-ICP-MS),Single-collector quadrupole (Q-ICP-MS),Single-collector quadrupole (Q-ICP-MS),Single-collector quadrupole (Q-ICP-MS),Triple quadrupole (ICP-MS/MS),Triple quadrupole (ICP-MS/MS),Single-collector quadrupole (Q-ICP-MS),Triple quadrupole (ICP-MS/MS)
Instrument Serial Number or Lab Identifier,Serial number or laboratory-internal identifier for the specific instrument unit.,Advanced,Editable,Text (free),,Source: ICP-MS module,2026-08-25,(none),Supports traceability to instrument service records.,,N,N,N,N,N,N,N,N,N
Torch Type,"Type of plasma torch installed (e.g. standard quartz, high-matrix, low-flow).",Advanced,Read-Only,Text (free),Standard quartz | High-matrix | Low-flow | N/A | None,Source: ICP-MS module,2026-08-30,(none),,,N,N,N,N,Quartz glass torch with Pt injector — Table 1a,N,N,N,N
Interface Cone Configuration,Geometry and designation of the sampler and skimmer cones installed during analysis. State both cones.,Basic,Read-Only,Text (free),"e.g., Ni sample cone + standard Ni skimmer | Ni sample cone + Ni H-skimmer | Ni sample cone + Ni Xs skimmer | N/A | None",Source: ICP-MS module,2026-08-31,(none),"Some instruments offer multiple skimmer cone geometries (standard, high-sensitivity) that differ in aperture size and affect ion transmission efficiency and matrix tolerance.",,N,N,N,N,1 mm Pt sampler + 0.4 mm Pt skimmer (stated Table in section 2.1.1),N,N,N,N
Sampler and Skimmer Cone Material,Material composition of the sampler and skimmer cones. State both sampler and skimmer materials; a single statement is acceptable where they are identical.,Advanced,Read-Only,Controlled list / Text,Ni sampler and Ni skimmer | Pt sampler and Pt skimmer | Ni sampler and Pt skimmer | Al sampler and Al skimmer | N/A | None,Source: ICP-MS module,2026-08-31,(none),"Nickel is standard for most aqueous and nitric matrices; platinum is used for HCl-rich, high-TDS or organic matrices for its greater corrosion resistance; aluminium is used in some laboratories for high-purity work or enhanced sensitivity.",,N,N,N,N,Pt sampler and Pt skimmer (stated Table in section 2.1.1),N,N,N,N
Torch Depth,"Distance between the load coil and the sampling cone tip (mm), also called injector depth or torch position depending on the instrument manufacturer.",Advanced,Editable,Text (free),5 mm | Standard position (manufacturer default) | N/A | None,Source: ICP-MS module,2026-08-25,(none),"Affects ion transmission efficiency, oxide formation, and doubly-charged species production.",,N,N,N,N,N,N,N,N,N
Guard Electrode,"Whether a guard electrode - also called a grounded shield electrode, extraction lens, or Fassel torch shield - is installed and active on the torch assembly.",Basic,Read-Only,Controlled list,On | Off | Not installed | N/A | None,Source: ICP-MS module,2026-08-30,(none),"Capacitively decouples the plasma from the load coil, reducing secondary discharge and improving ion extraction efficiency.",,N,N,N,N,Shield torch used — §2.1.1,N,N,N,N
Mass Resolution Setting,"Operating mass resolution of the mass analyser. Where the analyser permits selection, state the mode; where individual target species are assigned to different modes, state each.",Basic,Editable,Controlled list / Text,"Unit resolution (quadrupole, fixed) | Low resolution (LR) | Medium resolution (MR) | High resolution (HR) | Multiple modes assigned per target species | N/A | None",Source: ICP-MS module,2026-09-01,(none),"For quadrupole instruments, mass resolution is fixed at unit resolution by instrument design (m/Δm ≈ 300); no operator selection is possible.",,N,N,N,N,N,N,N,N,N
Collision/Reaction Cell (CRC) Configuration,"Whether a collision or reaction cell is installed and its operating mode. In standard mode (STD), no cell gas is introduced and the cell acts only as an ion guide. In kinetic energy discrimination (KED) mode, helium thermalizes ions so that polyatomic interferences, which have a larger collision cross-section, are selectively retarded by a cell exit barrier voltage. In dynamic reaction cell (DRC) mode, a reactive gas selectively neutralizes specific interferences through ion-molecule reactions. Specific gas types, flow rates and cell voltages are documented in Group 4. Record 'Not installed' where the instrument has no collision/reaction cell.",Basic,Read-Only,Controlled list / Text,"Not installed | STD (standard mode, no gas) | KED (kinetic energy discrimination, He gas) | DRC (dynamic reaction cell, reactive gas) | KED+DRC | ICP-MS/MS (triple-quadrupole mode) | N/A | None",Source: collision/reaction cell module,2026-09-10,monitored property,On MS/MS instruments a second mass filter preceding the cell enables precursor-ion selection.,,N — an ELAN 6100 DRC; no cell gas or cell mode is described (§3.1),N — an Elan DRC II; no cell gas or cell mode is described,N,"m/z 23–75: collision-reaction cell with helium; other: N — 'analyzing atomic masses from 23 (Na) to 75 (As) in a collision-reaction cell, utilizing helium gas at a flow rate of 5 mL/min' (Methods); the masses are not listed",all: no gas introduced into the octopole collision cell — 'collision gases were not introduced into the cell' (§2.1.1),"125Te, 77Se: oxygen-shift mode with O2 as cell gas; other: N — §2.3, §2.4","126Te: KED with He; 125Te, 77Se, 78Se, 80Se, 82Se: mass-shift O2 mode; other: N — §2.3, §2.4","Se masses: CCT mode, collision cell with He:H2; other: N — the Se masses are not listed; no cell mode is stated for Te (§2.4)","Li, Be, Sc, Rb, Sr, Y, Ag, Cs, Ba, La, Ce, Pr, Nd, Sm, Eu, Gd, Tb, Dy, Ho, Er, Tm, Yb, Lu, Tl, Pb, Bi, Th, U: non-gas SQ mode; Ga, As, Se, Cd, In, Na, P, K, Ca: O2 mode; Mg, Al, V, Cr, Mn, Fe, Co, Ni, Cu, Zn, Ti, Zr, Nb, Hf, Ta, Mo, W: He KED mode — Methods"
Detector Configuration,"Type(s) of detector(s) installed in the mass spectrometer and the detection mode(s) used: pulse counting, analog and, on some sector-field instruments, Faraday. The cross-calibration between detector modes is recorded in Pulse/Analog Detector Nonlinearity Correction (Group 5).",Basic,Read-Only,Controlled list / Text,"Single SEM, pulse counting only | Single SEM, dual mode (pulse counting + analog) | Single SEM, triple mode (pulse counting + analog + Faraday) | N/A | None",Source: single-collector ICP-MS module,2026-09-11,(none),"Most Q-ICP-MS instruments use a single SEM in dual mode (pulse counting at low signals, analog at high signals), with an instrument-specific crossover threshold.",,N,Pulse counting for all isotopes — Table 1; 'We determined all isotopes using pulse mode to avoid the need for cross calibration' (§3.1),N,N,"Pulse counting and analog (>10^6 cps), switched automatically — Zr, Nb, Mo and Sb sometimes in analog at DF < ~250 (§2.1.1)",N,N,N,N
Nebulizer Type,Type and material of the pneumatic nebulizer used for sample introduction.,Basic,Read-Only,Text (free),"e.g., PFA MicroFlow | PFA-ST | Concentric glass | Micromist | Meinhard | N/A | None",Source: Solution Introduction module,2026-08-31,(none),Affects droplet size distribution and sample introduction efficiency.,,Glass microconcentric nebulizer (MCN; stated section 3.1),Glass Expansion Micromist FM005 (stated section 2 and Table 1),N,MicroMist nebulizer (stated Methods),"Micro-flow PFA nebulizer PFA-20 (ESI, USA); self-aspiration (stated Table in section 2.1.1)",N,N,N,N
Spray Chamber Type and Cooling Temperature,Type of spray chamber and cooling temperature if thermostatted (°C).,Basic,Read-Only,Text (free),"e.g., Cyclonic quartz at 2°C | Scott double-pass at 7°C | Conical with impact bead (uncooled) | N/A | None",Source: Solution Introduction module,2026-08-31,(none),Chamber type and temperature control aerosol droplet size and the solvent vapor load reaching the plasma. In some procedures a spray chamber is placed downstream of a desolvating nebulizer to improve signal stability.,,Cyclonic spray chamber (stated section 3.1),Cyclonic quartz spray chamber (stated Table 1),N,Scott spray chamber (stated Methods),"Scott double-pass, cooled at 2 °C, made of Teflon — Table 1a",N,N,N,N
Desolvation System,Desolvating nebulizer or membrane desolvator used upstream of the plasma to reduce solvent load. Record 'None' if not used.,Advanced,Read-Only,Controlled list / Text,Aridus I | Aridus II | Apex Q | Apex IR | Apex HF | None | N/A,Source: Solution Introduction module,2026-09-08,acquisition pass,"Lowers oxide production rates and increases sensitivity, and is commonly used for low-abundance target species or small sample sizes. Note the trade-off: desolvation can introduce additional instrumental mass bias instability relative to wet plasma introduction.",,N,N,N,N,N,N,N,N,N
Sample Uptake Rate,Peristaltic pump speed or self-aspiration flow rate for sample introduction (µL/min or mL/min).,Basic,Editable,Numeric (µL/min or mL/min),"e.g., '50–100 µL/min (self-aspirating PFA nebulizer)' | '200–400 µL/min (micro-flow, peristaltic)' | '1 mL/min (conventional concentric)'",Source: Solution Introduction module,2026-08-26,(none),,,0.20 ml/min (stated section 3.1),~60 uL/min (stated Table 1; 0.03 mm ID pump tubing),N,0.2 mL/min (stated Methods),N — self-aspiration (Table 1a); pseudo-FI uses 0.013 ml per sample (§2.6),N,N,N,N
Acquisition Software,"Instrument control, automation and data acquisition software used to collect the raw data, including version number. Distinct from Data Processing Software(s), which covers everything applied to the data after acquisition.",Basic,Editable,Text (free),,Source: Core module,2026-08-26,(none),,,N,N,N,N,N,N,N,N,N
Data Processing Software(s),"All software applied to the data after acquisition in order to produce the reported quantities, including version numbers. List every package used. Distinct from Acquisition Software, which controls the instrument and collects the raw data.",Basic,Editable,Text (free),,Source: Core module,2026-08-26,(none),,,N,N,N,N,N,N,N,N,N
4. Measurement Information,,,,,,,2026-08-26,,,N,N,N,N,N,N,N,N,N,N
Analytical Mode,Primary analytical mode(s) executed under this procedure. Records one value for a single-mode procedure and all applicable modes for a multi-mode one. Applies even where a procedure defines no mode flag columns.,Basic,Read-Only,Controlled list,Solution nebulisation (continuous) | Flow injection,Source: Core module,2026-08-26,(none),"Serves as the procedure-level declaration of measurement type, distinct from the mode flag columns, which state per-field applicability. Ensures every procedure record is self-describing and comparable across the library.",,"Solution nebulisation (continuous) -- ""A glass microconcentric nebulizer (MCN) and a cyclonic spray chamber comprised the sample introduction system, with a typical sample uptake rate of 0.20 ml/min""","Solution nebulisation (continuous) -- quartz cyclonic spray chamber and ""glass micro-concentric nebulizer Micromist FM005 ... producing an uptake rate of ~60 ul/min at a pump rate of 12 rpm""; Cetac ASX100 autosampler","Flow injection -- ""The pseudo-flow injection (FI) sample introduction technique, in which transient signals were integrated as total counts, was employed with the ID-IS method to minimise total sample consumption volume (~0.013 ml)""","Solution nebulisation (continuous) -- ""The sample was introduced into a Scott spray chamber through a MicroMist nebulizer at an uptake rate of 0.2 mL/min""","Flow injection -- ""pseudo-FI"" declared as the data acquisition mode; sec 2.6 ""Pseudo-flow injection (FI) method for ICP-QMS"", explicitly contrasted with ""the continuous sample introduction method""",Solution nebulisation (continuous),Solution nebulisation (continuous),Solution nebulisation (continuous),Solution nebulisation (continuous)
RF Power,"Radiofrequency forward power applied to the ICP, in watts.",Basic,Editable,Numeric (W),"e.g., 1400 | 1500 | 1550 | 1600",Source: ICP-MS module,2026-08-31,(none),Controls ionization efficiency and oxide production rates.,,1350 W (stated section 3.1),1300 W (Table 1),N,N,1.6 kW (stated Table in section 2.1.1),N,N,N,N
Coolant (Plasma) Gas Flow Rate,"Flow rate of the outer (coolant/plasma) argon gas stream that sustains the ICP plasma, in L/min.",Basic,Editable,Numeric (L/min),13–18 L/min,Source: ICP-MS module,2026-08-26,(none),Influences plasma temperature and oxide ion formation.,,14 L/min (outer ICP gas; stated section 3.1),15 L/min (Table 1),N,N,15 L/min (stated Table in section 2.1.1),N,N,N,N
Auxiliary Gas Flow Rate,"Flow rate of the intermediate (auxiliary) argon gas stream, between the torch body and the injector tube, which positions the plasma relative to the load coil, in L/min. Distinct from the outer coolant (plasma) gas and from the gas stream that carries sample into the plasma.",Basic,Editable,Numeric (L/min),0.7–1.2 L/min,Source: ICP-MS module,2026-08-26,(none),,,1.2 L/min (intermediate gas; stated section 3.1),1.2 L/min (Table 1),N,N,0.90 L/min (stated Table in section 2.1.1),N,N,N,N
Nebulizer Gas Flow Rate,Flow rate of the carrier argon gas delivered through the nebulizer (L/min).,Basic,Editable,Numeric (L/min),0.8–1.1 L/min,Source: Solution Introduction module,2026-08-26,(none),Controls aerosol transport and strongly influences signal sensitivity and stability.,,"N — 'optimized to obtain maximum signal intensities for Mg, Co, Rh, Ce, Pb and U' (§3.1)",0.99-1.02 L/min (Table 1),N,N,0.92 L/min (stated Table in section 2.1.1),N,N,N,N
Make-up Gas and Flow Rate,"Supplementary gas added to the sample-carrying stream between the sample introduction system and the plasma, with its identity and the procedure-registered target flow rate. Record any small nitrogen or hydrogen addition with its own flow, whose unit commonly differs from the make-up flow. Record 'None' explicitly where no supplementary gas is added, to distinguish it from not reported.",Advanced,Editable,Numeric (L/min) / Text,"e.g., '0.25 (Ar, no desolvator fitted)' | '0.85 Ar + 4 ml/min N2 (sensitivity enhancement)' | 'None'",Source: ICP-MS module,2026-08-26,(none),"Argon make-up is standard and maintains total gas delivery where the carrier flow alone is insufficient — downstream of an ablation cell, or of a desolvation system that has removed solvent load. Small nitrogen or hydrogen additions enhance sensitivity for some elements.",,N/A,N/A,N/A,N/A,"Ar, 0.25 l/min — Table 1a",N,N,N,N
Plasma Thermal Mode,"Whether the ICP plasma is operated under cool plasma (<=900 W RF) or normal (hot) plasma (>1000 W RF) conditions, with the RF power that defines it. This field records the RF-POWER axis only. Solvent loading also affects plasma thermal state, but dry versus wet aerosol is recorded by Desolvation System — do not answer this field with 'dry plasma' or 'wet plasma'. Document independently of the RF Power field.",Basic,Read-Only,Controlled list / Text,Normal plasma (>1000 W RF) | Cool plasma (≤900 W RF) | N/A | None,Source: ICP-MS module,2026-09-29,acquisition pass,"Normal plasma (>1000 W RF) is standard for most solution ICP-MS analyses. Cool plasma (≤900 W RF) reduces argide-based interferences (e.g., 40Ar12C+ on 52Cr) at the cost of reduced sensitivity and ionization efficiency for most elements.",,N — RF power 1350 W (§3.1),N — RF power 1300 W (Table 1),N,N,N — plasma power 1.6 kW (Table 1a),N,N,N,N
ICP Tuning,"Description of the approach used to optimise ICP plasma conditions prior to analysis, including the reference material used for tuning and the acceptance criteria (e.g., oxide production threshold, sensitivity targets, mass calibration).",Advanced,Editable,Text (free),"e.g., 'Daily optimisation of autolens voltages on a 10 ng/ml Mg-Co-Rh-Ce-Pb-U solution; nebuliser gas set for maximum sensitivity with CeO+/Ce+ and Ce2+/Ce+ <2.5%' | 'Daily tune on 10 ppb Mg-In-U; CeO/Ce constrained within 3%'",Source: ICP-MS module,2026-08-26,(none),,,"Autolens voltages ""set by optimizing a solution of 10 ng/ml Mg, Co, Rh, Ce, Pb and U""; ""The nebulizer gas flow rate was optimized to obtain maximum signal intensities for Mg, Co, Rh, Ce, Pb and U, while keeping the CeO+/Ce+ and Ce2+/Ce+ ratios below 2.5%""","""The instrument sensitivity was optimized daily using a 10 ppb Mg-In-U standard""; ""Plasma robustness was monitored by constraining CeO/Ce ratio within 3% to refrain formation of polyatomic oxides""",N,N,N,N,N,N,N
Instrument Warm-up / Session Duration Limit,"Minimum warm-up time required after plasma ignition before analyses begin, and any maximum session duration enforced to maintain stable operating conditions.",Advanced,Read-Only,Text (free),"e.g., 'Rock solution flushed through for 30 min before tuning' | '>=30 min warm-up after plasma ignition; no session duration limit' | 'Sessions <=5 h, the interval over which blanks remain stable'",Source: ICP-MS module,2026-08-26,(none),,,"Partially -- instrument conditioning before tuning is stated: ""Drift was minimized by flushing through a rock solution for 30 min before tuning the instrument for a run"". No warm-up time after plasma ignition and no session duration limit stated",Cone conditioning with pure Ca solution (100 ppm) for 0.5–1 hours before optimisation — §3.4; blanks stable over a typical run of ~5 hr (§3.2),N,N,N,N,N,N,N
Instrument Sensitivity,"Instrument sensitivity achieved in the session, with the isotope or monitored property it was measured on and the conditions it applies to. May be expressed either as detected signal per unit concentration or per unit mass of target species delivered — counts per second per ppb, volts per ppm, counts per picogram — or as useful yield, the percentage of sampled atoms ultimately detected as ions, with the method used to derive it cited. A sensitivity the procedure requires before analyses may begin belongs with the tuning acceptance criteria.",N/A,Advanced,Numeric + unit / Text,"e.g., '572 V/ppm' | '~2.5 x 10^6 cps/ppb' | '0.04 count pg-1 ml' | '0.1% useful yield' | 'N/A'",Source: ICP-MS module,2026-09-29,monitored property,"Useful yield is the more comparable of the two wherever the amount of material consumed varies between procedures, as it does with spot size, fluence and repetition rate.",,N,7Li: 2500 cps/ppb; 11B: 1000 cps/ppb; 25Mg: 800 cps/ppb; 46Ca: 0.5 cps/ppb; 27Al: 15000 cps/ppb; 55Mn: 12000 cps/ppb; 66Zn: 2500 cps/ppb; 87Sr: 1500 cps/ppb; 111Cd: 1500 cps/ppb; 238U: 9000 cps/ppb — typical count rate (Table 1); ~40 kHz for 1 ppb ¹¹⁵In at 60 µl/min (§2),111Cd: 0.04; 115In: 0.5; 149Sm: 0.09; 205Tl: 0.5; 209Bi: 0.6 — count pg⁻¹ ml (Table 1),N,N,N,N,N,N
Target Species,"The chemical species this procedure is designed to determine, recorded at whatever resolution the chemistry is resolved — element(s) for this technique; valence species where a procedure resolves oxidation state; compounds where it resolves molecules. Isotopes are not target species: isotopes of an element are the same chemical species. The subset actually measured may be narrower than the registered suite where species were excluded due to interferences or scope reduction.",Basic,Editable,Text (free),,Source: Target Species module,2026-09-01,defines: target species,,,"Li, Be, B, Sc, V, Cr, Co, Ni, Cu, Zn, Ga, Ge, As, Rb, Sr, Y, Zr, Nb, Mo, Cd, In, Sn, Sb, Te, Cs, Ba, La, Ce, Pr, Nd, Sm, Eu, Gd, Tb, Dy, Ho, Er, Tm, Yb, Lu, Hf, Ta, W, Tl, Pb, Bi, Th, U — the forty-eight trace elements of Table 2","Li, B, Mg, Al, Mn, Zn, Sr, Cd, U — as element/Ca ratios; Ca is the denominator","Cd, In, Tl, Bi — Sm is determined by ID as the internal standard",N — 'The elemental content of samples was analyzed' (Methods); the element list is in Tables S1–S2,"B, Zr, Nb, Mo, Sn, Sb, Hf, Ta — Ti is measured by the SF-ICP-MS","Te, Se","Te, Se — natural Te from ¹²⁶Te, spiked Te from ¹²⁵Te; natural Se from ⁷⁸Se, ⁸⁰Se, ⁸²Se, spiked Se from ⁷⁷Se","Te, Se","Li, Be, Sc, Ga, As, Se, Rb, Sr, Y, Ag, Cd, In, Cs, Ba, La, Ce, Pr, Nd, Sm, Eu, Gd, Tb, Dy, Ho, Er, Tm, Yb, Lu, Tl, Pb, Bi, Th, U, Na, Mg, Al, P, K, Ca, V, Cr, Mn, Fe, Co, Ni, Cu, Zn, Ti, Zr, Nb, Hf, Ta, Mo, W — 54 elements in three groups"
Reported Variables and Units,"The final variable(s) this procedure reports and their units — distinct from the fields recording what was *acquired* rather than what is reported. Record every reported variable, including intermediate quantities reported alongside final ones (e.g. both the 206Pb/238U ratio and the 206Pb/238U date). Where a reported variable is a nominal property with no magnitude (e.g. a mineral identification), record the variable and give the unit as 'N/A — nominal property'.",Basic,Read-Only,Text (free),"e.g., 'Element concentration (ppm); oxide (wt%)' | 'd56Fe (permil vs IRMM-014); d57Fe (permil vs IRMM-014)' | '206Pb/238U date (Ma); 207Pb/206Pb date (Ma)' | 'Mineral identity (N/A — nominal property); match score (0-1)'",Source: Core module,2026-08-26,defines: reported property,A procedure may acquire many channels and report a small number of derived quantities; without this field a data consumer cannot tell which.,,"Li, Be, B, Sc, V, Cr, Co, Ni, Cu, Zn, Ga, Ge, As, Rb, Sr, Y, Zr, Nb, Mo, Cd, In, Sn, Sb, Te, Cs, Ba, La, Ce, Pr, Nd, Sm, Eu, Gd, Tb, Dy, Ho, Er, Tm, Yb, Lu, Hf, Ta, W, Tl, Pb, Bi, Th, U (ppm) — Table 2; blanks in ppb","Li/Ca, B/Ca, Mn/Ca, Zn/Ca, Cd/Ca (µmol/mol); Mg/Ca, Sr/Ca, Al/Ca (mmol/mol); U/Ca (nmol/mol) — Table 2 note a","Cd, In, Tl, Bi (µg/g) — Tables 3–5; detection limits in pg/ml and ng/g",N — concentrations in µg/g in the text (e.g. '[Zn] = 309 µg/g'); the list is in Tables S1–S2,"B, Zr, Nb, Mo, Sn, Sb, Hf, Ta (µg/g) — Tables 5–8; Nb from Nb/Zr and Nb/Mo, Ta from Ta/Mo and Ta/Hf, and their averages","Te, Se — particulate concentrations from the digestates; units not stated for this instrument","Te, Se (mg/kg) — particulate concentrations","Te, Se (µg/L) — dissolved concentrations","Li, Be, Sc, Ga, As, Se, Rb, Sr, Y, Ag, Cd, In, Cs, Ba, La, Ce, Pr, Nd, Sm, Eu, Gd, Tb, Dy, Ho, Er, Tm, Yb, Lu, Tl, Pb, Bi, Th, U, Na, Mg, Al, P, K, Ca, V, Cr, Mn, Fe, Co, Ni, Cu, Zn, Ti, Zr, Nb, Hf, Mo (µg/g) — Table 1; 'Although the abundances of Ta and W were measured, the data for these elements were excluded from the results due to high blank contributions (>30%)'"
Monitored Masses,"Specific masses monitored in this procedure, grouped by the target species element they serve where they serve one. Covers atomic isotopes and, where a reaction cell shifts an target species onto a different mass, the product mass actually measured. Includes interference-monitor and internal-standard masses, which serve no target species and so have no parent element. The target species list is given by the Target Species field and is never inferred from the element symbols appearing here.",Basic,Read-Only,Text (free),"e.g., 67Zn | 115In | 209Bi | 172Yb | 141TeO (O2 mass-shift product of 125Te) | N/A | None",,2026-09-10,defines: monitored property per target species,,,"114Cd → Cd; 115In → In; 118Sn → Sn — the masses of the other elements are not stated; ¹¹⁸Sn⁺ is measured to correct the Sn interferences (§3.1), and whether it is also the Sn analytical mass is not stated","7Li → Li; 11B → B; 25Mg → Mg; 46Ca → none; 27Al → Al; 55Mn → Mn; 66Zn → Zn; 87Sr → Sr; 111Cd → Cd; 238U → U — Table 1; ⁴⁶Ca for its low abundance, ¹¹¹Cd to avoid Sn on ¹¹²Cd and ¹¹⁴Cd (§3.1, §3.3)","111Cd → Cd; 115In → In; 205Tl → Tl; 209Bi → Bi; 95Mo, 113Cd, 118Sn, 149Sm → none — Table 1; '113Cd was not used for Cd determination, because the correction of 113In was far larger than the MoO correction'",N,"10B, 11B → B; 90Zr, 91Zr → Zr; 93Nb → Nb; 95Mo, 97Mo → Mo; 118Sn, 119Sn → Sn; 121Sb, 123Sb → Sb; 178Hf, 179Hf → Hf; 181Ta → Ta — 'In one scan, 10B, 11B, 90Zr, ... and 181Ta were measured' (§2.1.1)",125Te → Te; 77Se → Se; 103Rh → none — the spiked isotopes; ¹⁰³Rh is the internal standard,"125Te, 126Te → Te; 77Se, 78Se, 80Se, 82Se → Se — §2.3, §2.4",N — the masses are not stated,"N — the analytical masses are in the supplementary data; the spike isotopes are ¹¹³In, ²⁰³Tl, ⁴⁹Ti, ⁹¹Zr, ¹⁷⁹Hf, ⁹⁷Mo and ¹⁸²W, with ¹⁰³Rh as internal standard"
Dwell Time per Mass,"Count (dwell) time at the mass position, in milliseconds. Where the procedure defines it per sweep or per scan rather than per measurement, state that basis.",Basic,Editable,Numeric (ms) / Text,,,2026-09-10,monitored property,,,all: 0.15 s — 'peak hopping (one point per peak) was used with a dwell time of 0.15 s' (§3.1),7Li: 10 ms; 11B: 10 ms; 25Mg: 0.5 ms; 46Ca: 2 ms; 27Al: 0.5 ms; 55Mn: 0.5 ms; 66Zn: 5 ms; 87Sr: 0.5 ms; 111Cd: 60 ms; 238U: 20 ms — ms/amu (Table 1),"95Mo, 111Cd, 113Cd, 115In, 118Sn, 149Sm: 0.11 ms; 205Tl, 209Bi: 0.18 ms — 'ms per 1 s' (Table 1)",N,"10B, 11B: 0.0801 s; 90Zr, 91Zr: 0.0032 s; 93Nb: 0.0320 s; 95Mo, 97Mo, 118Sn, 119Sn, 121Sb, 123Sb: 0.0481 s; 178Hf, 179Hf: 0.0641 s; 181Ta: 0.2083 s — integration time per 1 s (Table 2a)",N,N,N,N
Number of Scans per Replicate,"Number of complete mass scans accumulated per analytical replicate. A scan — also called a sweep or a pass — is one complete traversal of the monitored masses by a sequentially scanning analyser, so the scan count multiplied by the per-mass dwell time gives the total integration time per replicate. Distinct from a cycle in simultaneous multi-collection, which is one readout of all detectors at once rather than a traversal of masses.",Basic,Read-Only,Integer,"e.g., 20 | 40 | 100 | 250 | 2000",,2026-09-08,acquisition pass,,,all: three sweeps per reading and three readings per replicate — §3.1,"all: 250 sweeps per reading, 1 reading per replicate — Table 1",N,N,"all: 48 scans in 30 s, 1 point per mass — Table 1a",N,N,N,N
Number of Replicates,"Number of replicate measurements performed on the same sample, or on the same nominal location where the technique is spatially resolved. For spot analysis this is the number of individual spots per grain or location; for transects, the number of replicate lines; for mapping, the number of map acquisitions of the same area; for solution work, the number of discrete replicate measurements acquired per sample solution.",Advanced,Basic,Integer,"e.g., 3 | 5 | 10 | 20",,2026-08-31,(none),,,N,6 — Table 1,N,N,N,N,N,N,N
Analysis Sequence,"The repeating order in which calibration or bracketing standards, quality-control and secondary reference materials, blanks and unknowns are interleaved within a measurement session. Adjustments must maintain the bracketing strategy defined in the procedure.",Basic,Editable,Text (free),"e.g., Calibration block at session start; standard after every 3 samples | Bracketing every 5 samples | N/A | None",Source: ICP-MS module,2026-08-31,(none),,,N,"8 external calibration standards, then 50–80 samples interspersed with drift correction standards every 3 samples — 6–10 hours (§3.4)","Multi-element standard solution after every third sample, Mo standard solution after every sixth sample — each measurement ~6 min, including ~200 s wash",N,"Standard solution every two samples; each sample ~6 min including ~3 min wash. Pseudo-FI: a 40 s background step with the probe in the sample, then 30 s of sample signal — §2.1.1, §2.6",N,N,N,N
Wash Time Between Samples,Duration of instrument rinse between successive sample solutions (seconds).,Basic,Read-Only,Numeric (s),"e.g., 120 | 180 | 210 | 300",Source: Solution Introduction module,2026-08-31,(none),"Controls carryover and memory effects. For isotope-ratio work, complete washout is critical to prevent cross-contamination between samples with differing isotopic compositions.",,N — 'manual analyses in which care was taken to completely wash-out B and Ta signals between samples' (§3.1),60 s — Table 1; uptake time 65 s,~200 s with 0.5 mol/l HNO3 — 0.5 mol/l HF aspirated for 200 s after the Mo standard,N,~3 min with 0.5 mol/l HF — §2.1.1; background measured after a 200 s wash (Table 1a),N,N,N,N
Signal Collection Mode,"Mode used to collect ion signal across the monitored masses. In peak hopping mode, the quadrupole jumps sequentially between pre-set mass positions and dwells at each peak; in scanning mode, the quadrupole sweeps continuously across a defined mass range.",Basic,Read-Only,Controlled list,Peak hopping | Scanning | N/A | None,,2026-08-30,(none),Peak hopping is standard for multi-element trace analysis as it maximises integration time at each mass.,,"Peak hopping, one point per peak — §3.1",Peak hopping — Table 1,N,N,1 point per mass — Table 1a,N,N,N,N
Collision Gas Type,"Type of collision gas introduced into the collision/reaction cell for PHYSICAL energy discrimination (KED), where an inert gas thermalizes ions and polyatomic interferences are retarded by their larger collision cross-section. Typically He. Record a gas here when it is used without intended chemistry; where the same gas is also used to drive a mass shift, record that use under Reaction Gas Type — O2 is attested in both roles. Record 'None' if the cell is in STD mode, and 'N/A' where Collision/Reaction Cell (CRC) Configuration does not include KED or the instrument has no cell.",Basic,Read-Only,Controlled list / Text,He | H2 | He+H2 | O2 | N/A | None,Source: collision/reaction cell module,2026-09-10,monitored property,"Helium (He) is the standard collision gas for kinetic energy discrimination, being low in mass and chemically inert.",,N/A,N/A,N/A,"m/z 23–75: He; other: N — 'analyzing atomic masses from 23 (Na) to 75 (As) in a collision-reaction cell, utilizing helium gas at a flow rate of 5 mL/min' (Methods)",N/A,"125Te, 77Se: O2; other: N — 'oxygen-shift mode using O2 as collision gas' (§2.3)","126Te: He; 125Te, 77Se, 78Se, 80Se, 82Se: O2; other: N — §2.3, §2.4",Se masses: He + H2; other: N — §2.4,"Mg, Al, V, Cr, Mn, Fe, Co, Ni, Cu, Zn, Ti, Zr, Nb, Hf, Ta, Mo, W: He; Ga, As, Se, Cd, In, Na, P, K, Ca: O2; other: N — Group-1 otherwise in non-gas SQ mode"
Collision Gas Flow Rate,"Flow rate of the collision gas, typically He, introduced into the collision/reaction cell in KED mode, in mL/min. Record 'None' if the cell is in STD mode, and 'N/A' where Collision/Reaction Cell (CRC) Configuration does not include KED or the instrument has no cell.",Basic,Editable,Numeric (mL/min),"e.g., 0.5 | 4.5 | 5.2 | N/A",Source: collision/reaction cell module,2026-09-01,(none),Controls the degree of ion thermalization and KED efficiency; higher flow rates give greater interference suppression at the cost of target species sensitivity.,,N/A,N/A,N/A,"5 mL/min — 'analyzing atomic masses from 23 (Na) to 75 (As) in a collision-reaction cell, utilizing helium gas at a flow rate of 5 mL/min' (Methods)",N/A,N,N,N,N
Cell Exit Discrimination Voltage,"Bias voltage applied at the collision/reaction cell exit to discriminate between target species ions and low-energy polyatomic interferences in KED mode, in volts (V). Record 'None' if the cell is in STD mode, and 'N/A' where Collision/Reaction Cell (CRC) Configuration does not include KED or the instrument has no cell.",Basic,Editable,Numeric (V),"e.g., −2 | −5 | N/A",Source: collision/reaction cell module,2026-09-01,(none),"A negative bias preferentially retards slow polyatomic ions while transmitting faster target species ions, controlling the degree of polyatomic suppression.",,N/A,N/A,N/A,N,N/A,N,N,N,N
Reaction Gas Type,"Type of reactive gas introduced into the cell for interference removal through ION-MOLECULE CHEMISTRY, either on-mass or by mass shift. Common reaction gases include NH₃ (e.g., for Fe, Ca, K isotopes), O₂ (e.g., for As, Ge, Te mass shift) and CH₄. The distinction from Collision Gas Type is the mechanism, not the gas: record a gas here when a reaction is intended. Record 'None' if no reactive gas is used, and 'N/A' where Collision/Reaction Cell (CRC) Configuration does not include a reaction mode or the instrument has no cell.",Advanced,Read-Only,Controlled list / Text,NH3 | O2 | CH4 | N/A | None,Source: collision/reaction cell module,2026-09-10,monitored property,,,N/A,N/A,N/A,N/A,N/A,N — the paper calls the O2 a collision gas,"N — the O2 mode is named, not its gas role",N/A — collision mode only,"N — the O2 mode is named, not its gas role"
Reaction Gas Flow Rate,"Flow rate of the reactive gas introduced into the dynamic reaction cell (DRC), in mL/min. Record 'None' if DRC mode is not used, and 'N/A' where Collision/Reaction Cell (CRC) Configuration does not include DRC or the instrument has no cell.",Advanced,Editable,Numeric (mL/min),N/A,Source: collision/reaction cell module,2026-08-27,(none),,,N/A,N/A,N/A,N/A,N/A,N,N,N,N
Collision/Reaction Gas Mixture Ratio,"Where the collision or reaction cell is supplied with a mixture of gases rather than a single gas, the identities and proportions of that mixture. Recorded separately from the gas identity. Record 'N/A' where a single gas is used.",Advanced,Editable,Text (free),"e.g., 'He:H2 92% : 8%' | 'N/A (single gas)' | 'None'",Source: collision/reaction cell module,2026-09-10,monitored property,The proportions change reaction efficiency and interference suppression independently of which gases are used.,,N,N,N,N,N,N,N,Se masses: He:H2 = 92% : 8%; other: N — 'to minimise 40Ar37Cl interferences' (§2.4),N
Reaction Product Ion / Mass-Shift Transition,"Where a monitored mass is produced by a reaction in the collision/reaction cell, the precursor ion, the reagent gas and the product ion measured. Records the mass-shift chemistry relating the mass measured to the target species it reports, which the monitored mass alone does not state. Record 'N/A' where the target species is measured on its own mass.",Advanced,Read-Only,Text (free),"e.g., '125Te + 16O -> 141TeO+' | '77Se + 16O -> 93SeO+' | 'N/A (on-mass measurement)'",Source: collision/reaction cell module,2026-09-10,monitored property,,,N,N,N,N,N,"125Te: 125Te + 16O → 141TeO; 77Se: 77Se + 16O → 93SeO; other: N — §2.3, §2.4",N — 'mass-shift O2-mode'; the product ions are not stated for this instrument,N/A — on-mass measurement in CCT mode,N
Internal Standard Element,"Element(s) used as the internal standard, the monitored isotope, and how the internal-standard concentration was established for unknowns. Where the element serves isotope-ratio work it must have a known isotopic composition and a mass close to the target species's. Record 'None' together with the alternative used where no internal standard is applied.",Basic,Read-Only,Text (free),"e.g., Ho (2 ppb) | Tb + Bi | In (10 ppb) | Rh (50 ppb) | None | N/A",Source: ICP-MS module,2026-09-08,acquisition pass,,,"all: Rh — §3.1, §3.3",all: none — element/Ca intensity ratios against matrix-matched external standards (§3),all: Sm (149Sm) — the spike isotope (ID-IS),"all: Sc, In, Re — 'added to the sample solutions to correct for any signal drift and matrix effects' (Methods)","all: the ID-determined Zr, Mo and Hf, as references for Nb and Ta (ID-IS) — §2.8, §3.5; Mo is preferred",all: 103Rh — 'to correct for matrix effects' (§2.3),N,Se run: 103Rh and 115In; Te run: N — §2.4,"Group-1: 103Rh, with the 113In–203Tl ID-IS; Group-2: 103Rh; Group-3: 91Zr and 179Hf, for Nb and Ta — Methods"
Internal Standard Concentration,Target concentration of internal standard element(s) in all measured solutions (µg/L or ppb). Record 'N/A' where Internal Standard Element is 'None'.,Advanced,Read-Only,Numeric (µg/L),"e.g., '5 µg/L In' | '10 µg/L Rh' | '1–10 µg/L (In, Rh, Re multi-element)' | '20 µg/L (high-dilution runs)'",Source: Solution Introduction module,2026-08-26,(none),,,0.50 ml of 1.0 µg/ml Rh in the 50 ml final solution — §3.3,N/A,N — Sm at 1.22 ng/ml in the calibrator,N,N/A,N,N,N,N
Oxide Production Method and Threshold,"Method used to quantify plasma oxide production and the acceptance threshold applied before commencing analysis. Record both the monitored mass ratio(s) and the maximum allowed threshold(s). Measured values are recorded in Oxide Production. The monitored ratio is procedure-dependent: ThO+/Th+ (m/z 248/232), UO+/U+ (254/238), CeO+/Ce+ (156/140) and BaO+/Ba+ are all in use.",Basic,Read-Only,Text (free),"e.g., CeO+/Ce+ (m/z 156/140) < 1.5% | CeO+/Ce+ < 1% | ThO+/Th+ < 0.3% | N/A | None",Source: ICP-MS module,2026-08-31,(none),,,"CeO+/Ce+ and Ce2+/Ce+ below 2.5%, with the nebulizer gas flow optimised for maximum Mg, Co, Rh, Ce, Pb and U signals — §3.1",CeO/Ce within 3% — 'Plasma robustness was monitored by constraining CeO/Ce ratio within 3%' (§2),"CeO+/Ce+ < 0.01 under the operating conditions — MoO+/Mo+ from a Mo standard every sixth sample, 0.8–7.4 × 10⁻⁴ during the study",N,CeO+/Ce+ < 1% — Table 1a,N,N,N,N
Oxide Production,"Measured oxide production ratio obtained during session-start tuning, for the proxy specified in Oxide Production Method and Threshold. Record the measured value and confirm whether the procedure threshold was met.",N/A,Basic,Text (free),CeO+/Ce+ = 0.8% (threshold < 1.5% met) | ThO+/Th+ = 0.2% (threshold < 0.3% met),Source: ICP-MS module,2026-08-26,(none),,,N/A,N/A,N/A,N/A,N/A,N,N,N,N
Doubly-Charged Species Monitor,The mass ratio monitored to estimate doubly-charged ion (M²⁺) formation during instrument tuning. The monitor species and the mass positions monitored should be stated explicitly. Analogous to Oxide Production Method and Threshold for oxide monitoring.,Advanced,Editable,Text (free),Ba2+/Ba+ (m/z 69/138) | Ce2+/Ce+ (m/z 70/140) | N/A | None,Source: ICP-MS module,2026-09-11,(none),Doubly-charged ions appear at half the nominal mass of the parent ion and can interfere with lighter target species masses. Ba2+/Ba+ (m/z 69/138) and Ce2+/Ce+ (m/z 70/140) are the most common proxies for solution ICP-MS.,,Ce2+/Ce+ — §3.1,N,N,N,N,N,N,N,N
Doubly-Charged Species Production,Measured percentage of doubly-charged ion production for the monitored species at the time of instrument tuning. The acceptable threshold is typically <1% or <3%. Record both the threshold and the measured value.,Advanced,Editable,Text (free),Ba2+/Ba+ < 5% (threshold); 2.1% (measured) | Ce2+/Ce+ < 3% (threshold); 1.8% (measured) | N/A | None,Source: ICP-MS module,2026-09-11,(none),Elevated doubly-charged production indicates incomplete ionization and potential interference on elements at approximately half the mass of abundant matrix components.,,Ce2+/Ce+ below 2.5% — §3.1,N,N,N,N,N,N,N,N
Ion Counter Dead Time,"Dead time of the ion-counting detector(s), used in the dead-time correction applied to high count rates. Distinct from pulse/analog cross-calibration, which relates the two detector modes rather than correcting counting losses within the pulse-counting mode.",Basic,Editable,Numeric (ns),"e.g., '23' | '35 ns, determined from a Th calibration series and checked quarterly' | 'N/A (analog detection only)'",,2026-09-10,(none),,,N,N,N,N,N,N,N,N,N
Acquisition Pass,"The acquisition passes the procedure is divided into, named and described so that fields keyed by acquisition pass can point at them. A pass is a sub-procedure: a distinct traversal of the measurement with its own configuration, run in sequence on the same material. State what distinguishes each pass — resolution mode, cup or cell configuration, plasma or introduction path, spot size — since that differs by technique. Identical repeats of one configuration are replicates, not passes, and belong in Number of Replicates.",Basic,Read-Only,Text (free),"e.g., 'Pass 1 (LR, M/dm 300); Pass 2 (MR, M/dm 4000)' | 'Pass 1 (KED, He, on-mass); Pass 2 (MS/MS, O2 mass-shift)' | 'Pre-ablation; Run 1 (major, MR, 30 um); Run 2 (trace, LR, 130 um)' | 'Single pass'",Source: ICP-MS module,2026-09-29,defines: acquisition pass,,,,,,,,,"KED; O2 mode — '126Te measured in KED-mode (He)'; '125Te ... in mass-shift O2-mode'; Se 'with the O2-mode' (§2.3, §2.4)","Te run; Se run — dissolved Te 'directly analysed by ICP-MS (X-Series II, Thermo Fisher Scientific)' (§2.3), no laboratory named; dissolved Se on the 'XSeries 2, Thermo Fisher Scientific, KIT' (§2.4)","Group-1; Group-2; Group-3 — the grouping of Yokoyama, Nagashima, et al. (2023), each on its own solution"
Number of Acquisition Passes,"Number of acquisition passes the procedure runs. A count of the passes enumerated in Acquisition Pass, recorded separately so multi-pass procedures are findable without parsing that field.",Basic,Read-Only,Integer,"e.g., 1 | 2 | 3",Source: ICP-MS module,2026-09-08,(none),,,,,,,,,2,2,3
5. Data Processing,,,,,,,2026-08-26,,,N,N,N,N,N,N,N,N,N,N
Drift Correction Method,Method used to correct for instrumental signal drift across a session.,Basic,Read-Only,Controlled list,IS normalization | Standard bracketing | IS normalization + bracketing | None | N/A,,2026-08-30,(none),,,"Rh internal standard, and a calibration solution analysed repeatedly as a drift monitor over the run — drift minimised by flushing a rock solution for 30 min before tuning (§3.1)","Drift monitors of intermediate concentration every 3 samples, corrected off-line by linear interpolation between two consecutive monitors — §3.4",Mass discrimination corrected with the mean elemental ratios of the calibrator measured before and after each sample — step (d),"Sc, In and Re internal standards — Methods","Mass discrimination from the standard solution average, usually without drift over 2 h; when drift was observed, the standard measured before and after the sample was averaged — §2.7, §2.8",N,N,N,N
Calibration Strategy per Target Species,"Approach used to convert measured ion signals to reported concentrations, and specifically any case where different target species or target species groups within one procedure are calibrated differently - different primary standards for different mass ranges or phases, or one element serving as internal standard while others are externally calibrated. Where a single strategy applies to all target species, record that strategy. Where the procedure reports isotope ratios only and no concentrations, record 'Not applicable (isotope ratios only)'.",Basic,Read-Only,Text (free),"e.g., External calibration | Isotope dilution | Isotope dilution (67Zn spike) | External calibration + standard addition | N/A | None",Source: ICP-MS module,2026-09-29,target species,,,"all: calibration solution, with Rh as internal standard — 'repeatedly analyzing a calibration solution as a drift monitor' (§3.1); its composition is not stated","all: external matrix-matched standards at 100 ppm Ca, element/Ca intensity ratios on 8-point linear calibration lines — R² usually > 0.999 (§3.4)","Cd, In, Tl, Bi: isotope dilution–internal standardisation (ID-IS) against 149Sm — Eq. 2; Sm by isotope dilution (Eq. 1)","all: external calibration on a mixture of certified standards across a range of concentrations, with Sc, In and Re as internal standards — Methods","B, Zr, Mo, Sn, Sb, Hf: isotope dilution (Eq. 1); Nb, Ta: isotope dilution–internal standardisation (ID-IS) against Zr, Mo or Hf — §2.7, §2.8","Te, Se: external calibration with 103Rh as internal standard — §2.3, §2.4","Te, Se: external calibration — §2.3, §2.4","Te: external calibration, in an adapted salty matrix for seawater; Se: external calibration with 103Rh and 115In internal standards — §2.3, §2.4","Li, Be, Sc, Ga, As, Se, Rb, Sr, Y, Ag, Cd, In, Cs, Ba, La, Ce, Pr, Nd, Sm, Eu, Gd, Tb, Dy, Ho, Er, Tm, Yb, Lu, Tl, Pb, Bi, Th, U: 113In–203Tl ID-IS (Yokoyama et al. 2017); Na, Mg, Al, P, K, Ca, V, Cr, Mn, Fe, Co, Ni, Cu, Zn: calibration curve with 103Rh internal standardisation; Ti, Zr, Mo, Hf, W: isotope dilution; Nb, Ta: ID-IS with 91Zr and 179Hf — Methods; Kagami and Yokoyama (2021) for Group-3"
Signal Integration Interval Method,"Method used to define which portion of the acquired signal is integrated for each reported measurement, and the rule for excluding unstable or anomalous portions. State whether the interval is the full acquisition, a stable sub-interval selected by inspection, or selected by an automated criterion, and name the criterion.",Basic,Read-Only,Controlled list / Text,Full acquisition | Stable interval selected by inspection | Automated threshold | Automated outlier rejection | Fixed time window | N/A | None,Source: ICP-MS module,2026-08-26,(none),,,N,N,N,N,N,N,N,N,N
Signal Integration Time,"The integration time actually used for the reported signal, in seconds - the time retained after the signal-integration interval has been applied, and therefore equal to or shorter than the total acquisition. Where the procedure computes it from an acquisition structure, record that basis.",N/A,Basic,Numeric (s),,Source: ICP-MS module,2026-08-26,(none),,,N/A,N/A,N/A,N/A,N/A,N,N,N,N
Blank / Background Correction Method,"Method used to subtract background and, where relevant, procedural blank from the measured signal. State what is subtracted - instrument background acquired with no sample reaching the plasma, an on-peak zero acquired on the same matrix, or a separately measured procedural blank - over what interval it is measured, and at what granularity it is applied.",Basic,Read-Only,Controlled list / Text,Gas blank | On-peak zero | Solution blank | Procedural blank | On-peak zero + procedural blank | N/A | None,Source: ICP-MS module,2026-08-26,(none),,,N,Average blank subtracted from the average raw intensities of 6 replicate scans — blanks in the same acid as used for dissolution and dilution (§3.2),N,N,"Background measured before each sample after a 200 s wash, and procedural blank corrections from Table 4 applied to all analyses — Table 1a; §3.6, corrections usually <1% in basalts and andesites and <4% in peridotites and meteorites",N,N,N,N
Spike / Outlier Filtering Approach,"Criteria used to identify and exclude anomalous data - signal spikes, individual cycles, or whole replicate measurements - before the reported value is calculated. State where in the reduction sequence the filter is applied.",Advanced,Editable,Text (free),2σ exclusion | Grubbs test | Visual inspection | None | N/A,Source: ICP-MS module,2026-08-30,(none),,,N,N,N,N,N,N,N,N,N
Pulse/Analog Detector Nonlinearity Correction,"Whether a correction was applied for nonlinear detector response at the transition between pulse-counting and analog (and Faraday, for triple-mode instruments) detection modes. Cross-calibration factors between detector modes must be confirmed, typically measured each session. Record 'Applied' and describe the method, the detector modes involved and the target species affected; 'None' where a crossover exists on this instrument but no correction was made, giving the reason; and 'N/A' where the detector is pulse-counting only and no crossover exists.",Advanced,Editable,Controlled list / Text,Applied | N/A | None,Source: single-collector ICP-MS module,2026-09-11,acquisition pass,Accurate cross-calibration is critical for target species spanning a wide concentration range in the same session.,,N,N/A — all isotopes in pulse mode 'to avoid the need for cross calibration' (§3.1),N,N,all: P/A factor determined each day before measurement — §2.1.1,N,N,N,N
Spectral Interference Corrections Applied,"Whether mathematical corrections for isobaric, polyatomic or residual interferences are applied in data reduction, supplementary to any suppression already achieved by chemical separation, mass resolution, or a collision/reaction cell. Detail for each affected mass is carried by Interfering Species and Interference Correction Method.",Basic,Read-Only,Controlled list / Text,"e.g., 'Yes — ⁸⁷Rb on ⁸⁷Sr, corrected from the ⁸⁵Rb monitor' | 'Yes — doubly-charged Er and Yb on the Sr and Rb masses' | 'No explicit corrections applied; medium resolution resolves the polyatomic interferences' | N/A | None",Source: ICP-MS module,2026-08-27,(none),,,"Y — 114,115Sn+ on 114Cd+ and 115In+ (§3.1)","Y — ⁴⁰Ar²⁶Mg on ⁶⁶Zn corrected off-line; ⁷Li¹⁸O, ⁴⁶Ti and ⁸⁷Rb found insignificant; HNO3 polyatomics on ⁶⁶Zn negligible (§3.3)","Y — MoO⁺ on ¹¹¹Cd, ¹¹⁵Sn on ¹¹⁵In; ⁷¹Ga⁴⁰Ar⁺ on ¹¹¹Cd < 0.3%, negligible","N — polyatomic interferences were 'mitigated' with He in the collision-reaction cell, not corrected",N,N — the O2 mass shift avoids 'doubly charged Rare Earth Element (REE) interferences' on ⁷⁷Se rather than correcting them,"Y — ⁸⁶Sr⁴⁰Ar, ¹¹⁰Cd¹⁶O, ¹¹⁰Pd¹⁶O and ¹²⁶Xe on ¹²⁶Te corrected; Se polyatomic interferences eliminated by the O2 mode","N — ⁴⁰Ar³⁷Cl on Se 'minimised' by the collision cell, not corrected",N
Interfering Species,"The isobaric, polyatomic and doubly charged species that overlap the measured masses and are corrected in data reduction - direct isobars, oxides and argides, hydrides, and abundance-sensitivity tailing from an adjacent large beam. Name each species and the mass it affects.",Basic,Read-Only,Text (free),"e.g., ArCl+ | MoO+ | Ba2+ | BaO+ | None | N/A",Source: ICP-MS module,2026-09-29,monitored property,,,114Cd: 114Sn+; 115In: 115Sn+; other: N — §3.1,25Mg: 7Li18O; 46Ca: 46Ti; 66Zn: 40Ar26Mg and 1H2 14N 18O 16O2+; 87Sr: 87Rb; other: N — Table 1 note c,111Cd: 95Mo16O+ and 71Ga40Ar+; 113Cd: 97Mo16O+ and 113In+; 115In: 115Sn+; other: N — Table 1,N,N,"77Se: doubly charged REE, mainly 154Sm++ and 154Gd++; other: N — §2.4","126Te: 86Sr40Ar, 110Cd16O, 110Pd16O and 126Xe; 77Se: 40Ar37Cl, 154Sm++ and 154Gd++; 78Se: 78Kr, 156Gd++ and 156Dy++; 82Se: 81Br1H and 82Kr; other: N — §2.3, §2.4",Se masses: 40Ar37Cl; other: N — §2.4,N
Interference Correction Method,"Equation or procedure used to calculate and remove each interference contribution, together with how its magnitude was established - a monitor mass measured simultaneously and scaled by natural abundance ratios, a production-rate factor measured on a reference material or interference standard solution, or a tailing factor measured on a pure standard. Name the reference material used.",Basic,Read-Only,Text (free),"e.g., Interference standard solutions (Burney–Neal approach) | Mass-balance equations | Empirical correction factors from pure element solutions | None | N/A",Source: ICP-MS module,2026-09-10,monitored property,,,"114Cd, 115In: calibrated through the measurement of 118Sn+; other: N — §3.1","66Zn: off-line correction, 66Zn/46Ca corrected = measured − CF × 25Mg/46Ca measured, with CF = (K1 − K2)/(K3 − K4) from the slopes of Mg and Zn serial standards; 25Mg, 46Ca, 87Sr: none, found insignificant; other: N — Eqs 1–2, §3.3",111Cd: (95MoO+ + 94MoOH+) subtracted using the mean MoO+/Mo+ of the Mo standard measured before and after the sample; 115In: isobaric correction with 115Sn/118Sn = 0.014; 113Cd: net 113In with 113In/115In = 0.0448; other: N — steps (b)–(c),N,N,77Se: avoided by the oxygen-shift mode; other: N — §2.4,"126Te: corrections established with respective monoelemental solutions, each influencing < 0.1% (Filella and Rodushkin 2018), and 126Xe from 2% HNO3 analytical blanks; 77Se, 78Se, 82Se: eliminated with the O2 mode; other: N — §2.3, §2.4",Se masses: minimised by the He:H2 collision mixture; other: N — §2.4,N
Isotope Dilution Data Reduction Method,"Mass balance approach used to calculate sample mass fractions, and where applicable isotope ratios, from spike-sample isotope ratio measurements. For double-spike procedures the ratios and concentrations are co-determined through the spike inversion; for conventional isotope dilution the IUPAC ID equations are used. Record 'None' where neither isotope dilution nor double-spike methods are applied.",Basic,Read-Only,Controlled list / Text,IUPAC isotope dilution equations | Double-spike inversion | ID-IS (isotope dilution internal standardisation) | N/A | None,Source: ICP-MS module,2026-08-31,(none),,,None,None,"Eq. 1 for Sm (ID), with the pseudo-concentration Q calibrated on spike-standard mixtures, and Eq. 2 for Cd, In, Tl and Bi (ID-IS) — details in Makishima and Nakamura (2006)",None,"Eq. 1 with the pseudo-concentration Q calibrated on spike–standard mixtures, and the mass discrimination correction factor applied to the measured ratios — §2.7",N,N,N,"ID-IS of Yokoyama et al. (2017) for Group-1 and of Kagami and Yokoyama (2021) for Group-3, isotope dilution for Ti, Zr, Mo, Hf and W"
Memory Effect Mitigation,"Procedure applied to identify and minimise carry-over of high-concentration or isotopically distinct material from a preceding measurement into the current one. Mitigation is applied primarily at measurement time, by allowing sufficient washout or rinse between successive introductions. At data processing level, record any flagging or exclusion of measurements where the required washout may not have been achieved.",Advanced,Editable,Text (free),"e.g., Extended rinse between high-concentration samples and unknowns; flagged in sequence log | Replicate first measurement discarded if preceded by high-concentration standard | None required for this target species suite | N/A | None",Source: ICP-MS module,2026-09-01,(none),,,Alternating 5% HNO3 + 0.1% HF and 3% HNO3 washout for B and Ta (stated section 3.1),"Longer washout and uptake times for B, and a quartz spray chamber to reduce B blanks — §2, §3.2","~200 s wash with 0.5 mol/l HNO3, and 200 s with 0.5 mol/l HF after the Mo standard, since Mo was difficult to wash out with HNO3",N,"0.5 mol/l HF as carrier and wash, which washes out Zr, Nb, Hf and Ta; ~20 min of 0.5 mol/l HF after REE work in HNO3 — §2.1.1",N,N,N,N
Uncertainty Level,"The convention at which reported uncertainties are quoted — 1-sigma, 2-sigma, or a 95% confidence interval — and whether a measured spread is reported as a standard error or a standard deviation. State the convention applying to all values reported under this procedure, and state each separately where different reported quantities use different conventions. Distinct from Uncertainty Propagation Method, which addresses how component uncertainties are combined rather than how the result is quoted.",Basic,Read-Only,Controlled list / Text,2σ (95% confidence) | 1σ (68% confidence) | 95% confidence interval | 2 standard errors (2SE) | 1 standard deviation (1SD) | N/A | None,Source: ICP-MS module,2026-08-26,(none),A reported uncertainty is not interpretable without it: the same numeric value means different things at 1-sigma and at 95% confidence.,,"RSD% -- ""The RSD is the relative standard deviation in percent""; n = 4-7 per reference material","RSD% -- ""RSD% (relative standard deviation) = [SD of measurements/average ratio]*100%""","RSD% (n = 5) and RPD (relative percentage difference) -- both used; ""RPD, relative percentage difference""","N -- no uncertainty convention stated for the elemental (Q-ICP-MS) data; the ""2SD, n = 4"" in Methods applies to the delta-66Zn MC-ICP-MS results",RSD% with observed ranges in parentheses,Mean +/- SD,Mean ± SD,N,2σ — Table 1
Uncertainty Propagation Method,"The approach used to propagate analytical uncertainty through the data reduction chain to the final reported value. State which sources are included in the propagation: counting statistics, calibration standard uncertainty, internal standard uncertainty, drift correction, and any systematic contributions. Distinct from Uncertainty Level, which states the convention at which the resulting uncertainty is quoted.",Advanced,Editable,Text (free),Quadrature propagation | Monte Carlo | ISO GUM | None | N/A,Source: ICP-MS module,2026-08-30,reported property,,,N,N,"Cd: total uncertainty estimated < 7%, from matrix and oxide errors (< 3% and < 5%) and an intermediate precision of 3%; other: N",N,N,N,N,N,N
Normalization / Standards-Based Correction,"Post-acquisition normalization applied to the reported data beyond the primary calibration — for example correction to a reference value derived from secondary reference materials, or correction for a systematic bias those materials reveal. Record 'None' if no additional normalization is applied.",Advanced,Editable,Text (free),CI chondrite normalization | Primitive mantle normalization | None | N/A,Source: Composition QC module,2026-08-30,reported property,,,N,N,N,N,N,N,N,N,N
Calibration Factor and Determination Method,"An externally-calibrated factor that converts the measured quantity into the reported quantity, how it was determined, and its uncertainty. Applies where the conversion depends on a factor calibrated against a reference of independently known value, rather than on the instrument response alone. Distinct from the fields that name the calibration material and that state which approach applies to which target species, where the technique has them: this field records the resulting factor itself.",Basic,Editable,Text (free),,Source: Calibration Factor module,2026-09-01,reported property,,,"N — 'The isotope interferences of 114,115Sn+ on 114Cd+ and 115In+ were calibrated through the measurement of 118Sn+' (§3.1); no factor is stated","Zn/Ca: argide correction factor CF calculated daily from one Mg and one Zn standard, typically ~0.002; other: slopes and intercepts of the calibration lines — §3.3, §3.4","Cd, In, Tl, Bi: relative concentration factor f_G against Sm, from the calibrator measured before and after the sample — Eq. 2",N — 'A mixture of certified standards was measured across a range of concentrations to convert count measurements into solution concentrations' (Methods),"B, Zr, Mo, Sn, Sb, Hf: mass discrimination correction factor, natural ratio over the measured standard average (0.87–0.96 for 11B/10B, 0.94–1.04 for the others); Nb, Ta: relative concentration factor f_J against the reference element, from the standard solution — §2.7, §2.8",N,N,N,N
Procedural Blank Level,"The measured level of the analytical blank in the session, and — where the reported quantity is a ratio — its composition, since a blank subtracted from a ratio biases the result unless its own composition is known. Companion to the blank correction method.",N/A,Basic,Text (free),,Source: Blank module,2026-09-01,target species,Follows the criterion-versus-measurement split the library applies wherever a procedure sets a threshold and an analysis reports a value against it.,,"Li: 0.036 ± 0.028; Be: 0.00091 ± 0.00049; B: 0.39 ± 0.26; Sc: 0.033 ± 0.011; V: 0.50 ± 0.38; Cr: 0.53 ± 0.16; Co: 0.0046 ± 0.0032; Ni: 0.065 ± 0.037; Cu: 0.072 ± 0.022; Zn: 0.80 ± 0.56; Ga: 0.0037 ± 0.0020; Ge: 0.0081 ± 0.0040; As: 0.021 ± 0.009; Rb: 0.11 ± 0.05; Sr: 0.018 ± 0.018; Y: 0.0018 ± 0.0017; Zr: 0.0030 ± 0.0015; Nb: 0.0012 ± 0.0012; Mo: 0.035 ± 0.030; Cd: 0.0026 ± 0.0015; In: 0.00016 ± 0.00004; Sn: 0.0083 ± 0.0016; Sb: 0.010 ± 0.006; Te: 0.00097 ± 0.00014; Cs: 0.00060 ± 0.00034; Ba: 0.075 ± 0.063; La: 0.0025 ± 0.0020; Ce: 0.0028 ± 0.0016; Pr: 0.00056 ± 0.00042; Nd: 0.0019 ± 0.0017; Sm: 0.00079 ± 0.00036; Eu: 0.00023 ± 0.00014; Gd: 0.00063 ± 0.00054; Tb: 0.00013 ± 0.00005; Dy: 0.00058 ± 0.00038; Ho: 0.00013 ± 0.00008; Er: 0.00027 ± 0.00020; Tm: 0.00011 ± 0.00003; Yb: 0.00043 ± 0.00025; Lu: 0.00015 ± 0.00007; Hf: 0.0010 ± 0.0012; Ta: 0.00017 ± 0.00009; W: 0.023 ± 0.010; Tl: 0.0026 ± 0.0009; Pb: 0.043 ± 0.020; Bi: 0.00049 ± 0.00028; Th: 0.00062 ± 0.00050; U: 0.00027 ± 0.00025 — ppb, mean ± STD of n = 5 blanks (Table 2)","Li, Mg, Sr: <1%; Cd: <2%; Zn: <4%; U: <5%; B: 5%; other: N — relative to typical foraminiferal ratios; Ca also <1%; B was 30% with a glass spray chamber (§3.2)","Cd: 16 pg; In: <0.2 pg; Tl: 4 pg; Bi: 3 pg — total dissolution blanks, similar for the ultrasonic and bomb digestions, n = 4 (Table 1)",N,"B: 13–185 pg (ultrasonic); Zr: 0.9–29, 55; Nb: 2–5, 3; Mo: 0.2–10, ~134; Sn: ~323, ~276; Sb: 0.7–9, ~60; Hf: <12, <8; Ta: 0.6–7, 0.6–2 — total procedural blank in pg, ultrasonic then bomb method (Table 4)",N,Te: ~35 µg/L in the F3 extraction blanks; other: N — three blanks of each extraction; the F3 contamination is attributed to the H2O2 or ammonium acetate (§2.2),N,N — blank data stated to be in the supplementary material; Ta and W blank contributions exceeded 30%
Analysis Inclusion and Rejection Criteria,"The rules determining which individual results contribute to a combined result, together with the outcome of applying them: how many results were obtained, how many were included, and on what grounds any were excluded. An individual result is the value of the reported quantity obtained from one acquisition: a replicate measurement of the same solution or location, a spot or grain within a sample, or an independently prepared aliquot or digestion, whichever the procedure combines. Distinct from filtering the acquired signal during data reduction (removing spikes, cycles or scans, or discarding an acquisition whose signal is compromised): this field records which finished results enter the combined result, and on what grounds.",Basic,Basic,Text (free),,Source: Aggregation module,2026-09-28,combined result,"Criteria and outcome are combined in one field because neither is interpretable without the other, following the precision/accuracy precedent.",,"Partially -- replicate counts stated per reference material (n = 6, 5, 7, 4, 4; blanks n = 5). No acceptance or rejection rule, and no acquired-versus-included count, stated","Partially -- number of replicate analyses stated per ratio (n = 120, 88, 32, 70, 50). No acceptance or rejection rule stated","Partially -- n = 5 (evaporation test), n = 4 (dissolution blanks), ""an average of eight sessions"" for detection limits. No acceptance or rejection rule for individual results is stated. The 113Cd decision is a mass-selection decision, not an aggregation one, and is recorded under Monitored Masses",N,"Partially -- ""Orgueil and Allende were analyzed 4 times and twice from the sample digestion, respectively. ... As the sample amounts used were small, and the carbonaceous chondrites are heterogeneous, analytical results for each run are shown in the table"" alongside the averages. No acceptance or rejection rule stated",N,N,N,"N — no rule for admitting or rejecting individual results is stated. The exclusion of Ta and W is a decision about which elements are reported, not about which results enter an aggregate, and is recorded under Reported Variables and Units"
Combination Method,"Whether the reported variable is an individual result or combines several, and if combined, how: the statistical model used, including any criteria governing which model is applied, and what the individual results are combined over (for example per grain, per phase within a sample, or per sample). Record 'Not combined' where each individual result is reported on its own. Record the model only; the software implementing it belongs in Data Processing Software.",Basic,Editable,Text (free),"e.g., Arithmetic mean per phase within each sample | Weighted mean with MSWD-based uncertainty expansion | York (1969) isochron regression | Not combined",Source: Aggregation module,2026-09-28,reported property,"A methodological choice that changes the result: an arithmetic and a weighted mean of the same data, or a Model-1 and a Model-3 regression, give different values and different uncertainties.",,"all: over the replicate analyses of each reference material — the statistic is not named; Table 2 gives n and 'RSD%'. The upper-crust samples are physical composites, not averages of analyses",all: average of n replicate analyses of each standard — Table 2 notes,all: average over repeat measurements — evaporation-test ratios 'together with the RSD (n = 5)'; detection limits 'an average of eight sessions',N,"all: average of repeat runs per sample — 'Orgueil and Allende were analyzed 4 times and twice from the sample digestion, respectively ... analytical results for each run are shown in the table' alongside the averages; bomb-method yields are the 'Average of two tests'",all: mean ± SD of N = 3 — 'mean ± SD recovery values of 94 ± 17% (N = 3)',N,"Te, Se: mean of the replicate experiments at each condition — Figs 1–2: kinetics N = 3, isotherms N = 2; 'Error bars correspond to standard deviations (SD)'","all: average of the replicates (n = 5) for the Allende powder, and the average of the eight Ryugu particles — 'The average abundance of the eight samples aligns within 20% of the average CI composition'"
Combined Results,"The reported values that are obtained by averaging or otherwise combining several individual results, each named with what it combines and the individual results that contribute to it.",N/A,Basic,Text (free),"e.g., 'Olivine, sample A, 8 points' | 'Zircon weighted-mean date, sample B, 236 of 246 spots' | 'Isochron, sample C, 36 runs'",Source: Aggregation module,2026-09-28,defines: combined result,"Gives the inclusion outcome and the dispersion statistics a row to attach to when a session reports more than one combined value of the same variable, such as FeO in olivine and FeO in pyroxene.",,AGV-1 (n = 6); BHVO-1 (n = 5); G-2 (n = 7); GSR-5 (n = 4); SCO-1 (n = 4); blank (n = 5) — Table 2,"each element/Ca ratio of the consistency standards, over its replicates (n = 120, 88, 32, 70, 50) — Tables 2 and 3",evaporation-test ratios (n = 5); detection limits (average of eight sessions) — Tables 1 and 2,N,Orgueil average (4 runs); Allende average (2 runs); bomb-method yields (average of two tests) — Tables 3 and 5,NCS 73307 recovery (N = 3),N,Se sorption at each sampling time and condition (N = 3); sorption isotherm points (N = 2) — Fig. 2,Allende replicate average (n = 5); average of the eight Ryugu particles — supplementary data; Fig. 2
Constants and Reference Values Used,"Physical constants and reference values used in data reduction to calculate the final reported quantity (e.g., decay constants for age calculation, standard isotope ratios, or other citable reference values used in a correction or calculation), together with their source. Distinct from the Group 6 reference-material fields, which document accepted values for specific calibration/validation materials rather than universal physical constants. Record ""None"" if no citable, revisable physical constants feed into this procedure's data reduction.",Basic,Editable,Text (free),"e.g., ""λ238U = 1.55125×10⁻¹⁰ yr⁻¹, λ235U = 9.8485×10⁻¹⁰ yr⁻¹ (Jaffey et al. 1971); 238U/235U = 137.818 (Hiess et al. 2012)"" | ""None""",Source: Core module,2026-08-26,(none),,,N,"Natural isotopic abundances used to select isotopes and derive correction factors: the Li standard ""was artificially depleted of 7Li (92.32% vs 92.48% for natural)""; ""The natural abundance of 11B (80.17%) is also different from values of foraminiferal samples which are expected to be 80.40-80.43% if assumed to have d11B ratios of 25-27 permil"", giving ""correction factors (0.9983 for Li and 0.9968-0.9971 for B)""; 111Cd 12.8%, 112Cd 24.1%, 114Cd 28.7%, 238U 99.3%",115Sn/118Sn = 0.014 and 113In/115In = 0.0448 (Rosman and Taylor 1998); 94Mo/95Mo = 0.58; MoOH+/MoO+ ~0.15 (measured); 111Cd/113Cd = 1.05 as reference,N,"Spike ratios 91Zr/90Zr 29.0, 97Mo/95Mo 201, 119Sn/118Sn 30.1, 121Sb/123Sb 199, 179Hf/178Hf 25.1, against natural 0.218, 0.600, 0.355, 1.34, 0.499 (Rosman and Taylor 1998); 11B/10B spike 0.05348 and natural 4.053 by TIMS (Makishima et al. 1997) — §2.7",N,N,N,N
6. Quality Control & Uncertainty,,,,,,,2026-08-26,,,N,N,N,N,N,N,N,N,N,N
Primary Calibration Standard Name,"Name and reference material identifier of the primary reference material(s) against which the instrument is calibrated — converting raw signal intensities to concentrations, or anchoring an isotope ratio as the bracketing standard or zero-delta reference. Give the material name, its source or supplier, and a citation for the accepted values used. Where calibration instead uses the vendor's stored library or theoretical response factors rather than measured reference materials — 'standardless' or 'semi-quantitative' quantification — record that here, naming the library or model used. 'None' means no calibration was performed at all, which is a different answer.",Basic,Editable,Text (free),"e.g., NIST SRM 1640a | Merck multi-element solution | Lab-prepared single-element standard mix | N/A | None",Source: Composition QC module,2026-09-29,target material x target species,Results calibrated against different published values for the same material are not directly comparable.,,"N — 'a calibration solution' (§3.1), not named","all [all: gravimetric multielement stock standards, a 10,000 µg/ml Ca standard spiked with certified 1,000 µg/ml Li, B, Al, Mn, Zn, Sr, Cd and U solutions, diluted with 0.075 M HNO3 to 100 ppm Ca] — §2; minor elements in the Ca standard measured by ICP-AES","all [Cd, Tl, Bi: multi-element standard solution, 0.110 ng/ml; In: the same solution, 0.111 ng/ml] — with Sm at 1.22 ng/ml",all [all: a mixture of certified standards] — not named (Methods),"all [B, Zr, Nb, Mo, Hf, Ta: mixed standard solution from the Alfa Aesar Specpure refractory metals plasma standard (Stock No. 44270); Sn, Sb: the same mixed solution, from Kanto Kagaku AAS solutions] — §2.2.6; isotope and element ratios checked against CLMS-4 (Spex)",N,N,N,"all [Li, Be, Sc, Ga, As, Se, Rb, Sr, Y, Ag, Cd, In, Cs, Ba, La, Ce, Pr, Nd, Sm, Eu, Gd, Tb, Dy, Ho, Er, Tm, Yb, Lu, Tl, Pb, Bi, Th, U: XSTC-13 and XSTC-1 (SPEX CertiPrep); Na, Mg, Al, P, K, Ca, V, Cr, Mn, Fe, Co, Ni, Cu, Zn: XSTC-13 and a custom P-Ca solution from single-element standards (Fujifilm-Wako); Ti, Zr, Nb, Hf, Ta, Mo, W: MISA05-1 (AccuStandard)] — Methods"
Calibration Standard Measurement Frequency,"How often the primary calibration or bracketing standard is measured relative to unknown samples within a session. Specify the bracketing scheme where a fixed one is used, such as one standard measurement before and after each sample.",Basic,Read-Only,Text (free),"e.g., Before and after every 3 samples | Bracketing every 5 samples | Start and end of session only | N/A | None",Source: ICP-MS module,2026-08-31,(none),,,N,"8 calibration standards per run, drift monitors every 3 samples — §3.4",After every third sample,N,Every two samples — §2.1.1,N,N,N,N
Secondary Reference Materials,"Quality-control reference material(s) measured as unknowns alongside samples to assess accuracy independently and to monitor drift. Give the material name, its source, and a citation for the accepted or reference values used for comparison.",Basic,Editable,Text (free),"e.g., BHVO-2 | BCR-2 | AGV-2 | W-2a | N/A | None",Source: Composition QC module,2026-08-31,defines: standard,,,"AGV-1, BHVO-1, G-2, GSR-5, SCO-1, JP-1, DTS-1, BHVO-2, BIR-1, JB-3, GSR-3, DNC-1, W-2, AGV-2, BCR-2, JA-3, GSR-2, JG-3, GSR-1, RGM-1, GSR-4, SGR-1, GSR-6 — five in Table 2 for accuracy and precision; eighteen more in Table 3 for Mo, Cd, In, Sn, Sb, W, Tl, Bi, As and Te (§3.4)",N — precision and accuracy are assessed on external standards of known ratio (Table 2); core-top results are compared with published data (Table 4),"JB-2, JB-3, JA-1, JA-2, JA-3, JP-1, BHVO-1, AGV-1, PCC-1, DTS-1, NIST SRM 610, NIST SRM 612, NIST SRM 614, NIST SRM 616 — the chondrites are samples",N,"JB-1, JB-2, JB-3, JA-1, JA-2, JA-3, JP-1, BHVO-1, AGV-1, PCC-1, DTS-1 — §2.3; the chondrites are samples","NCS 73307 — stream sediment, for the total digestions","NIST 1643f, NCS 73307, NIST 1640a — freshwater, stream sediment and freshwater","CRM-TMDW, NIST 1643f — drinking water and freshwater","Smithsonian Allende powder — 20 mg, dissolved and measured under the same procedure, n = 5"
Detection Limit,"Detection limit, one per reported concentration variable (one per target species, these being the same set). State the units and whether the values are procedure-typical estimates or session-specific measured values. The calculation method is recorded separately in Detection Limit Method. Record 'N/A' where the procedure reports no concentrations.",Advanced,Basic,Numeric + unit / Text,,Source: Composition QC module,2026-09-01,reported property,,,N,Li/Ca: 0.5; B/Ca: 15; Mg/Ca: 0.03; Al/Ca: 0.05; Mn/Ca: 0.3; Zn/Ca: 0.05; Sr/Ca: 0.02; Cd/Ca: 0.005; U/Ca: 0.5 — in the units of the ratio (Table 2),"Cd: 0.8; In: 0.2; Tl: 0.9; Bi: 0.2 — 3s, in pg/ml in solution and in ng/g in silicates at DF 1000 (Table 1)",N,"B: 45 (10B), 11 (11B); Zr: 13 (90Zr), 43 (91Zr); Nb: 1; Mo: 2 (95Mo), 14 (97Mo); Sn: 3 (118Sn), 5 (119Sn); Sb: 2 (121Sb), 0.7 (123Sb); Hf: 0.7 (178Hf), 1 (179Hf); Ta: 0.3 — ng/g in rock, 3σ (Table 2a); in solution, in pg/g",N,Te: 0.1 ng/L; other: N — N = 10; natural Te in the extractions 5-fold (F2) to 200-fold (F4) above the LOD,"Te: 0.01 µg/L; Se: 0.06 µg/L — N = 10 (§2.3, §2.4)",N
Detection Limit Method,"Formula or approach used to calculate the detection limits, with a citation for the method where one exists. Must be consistent with the values reported in Detection Limit.",Basic,Read-Only,Controlled list / Text,3σ blank | 3σ background | 3σ counting statistics | 3× blank mean | Poisson statistics | N/A | None,Source: Composition QC module,2026-08-27,reported property,,,N,"all: 3 × SD/m, with SD of several measurements of a sample whose ratio is close to the blank and m the calibration slope — Table 2 note b","all: 3s of the background signal of 0.5 mol/l HNO3, average of eight sessions — Results",N,"all: 3σ, calculated for silicate samples at the dilution factor of ~340 where matrix effects are absent — §3.6",N,N,N,N
Limit of Quantification (LOQ) Method,Reference or description of the method used to calculate the limit of quantification (LOQ): the lowest concentration reliably measurable with acceptable precision and accuracy. Required when concentrations near the LOD are reported.,Advanced,Basic,Controlled list / Text,10σ blank | 10σ background | 10× LOD | 3.3× LOD | S/N ≥ 10 | N/A | None,Source: ICP-MS module,2026-08-27,reported property,,,N,N,N,N,N,N,N,N,N
Counting Statistics Error,"Uncertainty predicted from counting statistics — the theoretical limit set by the Poisson distribution of the counts accumulated — for each reported quantity per analysis, with the sigma level stated. Derived from the counts on the target species together with those on any background or blank subtracted from it. Distinct from the scatter actually observed within a measurement or between repeated measurements, which is recorded separately.",Advanced,Basic,Text (free),"e.g., '2SE predicted from counting statistics over 45 cycles' | '~0.6% (1 sigma), counting statistics plus propagated uncertainties' | 'N/A'",Source: Composition QC module,2026-09-01,sample > sampling unit x reported property,"Where a procedure reports both, agreement indicates the measurement is shot-noise limited, and a larger observed scatter indicates a further source of variance.",,N,N,N,N,N,N,N,N,N
Internal (Within-Measurement) Analytical Precision and Assessment Method,"Precision of a single measurement, derived from the scatter of the cycles, sweeps or integrations that make it up, together with the method used to assess it. State the statistic (2SE, 2SD, 1s RSD), the number of cycles it is computed over, and the reported quantity it applies to. Distinct from Counting Statistics Error, which records the uncertainty predicted from the counts rather than the scatter observed; where a procedure reports both, record the observed value here and the predicted value there.",Advanced,Basic,Text (free),"e.g., '2SE = 2SD/sqrt(n), n = 45 cycles' | '+/-0.001-0.002 (2SE)' | '~2.6% (2SE)' | 'N/A'",Source: ICP-MS module,2026-09-29,sample > sampling unit x reported property,"This is the finest of the three precision levels the library records, below within-session and between-session precision: it describes the repeatability of one analysis rather than agreement between analyses, and is normally the smallest of the three.",,N,N,N,N,"B: 2.4% (11B/10B); Zr: 3.2% (91Zr/90Zr); Nb: 3.1% (93Nb/91Zr), 0.8% (93Nb/97Mo); Mo: 1.0% (97Mo/95Mo); Sn: 0.7% (119Sn/118Sn); Sb: 0.6% (121Sb/123Sb); Hf: 0.5% (179Hf/178Hf); Ta: 2.4% (181Ta/97Mo), 0.5% (181Ta/179Hf) — RSD% of each ratio measurement, ranges in Table 2a",N,N,N,N
Within-Session Analytical Precision and Assessment Method,"Precision of repeated measurements within a single analytical session and the method used to assess it. Report both the assessment method and the precision values. The assessment method must specify the reference material or standard measured, the number of replicates n, and the statistic reported (1s RSD, 2s RSD, 2SD, 2SE, 95% CI). Distinct from the internal precision of a single measurement, which derives from counting statistics over the cycles of that measurement rather than from repeated analyses.",Basic,Basic,Text (free),"e.g., RSD of replicate standard measurements | RSD of secondary RM replicates | N/A | None",Source: ICP-MS module,2026-08-31,standard x reported property,,,"AGV-1, BHVO-1, G-2, GSR-5, SCO-1 [all: RSD of n = 4–7 analyses, usually <8%] — Table 2 and §3.4; whether the replicates share a session is not stated",N,"all [Cd: 2.0%; In, Tl, Bi: 1.6%] — RPD of X/¹⁴⁹Sm between neighbouring calibrator runs (Table 1)",N,N,N,N,N,N
Between-Session (Long-Term) Analytical Precision and Assessment Method,"Precision of measurements across multiple analytical sessions over weeks to months — long-term or intermediate precision — and the method used to assess it. Report both the assessment method and the precision values, specifying the reference material, the number of measurements and sessions, the time span covered, and the statistic reported.",Advanced,Basic,Text (free),"e.g., RSD of secondary RM across sessions | Control chart | N/A | None",Source: ICP-MS module,2026-08-31,standard x reported property,Long-term precision is normally poorer than within-session precision and is the figure a data user should carry when comparing results from different sessions.,,N,"all [Li/Ca: 2.42%; B/Ca: 4.17%; Mg/Ca: 1.39%; Al/Ca: 14.06%; Mn/Ca: 0.93%; Zn/Ca: 2.83% (1.2–7.8), 5.05% (0.5–1.2); Sr/Ca: 0.92%; Cd/Ca: 2.37% (0.07–0.24), 4.80% (0.01–0.07); U/Ca: 2.54%] — RSD of external standards over three months, n = 120 except Zn/Ca 88 and 32, Cd/Ca 50 and 70 (Table 2, §3.6)","JB-2, JB-3, JA-1, JA-2, JA-3, BHVO-1, AGV-1 [Cd: 3–10%]; JP-1, PCC-1, DTS-1 [Cd: 7–16%]; NIST SRM 610, NIST SRM 612, NIST SRM 614, NIST SRM 616 [Cd: 2–3%; In: 0.7–3%; Tl: 6–12%; Bi: 1–4%] — intermediate precision, RSD of n = 4–8 separate decompositions (Tables 3 and 4)",N,"JB-1, JB-2, JB-3, JA-1, JA-2, JA-3, JP-1, BHVO-1, AGV-1, PCC-1, DTS-1 [all: average reproducibility 1.0–4.6% RSD] — §3.7, Tables 5–6; Mo in JB-1 (15%) excluded as heterogeneous",N,N,N,N — the Allende replicate averages and uncertainties are in the supplementary materials
Analytical Accuracy and Assessment Method,"Offset between measured and accepted values for secondary reference materials, and the method used to assess it. Specify the reference material and the source of its accepted values, the number of analyses, and the quantities assessed. Report systematic biases and their likely causes. Express the offset in the form appropriate to what the procedure reports - percent relative bias for concentrations, or deviation in delta or ratio units for isotopic quantities.",Basic,Basic,Text (free),"e.g., Percent recovery of secondary RM | Z-score | Bias from certified value | N/A | None",Source: ICP-MS module,2026-08-31,standard x reported property,,,"AGV-1, BHVO-1, G-2, GSR-5, SCO-1 [all: agreement with GeoReM preferred values (AGV-1, BHVO-1) and Govindaraju 1994 (G-2, GSR-5, SCO-1), better than 8% for most elements]; JP-1, DTS-1, BHVO-2, BIR-1, JB-3, GSR-3, DNC-1, W-2, AGV-2, BCR-2, JA-3, GSR-2, JG-3, GSR-1, RGM-1, GSR-4, SGR-1, GSR-6 [Mo, Cd, In, Sn, Sb, W, Tl, Bi, As, Te: reasonable agreement with Govindaraju 1994 and GeoReM] — Tables 2 and 3, §3.4","all [Li/Ca: 0.39%; B/Ca: 2.57%; Mg/Ca: 0.61%; Al/Ca: 9.30%; Mn/Ca: 0.23%; Zn/Ca: 0.82% (1.2–7.8), 1.69% (0.5–1.2); Sr/Ca: 0.34%; Cd/Ca: 0.93% (0.07–0.24), 0.80% (0.01–0.07); U/Ca: 1.09%] — Acc.% = (average measured − true)/true × 100 on external standards (Table 2)","JB-2, JB-3, JA-1, JA-2, JA-3 [Cd: broadly similar to the reference values of Govindaraju (1994) and Imai et al. (1995)]; BHVO-1, AGV-1 [Cd: differ from those reference values] — Table 3; In, Tl and Bi compared with previous studies",N,"JB-1, JB-2, JB-3, JA-1, JA-2, JA-3, JP-1, BHVO-1, AGV-1, PCC-1, DTS-1 [all: compared with reference values (Govindaraju 1994, Imai et al. 1995 and others)] — Tables 5–6; 'a significant difference exists for B in JA-2'","NCS 73307 [Te: 94 ± 17% recovery (N = 3); Se: 70–134% recovery (N = 3)] — §2.3, §2.4","NIST 1643f [Te: 95 ± 5% (KED), 89 ± 10% (O2), N = 5; Se: 95 ± 3%]; NCS 73307 [Te: 99 ± 14% (KED), 70 ± 19% (O2), N = 4]; NIST 1640a [Se: 85 ± 2%] — recoveries (§2.3, §2.4)","CRM-TMDW [Se: 98–106% recovery (N = 16)]; NIST 1643f [Se: 100–102% (N = 16); Te: 85–91% (N = 4)] — §2.3, §2.4",N
Goodness-of-Fit or Dispersion Statistic,"The statistic reported to show whether scatter among the individual results contributing to a combined result exceeds what analytical uncertainty alone predicts, together with its value. The procedure may still state an acceptance threshold, which belongs with the inclusion criteria.",N/A,Basic,Text (free),,Source: Aggregation module,2026-09-28,combined result x reported property,Answers whether a combined result is defensible as a single population. The value cannot be known before the analysis.,,"all: RSD, relative standard deviation in percent — Table 2: 'The RSD is the relative standard deviation in percent'",all: RSD% = SD of measurements / average ratio × 100 — table notes,all: RSD — 'The normalised ratios after evaporation together with the RSD (n = 5)',N,all: RSD% — Tables 5 and 6; 'Averages of the reproducibility (RSD %)',all: SD — 'mean ± SD recovery values of 94 ± 17% (N = 3)',N,"Te, Se: SD — Figs 1–2",N
Other Statistics,"Any statistic reported for a combined result beyond the dispersion statistic, with the statistic named and its value.",N/A,Advanced,Text (free),"e.g., 'Standard error of the mean' | '95% confidence interval' | 'Probability of fit, p = 0.12'",Source: Aggregation module,2026-09-28,combined result x reported property,,,N,N,N,N,N,N,N,N,N
Additional Notes,"Any procedure- or analysis-specific information not captured by a structured field anywhere in this TAPP — including anomalies, deviations from the registered procedure, instrument modifications, and supplementary context. Scope is the whole document, not Group 6: this is the last field of the TAPP and covers all six groups. Use sparingly; a structured field is preferred for anything that can be formally categorised.",Advanced,Advanced,Text (free),,Source: Core module,2026-08-26,(none),,,"Auto lens voltages optimised on a 10 ng/ml Mg, Co, Rh, Ce, Pb and U solution; As and Te measured in 4.80 ml sample solution plus 0.20 ml ethanol; HF boiled before sub-boiling distillation to remove volatile As — §3.1, §3.2, §3.3","Cetac ASX-100 autosampler; auto lens on; 0.03 mm ID pump tubing at 12 rpm; Ca matrix effects tested over 60–240 ppm Ca (Table 1, §2, §3.5)","ICP operating conditions as in Makishima and Nakamura (2006); pseudo-flow injection with transient signals integrated as total counts, ~0.013 ml per measurement; an evaporation test showed no loss of Cd, In, Tl or Bi (ratios 0.996–0.999, Table 2)",The Zn-isotope procedure digests ~35 mg of bulk powder in HNO3-HF at 120 °C for ~48 h; the digestion for the elemental analysis is not stated — Methods,"Pseudo-flow injection with the ASX-100 autosampler; recovery yields from Ca–Al–Mg fluorides tested in 19 synthetic solutions (§2.4, §2.6)",N,N,N,Group-1 dilution made after at least 30 min ultrasonic homogenisation 'to avoid elemental fractionation in the solution'; 175 µL of 100 ng/g Rh added as internal standard — Methods
