Metadata Item,Description,Procedure-Level Tier,Analysis-Level Tier,Data Type,Example / Allowed Content,Comments,Last Update,Keyed By,Purpose,Literature Assessment,Budde+etal2016 | Neptune Plus | IfP Münster,Craddock+etal2008 | Thermo NEPTUNE | WHOI,Hopp+etal2021 | Neptune (Plus spec) | Univ Chicago,Hu+etal2022 | Neptune Plus | Univ Chicago,IbanezMejia+Tissot2020 | Nu Plasma II | MIT,Nie+Dauphas2019 | Neptune | Univ Chicago,Nowell+etal2008 | Neptune | Durham AHIGL,Nowell+etal2008 | Nu Plasma | NIGL,Pringle+Moynier2017 | Neptune Plus | IPGP,Schönbächler+etal2025 | Neptune Plus | ETH Zurich,vanKooten+etal2026 | Thermo Neoma | Univ Copenhagen,Broussard+etal2026 | Neptune Plus | WUSTL,Barnes+etal2025 | Neptune Plus | WUSTL,Barnes+etal2025 | Neptune Plus | ETH Zurich
1. Procedure Identification,,,,,,,,,,N,N,N,N,N,N,N,N,N,N,N,N,N,N,N
Procedure Name,"A short descriptive name for this analytical procedure, including a version number. Should identify the instrument, the technique, and the scope of what is measured — analyte, material, or feature.",Basic,Read-Only,Text (free),,Source: Core module,2026-07-24,(none),,,N,N,N,N,N,N,N,N,N,N,N,N,N,N
Technique,Top-level analytical technique identifier.,Basic,Read-Only,Controlled list,Solution MC-ICP-MS,Source: Core module,2026-06-18,(none),,,Solution MC-ICP-MS,Solution MC-ICP-MS,Solution MC-ICP-MS,Solution MC-ICP-MS,Solution MC-ICP-MS,Solution MC-ICP-MS,Solution MC-ICP-MS,Solution MC-ICP-MS,Solution MC-ICP-MS,Solution MC-ICP-MS,Solution MC-ICP-MS,Solution MC-ICP-MS,Solution MC-ICP-MS,Solution MC-ICP-MS
Procedure Author,Person(s) or laboratory responsible for developing and registering this procedure. ORCID recommended for individuals.,Basic,Read-Only,Text (free),,Source: Core module,2026-07-24,(none),,,N,N,N,N,N,N,N,N,N,N,N,N,N,N
Laboratory,Name of the laboratory or institution hosting the instrument.,Basic,Editable,Text (free),,Source: Core module,2026-06-18,(none),,,"Institut für Planetologie, University of Münster",Woods Hole Oceanographic Institution,University of Chicago,University of Chicago,Massachusetts Institute of Technology,University of Chicago,"Arthur Holmes Isotope Geology Laboratory, Durham",NERC Isotope Geosciences Laboratory (NIGL),Institut de Physique du Globe de Paris,ETH Zurich; sample digestion and separation at Tokyo Institute of Technology,"Centre for Star and Planet Formation, Globe Institute, University of Copenhagen",Washington University in St. Louis,Washington University in St. Louis,"Institute of Geochemistry and Petrology, ETH Zurich"
Laboratory ID,"Persistent identifier for the laboratory (e.g., ROR ID).",Advanced,Editable,URI / DOI,,Source: Core module,2026-06-18,(none),,,N,N,N,N,N,N,N,N,N,N,N,N,N,N
Procedure Start Date,First date this procedure configuration was used in production.,Basic,Read-Only,Date,,Source: Core module,2026-07-24,(none),,,N,N,N,N,N,N,N,N,N,N,N,N,N,N
Funding Source for Procedure Development,"Grants and other funding sources that supported instrument acquisition, major upgrades, procedure development, and associated personnel time. Include grant numbers and funding agencies where applicable.",Advanced,Read-Only,Text (free),,Source: Core module,2026-07-24,(none),,,N,N,N,N,N,N,N,N,N,N,N,N,N,N
Procedure Reference(s),"DOI or URL for peer-reviewed publications or technical reports describing, validating, or benchmarking this procedure.",Advanced,Read-Only,URI / DOI,,Source: Core module,2026-07-24,(none),,,N,N,N,N,N,N,N,N,N,N,N,N,N,N
Procedure DOI,"DOI or unique persistent identifier for the registered procedure used in this analysis, generated upon procedure submission to a data repository. If a DOI has been applied for but not yet minted, enter ""pending"".",N/A,Basic,URI / DOI,,Source: Core module,2026-08-25,(none),Encourages formal procedure registration and ensures traceability.,,N,N,N,N,N,N,N,N,N,N,N,N,N,N
Session Identifier,"Identifier for the analytical session this record describes — the laboratory's own run, sequence or batch identifier as generated by the instrument or acquisition software. Distinct from any persistent identifier a repository mints on submission.",N/A,Basic,Text (free),,Source: Core module,2026-08-25,(none),"The analysis record corresponds to one session, which may cover several samples, and this is the link back to the raw instrument files.",,N,N,N,N,N,N,N,N,N,N,N,N,N,N
Analyst,Name(s) of the analyst(s) who performed the analysis session. ORCID is recommended for persistent identification.,N/A,Basic,Text (free),,Source: Core module,2026-08-25,(none),,,N,N,N,N,N,N,N,N,N,N,N,N,N,N
Analysis Start Date,"Date on which the analytical session began. For sessions spanning multiple days, use the date of the first session. Format: YYYY-MM-DD.",N/A,Basic,Date,,Source: Core module,2026-08-25,(none),,,N,N,N,N,N,N,N,N,N,N,N,N,N,N
Analysis End Date,Date on which the analytical session ended. May equal Analysis Start Date for single-day sessions. Format: YYYY-MM-DD.,N/A,Basic,Date,,Source: Core module,2026-08-25,(none),,,N,N,N,N,N,N,N,N,N,N,N,N,N,N
Funding Source for Analysis,"Grants and other funding sources that supported the specific sample analyses and data collection reported here. Include grant numbers and funding agencies. Distinct from procedure development funding, which may have been awarded years earlier.",N/A,Basic,Text (free),,Source: Core module,2026-08-25,(none),,,N,N,N,N,N,N,N,N,N,N,N,N,N,N
Coupled Technique(s),"Other analytical techniques applied to the same sample(s) whose results are intended to be interpreted together with data from this procedure. Document coupling with any technique whose results are functionally linked to this dataset — providing calibration inputs, complementary spatial context, or required companion measurements. Use the same controlled vocabulary as the Technique field. Enter ""None"" if no coupling is intended.",Advanced,Editable,Controlled list / Text,Solution Q-ICP-MS | Solution SF-ICP-MS | TIMS | LA-MC-ICP-MS | None | N/A,Source: Core module,2026-08-25,(none),,,TIMS — Ba isotopes on a Thermo Scientific Triton Plus at the same institute; Hf-W on the same sample digestions,"Laser-ablation MC-ICP-MS — the same NEPTUNE, with a NewWave UP213 laser, ""such that laser ablation and solution aspiration can be operated simultaneously""","Prior Pt, Mo, Ni and/or W isotope analyses on the same digestions",N,"ID-TIMS U-Pb on an Isotopx X-62 at MIT, and solution Q-ICP-MS (Agilent 7700) for Zr and Hf concentrations, on aliquots of the same dissolutions",N,N,N,N,"Mg, K, Ca, Ti, Cr, Fe, Cu, Zn, Mo and Nd isotope data ""all obtained from the same sample digestions and are therefore directly comparable""",ICP-MS for Sr and Rb weathering assessment; Si isotopes on a separate NaOH-fusion aliquot,Laser-fluorination oxygen isotopes on a Thermo Finnigan MAT 253 Plus; K loss monitored by Thermo Fisher iCAP Q ICP-MS,"High-resolution ICP-MS (Thermo Element XR) at LLNL for bulk elemental abundances, on splits of the same digest",Coordinated dissolution shared with the WUSTL K/Cu/Zn procedure; SIMS oxygen isotopes
Coupling Description,"Description of how this procedure is coupled with the technique(s) listed above. Include: (1) the functional relationship — what data or context flows between techniques, or how results are combined (e.g. which output from the coupled technique serves as input to data reduction for this technique); and (2) the analytical sequence — which technique is performed first and why (e.g. non-destructive before destructive). Required when Coupled Technique(s) is not ""None"".",Advanced,Editable,Text (free),,Source: Core module,2026-08-25,(none),,,N,"Functional: the laser is connected directly to the spray chamber so ablated particles mix with 2% HNO3 and are ""effectively analyzed as a wet plasma ensuring that ablated aerosols are closely matrix-matched to solution standards"". Sequence: interchangeable — ""Our setup allows for interchangeable bulk and in situ S isotope measurement""",N,N,"Functional: 3 M HCl washes from the U-Pb anion chemistry were collected and became the Zr aliquots, so the same crystal yields a U-Pb date and a Zr isotopic composition. Sequence: U-Pb purification first, Zr purification from its washes",N,N,N,N,N,N,"Functional: pre-cut and post-cut fractions either side of the K collection were measured by Q-ICP-MS ""to monitor for K loss during column chemistry"". Sequence: Q-ICP-MS check before MC-ICP-MS measurement",N,N
Coupled Procedure DOI,"Registered procedure DOI for the coupled technique named above. If the coupled procedure has not yet been registered, enter the DOI of a publication describing the coupled method, or ""pending"". Enter ""None"" if no coupling is planned.",N/A,Advanced,URI / DOI,,Source: Core module,2026-08-25,(none),"Provides a stable, citable link to the companion method independent of whether a dataset has been deposited.",,N,N,N,N,N,N,N,N,N,N,N,N,N,N
Coupled Dataset or Publication Reference,"DOI or other persistent identifier for the co-registered dataset or publication where both datasets are reported together. Accepts: a dedicated dataset DOI (if separately deposited), a shared dataset DOI (if co-submitted in the same package), or a publication DOI. Use ""same submission"" if the coupled dataset is included in this data package, or ""pending"" if not yet assigned. If coupling is documented through a shared sample identifier only, that information is already captured in Sample Persistent Identifier (Group 2).",N/A,Advanced,URI / DOI / Text,,Source: Core module,2026-08-25,(none),,,N,N,N,N,N,N,N,N,N,N,N,N,N,N
,,,,,,,,,,,,,,,,,,,,,,,,
2. Samples,,,,,,,,,,N,N,N,N,N,N,N,N,N,N,N,N,N,N,N
Target Material,General description of the material type(s) this procedure is designed to analyse.,Basic,Read-Only,Controlled list / Text,Basalt | Chondrite | Seawater | Mineral separate | Synthetic solution | N/A | None | Other: specify,Source: Core module,2026-08-25,(none),"Used for discoverability and procedure matching, and because the material type constrains sample preparation, calibration and matrix-matching requirements.",,"Chondrules, matrix separates and bulk rock of the Allende CV3 chondrite","Sulfate minerals (anhydrite, barite, gypsum) and sulfide minerals (pyrite, chalcopyrite)",Iron meteorites and terrestrial basalt geostandards,Calcium-aluminium-rich inclusions (CAIs),"Single zircon and baddeleyite crystals, and bulk rock","Silicate rocks — geostandards including basalts, granites and peridotites, and the Allende chondrite",Osmium isotope reference material solutions,Osmium isotope reference material solutions,"Whole-rock terrestrial igneous rocks, chondrites, achondrites and Apollo lunar samples","Ryugu returned samples, carbonaceous chondrites, eucrites and terrestrial rock reference materials",Bulk chondrite powders,CI chondrite Oued Chebeika 002 and geostandard,Bennu returned sample aggregate,Bennu returned sample aggregate
Sample Name,"Name or identifier of each sample analysed in this session, as used in the laboratory — a sample mount, section or aliquot counts as one entry where that is what the laboratory tracks. Should match the identifier used in associated publications or data tables.",N/A,Basic,Text (free),"e.g., 'Allende MS-1 digest A' | 'NWA 8657 aliquot 2' | 'BHVO-2 replicate 3'",Source: Core module,2026-08-25,defines: sample,The analysis record corresponds to one session and may cover several samples.,,"Three matrix separates, six chondrule fractions (C2, C3, C4; C3m, C3i, C3n) and two bulk rock samples of Allende; BHVO-2","IAEA-S-1, S-2, S-4, NBS-123; in-house standards S_Alfa and S_Spex; anhydrite mineral standard Sch-M-2; pyrite FVG-1","Toluca, Gibeon, Duchesne, Skookum, Tlacotepec and 18 further iron meteorites; BHVO-2, BCR-2; IRMM-524a","Group II CAIs including FG-FT-4, FG-FT-8 and FG-FT-9",FC-1 zircon and baddeleyite crystals; ZrNIST reference solution,"BHVO-2, BCR-2, BE-N, W-2, AGV-2, GSR-1, GS-N, G-A, G-3; DTS-2b and PCC-1 synthetic mixes; Allende; NIST SRM984","UMd, DTM, LOsST and DROsS Os isotope reference materials",DTM and LOsST Os isotope reference materials,"GS-N, AGV-2, BCR-2, BHVO-2, EW9309 10D, AHANEMO2 D20B; Allende (duplicate splits); NIST SRM984","Ryugu A0106, A0106-A0107 and C0108; Tagish Lake, Tarda, Ivuna (PB and high PT), Orgueil, Murchison, Colony; eucrites Bouvante and Bereba; BHVO-2, BCR-2, AGV-1, SCo-1; NIST SRM 3169",BHVO2 and DTS-2b processed alongside the samples,Oued Chebeika 002; geostandard BHVO-2; NIST SRM 3141a,OREX-803015-101 (LLNL split) and OREX-803015-100 (ETH split) of Bennu aggregate; BHVO-2,"OREX-803015-100, a 5.2 mg aliquot of Bennu aggregate"
Sampling Unit,"The physical subdivision of the sample to which one row of reported values corresponds — the unit that is analysed and reported, as distinct from the sample as a whole. Where units nest (e.g. confined tracks within grains), state both levels.",Basic,Basic,Controlled list / Text,Whole sample | Aliquot | Grain | Spot | Analysis point | Phase | Sub-volume | Region of interest | N/A | None | Other: specify,Source: Core module,2026-08-25,defines: sampling unit,,,"Digestion aliquot — ""All samples (0.3–0.5 g) were digested in closed Savillex beakers""; chondrule fractions ""comprise between 155 and ~3000 chondrules each""","Purified solution aliquot — ""Less than 50 mg of sample was accurately weighed""; ""A precise solution volume, corresponding to 500 µg of S"" taken for column purification","Solution aliquot of a digestion — ""the Fe isotopic compositions were analyzed on solution aliquots (~1-2 mg Fe) of digestions""; five meteorites cut as ""~50 mg pieces""","Fraction of a CAI digestion — ""Approximately 30% of the matrix cut"", ""equivalent to 24% fraction of the whole CAI""","Single crystal — ""Single zircon and baddeleyite crystals selected for analysis were individually handpicked""; each ""individually loaded into clean PFA microcapsules""","Digestion aliquot — ""Samples of about 100 mg or less were digested""","Reference material solution aliquot — 200 ng/ml to 2.5 µg/ml Os, ~300 µl consumed per analysis",Reference material solution aliquot — ~6400 µl consumed per analysis,"Weighed powder aliquot — ""An aliquot of <=125 mg of powdered sample was weighed depending on the Rb concentration of the sample; masses were calculated to yield >20 ng Rb""","Digestion aliquot — Ryugu ""aliquots of <25 mg were analyzed with ~40 to 70 ng Zr""; Tagish Lake 30 mg, Tarda 90 mg, Ivuna 40 and 44 mg ""from a larger homogenized powder (550 mg)""","Fraction of a bulk digestion — ""Another 5% fraction was used to determine Al/Mg ratios by multi-collector (MC)-ICPMS""",N,"Split of a single digest — ""The solution was then split two ways: about half stayed at WUSTL and half was sent to Lawrence Livermore National Laboratory ... the aliquot was further split into two aliquots""",A 5.2 mg aliquot of Bennu aggregate
Sample Persistent Identifier,"Globally unique, persistent identifier for each sample listed in Sample Name. IGSN (International Geo Sample Number) is the recommended standard for geological and cosmochemical samples, as used by Astromat, EarthChem and SESAR. Where a sample and its sub-samples are separately registered, record the identifier at the level actually analysed.",Advanced,Advanced,URI / IGSN,,Source: Core module,2026-08-25,sample,,,N,N,N,N,N,N,N,N,N,N,N,N,Curatorial sample identifiers stated: OREX-803015-101 (LLNL) and OREX-803015-100 (ETH Zurich),OREX-803015-100
Sample Description,"Brief description of sample provenance, form, or preparation state relevant to this analysis.",N/A,Basic,Text (free),,,2026-06-18,(none),,,N,N,N,N,N,N,N,N,N,N,N,N,N,N
Sample Preparation Method,"General approach to mechanical sample preparation prior to dissolution (e.g., whole-rock crushing and powdering, mineral separation). Documents how the solid material was conditioned before acid digestion.",Basic,Read-Only,Controlled list / Text,Whole-rock powder | Mineral separate | Biogenic material (cleaned) | Natural water | Leachate or partial-dissolution fraction | Dissolved residue | Pre-digested liquid | N/A | None,,2026-08-26,(none),,,"Chondrule, matrix and bulk rock separates; preparation detailed in the supplementary material","Mineral standard cut as a 2 mm thick section, polished and mounted on a 45x25 mm petrographic slide for the laser half; solution half dissolved from weighed mineral","Iron meteorite pieces ""cut using a diamond saw, polished with SiC abrasive paper, and cleaned in ethanol""",N,"Crushing in a stainless steel mortar, sieving through 375 µm plastic mesh, washing in a plastic gold pan, hand magnet, Frantz LB-1 magnetic separation, methylene iodide heavy liquid, hand picking under high-purity ethanol",Whole-rock powder,"N/A — reference material solutions, no solid preparation","N/A — reference material solutions, no solid preparation","""Whole rock samples were crushed by hand using an agate mortar until a fine powder was obtained. A minimum of 0.5 g of terrestrial rock or meteorite and 100 mg of lunar samples was crushed in order to avoid non-representational sample analysis""","Homogenised powder — Ivuna aliquots taken ""from a larger homogenized powder (550 mg)""","Bulk powder; for the Si aliquot, NaOH fusion in silver crucibles",N,N,N
Digestion Acid(s),"Acid mixture used for sample dissolution. Record acid type(s) and concentration(s) where known (e.g., concentrated HF–HNO3 in Parr bombs is standard for silicate dissolution).",Basic,Read-Only,Text (free),HF–HNO3 | HF–HNO3–HClO4 | HNO3–HCl | HNO3 only | Aqua regia | N/A | None | Other: specify,Source: Solution Introduction module,2026-08-25,preparation step,"For isotope-ratio work, complete matrix dissolution is required to avoid isotopic fractionation during partial dissolution.",,"""HF–HNO3(–HClO4), followed by inverse aqua regia""","5 ml HNO3 (50%), then 3 ml concentrated HNO3 + 2 mL HCl (50%); residue dissolved in 4 mL 2% HNO3",Iron meteorites: aqua regia (3:1 HCl-HNO3). Basalts: HF-HNO3 (2:1) followed by several steps of aqua regia. All converted to chloride and redissolved in 0.25 ml 10 M HCl,"""redissolved in a 2:1 mixture of HCl:HNO3 for 1 week on a hot plate ... These steps were performed twice""; dried and dissolved in concentrated HNO3, diluted in 3 M HNO3",29 M HF; after conversion to a chloride matrix for U-Pb. Zr aliquots taken up in 3 M HNO3 + 0.5 M HF,"Three steps of concentrated HF–HNO3–HCl–HClO4; step (i) ""4 ml 28 M HF + 2 ml 15 M HNO3 + 1 ml 10 M HClO4""",N/A — reference material solutions in 3 or 5 mol/l Teflon-distilled HCl,N/A — reference material solutions in Teflon-distilled 3 mol/l HCl,"""a mixture of concentrated HF/HNO3""; after evaporation ""6N HCl was added"" to dissolve fluoride complexes","Concentrated HF-HNO3, then a HNO3-HCl mixture, then a HNO3-H2O2 mixture; Ivuna high PT: concentrated HF-HNO3 for 3 days then concentrated HCl for 2 days","Cr/Mg route: 6 M HCl loading, 10 M HCl pretreatment, 0.5 M HCl, 0.5 M HNO3, 1 M HF, 6 M HCl elutions; Si route: NaOH fusion then Milli-Q water and HNO3",N,"""concentrated HF and HNO3 in a 3:1 ratio"", followed by fluxing in concentrated HNO3 and HCl with 1 ml H2O2 added to remove organics; brought up in 5 ml 0.5 M HNO3",Coordinated dissolution shared with the WUSTL split — see the WUSTL column
Digestion Vessel Type,Type of vessel used for acid digestion.,Basic,Read-Only,Text (free),Savillex beaker | Parr bomb | TFE/TFM bomb | Carius tube | HPA-S | Open beaker | N/A | None | Other: specify,Source: Solution Introduction module,2026-08-25,(none),"Vessel type constrains maximum temperature and pressure and determines suitability for refractory mineral dissolution (e.g., Parr bombs required for complete silicate digestion at high temperatures).",,"""closed Savillex beakers""",15 ml PTFE digestion vessel,"Hot plate, closed vessel not specified beyond ""on a hot plate""",N,"""clean Teflon microcapsules"" inside ""a large-volume Parr digestion vessel""",30 ml fluoropolymer vessel,N/A,N/A,"""closed Teflon bombs""","Octagonal-body Savillex vials; Parr bomb (Ivuna PB, BCR-2, AGV-1); hotplate (BHVO-2)",N,N,"""in a closed beaker""",N
Number of Digestion Steps,"Total number of distinct acid digestion steps required to dissolve the sample. Some procedures require multiple sequential steps — for example, an initial open-beaker HF–HNO3 dissolution followed by a second closed-vessel step for residues retaining refractory minerals, or by an aqua regia reflux to destroy fluoride complexes.",Basic,Read-Only,Integer,1 | 2 | 3,Source: Solution Introduction module,2026-08-25,defines: preparation step,,,N,N,N,"Two (""These steps were performed twice"")",N,Three,N,N,N,Ivuna high PT: two (HF-HNO3 then HCl),N,N,N,N
Digestion Temperature,Temperature at which acid digestion was carried out (°C).,Basic,Editable,Numeric (°C),"e.g., '90–120 °C (hotplate, Savillex beaker)' | '150–190 °C (Parr bomb, refractory phases)' | '220 °C (HPA-S)'",Source: Solution Introduction module,2026-08-25,preparation step,,,N,"""less than 70 °C"" for the first evaporation; 70 °C for the total digestion",Iron meteorites 120 °C; basalts 150 °C,"Hot plate, temperature not stated",215 °C,N,N,N,130 °C for both the HF/HNO3 and the 6N HCl steps,"180 °C (hotplate), 120 °C (HNO3-HCl), 220 °C (Savillex, Tagish Lake and Tarda), 170 °C (Parr bomb, Ivuna PB), 160 °C (Ivuna high PT)",130 °C for the 10 M HCl Cr(VI) speciation step; 720 °C for the NaOH fusion,70 °C for the HCl step; 140 °C for the HF/HNO3 mixture,170 °C,N
Digestion Duration,Duration of the primary acid digestion step (hours or days).,Basic,Editable,Text (free),"e.g., '12 h' | '24 h' | '48 h (refractory accessory phases)' | '3 days (multi-step with intermediate dry-down)'",Source: Solution Introduction module,2026-08-25,preparation step,,,N,"Not stated for the individual steps beyond ""taken to dryness""",Iron meteorites 24 hours; basalts 48 hours,"1 week per step, performed twice",Zircon 48 hours (U-Pb) and 60 hours (Zr isotopes),N,N,N,""">48 h""","3–7 days (hotplate), 12 h (HNO3-HCl), ""about a week"" (Tagish Lake and Tarda), 3 days + 2 days (Ivuna high PT)","3 h (Cr(VI) speciation), >1 week at room temperature (Cr(III) speciation), 13 min (NaOH fusion)",20 h for the HF/HNO3 step,48 h,N
Final Solution Matrix,"Acid type and concentration of the final dissolved sample solution introduced to the instrument. For isotope-ratio procedures, match acid molarity precisely between samples and bracketing standards. Procedures targeting HFSE may add trace HF to the final solution to keep those elements in solution.",Basic,Read-Only,Text (free),0.3 M HNO3 | 2% HNO3 | 0.5 M HCl | 3 M HCl | N/A | None | Other: specify,Source: Solution Introduction module,2026-08-25,(none),Directly affects instrument response and ion transmission. Mismatched molarity introduces matrix-induced mass bias offsets.,,N,"2% (w/w) HNO3, 50 ppm S stock","0.3 M HNO3 (measured at 10 µg/g Fe in 0.45 M HNO3); all sample and standard solutions ""prepared with the same 0.3 M HNO3 solution""",15–25 ppb for the most abundant isotope,"0.59 M HNO3 + 0.28 M HF, samples and bracketing standards matched in matrix and at 60 ng/g total Zr","0.3 M HNO3, ~15–25 ppb Rb",3 or 5 mol/l Teflon-distilled HCl,3 mol/l Teflon-distilled HCl,0.1N HNO3,0.5 M HNO3 - 0.005 M HF at 30 ppb Zr (also 17 and 60 ppb),0.5 M HNO3 (Cr); 6 M HCl elution of the final Cr cut,300 ppb K solution,200 ppb for K and Zn; 100 ppb for Cu,N
Sample Aliquot Mass or Volume,Mass (mg) of solid material digested or volume (mL) of liquid taken for dissolution.,Advanced,Editable,Numeric (mg or mL),"e.g., '50 mg (whole-rock silicate)' | '25 mg (mass-limited meteorite)' | '100 mg (low-abundance trace elements)' | '1–5 mL (aqueous sample)'",Source: Solution Introduction module,2026-08-25,sample,Used for yield calculations and concentration back-calculation.,,0.3–0.5 g digested; ~100 ng Mo consumed per measurement,<50 mg weighed; 500 µg S taken for column purification,~1-2 mg Fe per analysis; ~50 mg meteorite pieces,N,Single crystals; ~50 µl (5% of sample) taken for concentration measurement,~100 mg or less; ~40 ng Rb typical,Up to 600 ng Os consumed per analysis; ~300 µl of solution,~6400 µl of solution per analysis,"<=125 mg powder, calculated to yield >20 ng Rb",Ryugu <25 mg with ~40–70 ng Zr; 15 ng Zr consumed per 30 ppb analysis,N,N,N,5.2 mg
Chromatographic Separation Applied,"Whether chromatographic separation of element groups (e.g., using ion exchange resin) was performed prior to analysis. Record resin type and elution matrix conditions if applied. Record 'None' if the direct digestion solution is analyzed.",Basic,Read-Only,Controlled list,Anion exchange resin AG1-X8 (HCl) | Cation exchange resin AG50W-X8 | TRU resin | UTEVA resin | AG-MP-1 (HBr) | Thiol resin | Multi-step: specify | None | N/A | Other: specify,Source: Solution Introduction module,2026-08-25,(none),"Separation may be required to remove matrix elements that cause variable mass bias, to eliminate isobaric interferences, or to isolate an element group before measurement (e.g., Fe and Cu–Zn for isotope dilution, Hf separation from REE, removal of Cr and Ni from Fe fractions). It is usually mandatory for isotope-ratio procedures and optional for concentration measurement.",,"Yes — two-stage anion exchange for W, with Mo collected in 3 M HNO3 and further purified on Eichrom TRU Resin; Ba separated on AG50-X8","Yes — cation exchange AG50-X8 (H+ form), 2.5 ml resin, conditioned with 1.4 N HNO3; S passes through while matrix elements are retained. Yield 98±4%","Yes — AG1-X8 (200-400 mesh) anion resin, 3 ml, 10.5 cm PFA columns; repeated with new resin. Overall Fe yield >99%","Yes — U/TEVA, TODGA, then two-step FPLC on Ln-Spec resin (70 cm x 1.6 mm, 1.4 ml of 25–50 µm resin, 94 steps, 188 ml, 16 h at 70 °C, 0.17 ml/min). Overall yields >95%","Yes — AG-1X for U-Pb; Ln-Spec (~300 µl, 25–50 µm) for Zr, giving >95% Zr, undetectable REEs and <3% of initial Hf; TODGA first stage for bulk rocks","Yes — five steps: AG50W-X8 cation, a second cation column, AG1-X8 anion in 2 M HF for Ti, a 40 cm Eichrom Sr resin column for Rb-K, and an AG50W-X8 clean-up. Yields >95%",N/A — reference material solutions,N/A — reference material solutions,"Yes — DGA resin Ca removal (1.8 mL), then AG50 X12 (20 mL and 10 mL) in 3N HCl, then AG50 X8 (1 mL) in 0.5N HCl. Reduces K/Rb by a factor of 200 to K/Rb<2 and gives 88Sr/85Rb<0.005","Yes — four-step separation on anion exchange (AG 1-X8), DGA and LN resin; two-stage anion exchange for Ivuna; three-stage AG 1-X8 + LN for terrestrial samples","Yes — AG1-X8 anion (1 ml) for Fe, then AG50-X12 cation (1 ml) twice for Cr and Mg","Yes — twice through 1.5 mL Bio-Rad AG50W-X8 100–200 mesh cation resin, loading, matrix elution and K elution all in 0.5 M HNO3","Yes — AG1-X8 200–400 mesh anion resin, 5 ml 1.5 M HBr to elute the matrix and 3 ml 0.5 M HNO3 to elute Zn",Yes — three-step anion exchange chromatography; yields 75–100%
Isotope Dilution Spike,"Isotopic spike material added to the sample before or during digestion for isotope dilution (ID) analysis or double-spike mass bias correction. For double-spike procedures, add and equilibrate the spike before digestion. For concentration ID, the spike must be added before digestion for complete equilibration. Record spike name or certificate reference, spike isotopes, and whether added pre- or post-digestion. Record 'None' if ID or double-spike technique is not used.",Basic,Read-Only,Text (free),IRMM-3636 (233U–236U double spike) | 117Sn–122Sn double spike (in-house) | 57Fe–58Fe double spike | None | N/A | Other: specify,Source: Solution Introduction module,2026-08-25,(none),Spiking before digestion corrects for isotopic fractionation during dissolution and column chemistry.,,N/A — no isotope dilution spike; mass bias handled by standard-sample bracketing or internal normalization,N/A — no isotope dilution spike; mass bias handled by standard-sample bracketing or internal normalization,N/A — no isotope dilution spike; mass bias handled by standard-sample bracketing or internal normalization,N/A — no isotope dilution spike; mass bias handled by standard-sample bracketing or internal normalization,"In-house 91Zr-96Zr double spike, added at a 0.43:0.57 spike-to-sample Zr mass ratio",N/A — no isotope dilution spike; mass bias handled by standard-sample bracketing or internal normalization,N/A — no isotope dilution spike; mass bias handled by standard-sample bracketing or internal normalization,N/A — no isotope dilution spike; mass bias handled by standard-sample bracketing or internal normalization,N/A — no isotope dilution spike; mass bias handled by standard-sample bracketing or internal normalization,N/A — no isotope dilution spike; mass bias handled by standard-sample bracketing or internal normalization,N/A — no isotope dilution spike; mass bias handled by standard-sample bracketing or internal normalization,N/A — no isotope dilution spike; mass bias handled by standard-sample bracketing or internal normalization,N/A — no isotope dilution spike; mass bias handled by standard-sample bracketing or internal normalization,N/A — no isotope dilution spike; mass bias handled by standard-sample bracketing or internal normalization
,,,,,,,,,,,,,,,,,,,,,,,,
3. Instrument & Software,,,,,,,,,,N,N,N,N,N,N,N,N,N,N,N,N,N,N,N
Instrument Manufacturer,"Manufacturer of the instrument that performs the measurement, recorded as a controlled value. Where a procedure couples a sample-introduction system to an analysing instrument, this records the analysing instrument. Instrument Model gives the specific designation.",Basic,Read-Only,Controlled list,Thermo Fisher Scientific | Agilent | PerkinElmer | Nu Instruments | Analytik Jena | Shimadzu | Other: specify | Unknown | N/A | None,Source: Core module,2026-08-25,(none),Recording it as a controlled value lets procedures be found by vendor.,,Thermo Fisher Scientific,Thermo Fisher Scientific,Thermo Fisher Scientific,Thermo Fisher Scientific,"Nu Instruments — ""a Nu Plasma II MC-ICP-MS fitted with an enhanced sensitivity interface""",Thermo Fisher Scientific,Thermo Fisher Scientific,Thermo Fisher Scientific,Thermo Fisher Scientific,Thermo Fisher Scientific,Thermo Fisher Scientific,Thermo Fisher Scientific,Thermo Fisher Scientific,Thermo Fisher Scientific
Instrument Model,"Model designation of the instrument that performs the measurement, including any generation or configuration suffix. Conventionally written with the manufacturer name included; Instrument Manufacturer records the vendor separately, as a controlled value, so that procedures remain findable by vendor.",Basic,Read-Only,Text (free),Thermo Scientific Neptune | Thermo Scientific Neptune Plus | Nu Instruments Nu Plasma II | Nu Instruments Nu Plasma 1700 | Nu Instruments Nu Sapphire | IsotopX Phoenix | N/A | None | Other: specify,Source: Core module,2026-08-25,(none),,,Neptune Plus,"NEPTUNE (""Thermo Electron NEPTUNE"")","Neptune ""upgraded to Neptune Plus specifications""","Neptune Plus ""with the addition of an OnTool booster""",Nu Plasma II,Neptune,Neptune,Nu Plasma,Neptune Plus,Neptune Plus,Neoma,Neptune Plus,Neptune Plus,Neptune Plus
ICP-MS Type,"Type of ICP-MS system - the mass analyser and, where the instrument has one, the collector configuration.",Basic,Read-Only,Controlled list,Multi-collector sector-field (MC-ICP-MS) | N/A | None | Other: specify,Source: ICP-MS module,2026-08-26,(none),"Multi-collector sector-field instruments combine a magnetic sector and electrostatic analyser with a fixed array of Faraday cups (and optionally ion counters) that simultaneously collect multiple isotope beams, enabling high-precision static multi-collection.",,"Multi-collector sector-field ICP-MS [all columns state ""multi-collector inductively coupled plasma mass spectrometer""]","Multi-collector sector-field ICP-MS [all columns state ""multi-collector inductively coupled plasma mass spectrometer""]","Multi-collector sector-field ICP-MS [all columns state ""multi-collector inductively coupled plasma mass spectrometer""]","Multi-collector sector-field ICP-MS [all columns state ""multi-collector inductively coupled plasma mass spectrometer""]","Multi-collector sector-field ICP-MS [all columns state ""multi-collector inductively coupled plasma mass spectrometer""]","Multi-collector sector-field ICP-MS [all columns state ""multi-collector inductively coupled plasma mass spectrometer""]","Multi-collector sector-field ICP-MS [all columns state ""multi-collector inductively coupled plasma mass spectrometer""]","Multi-collector sector-field ICP-MS [all columns state ""multi-collector inductively coupled plasma mass spectrometer""]","Multi-collector sector-field ICP-MS [all columns state ""multi-collector inductively coupled plasma mass spectrometer""]","Multi-collector sector-field ICP-MS [all columns state ""multi-collector inductively coupled plasma mass spectrometer""]","Multi-collector sector-field ICP-MS [all columns state ""multi-collector inductively coupled plasma mass spectrometer""]","Multi-collector sector-field ICP-MS [all columns state ""multi-collector inductively coupled plasma mass spectrometer""]","Multi-collector sector-field ICP-MS [all columns state ""multi-collector inductively coupled plasma mass spectrometer""]","Multi-collector sector-field ICP-MS [all columns state ""multi-collector inductively coupled plasma mass spectrometer""]"
Instrument Serial Number or Lab Identifier,Serial number or laboratory-internal identifier for the specific instrument unit.,Advanced,Editable,Text (free),,Source: ICP-MS module,2026-08-25,(none),Supports traceability to instrument service records.,,N,N,N,N,N,N,N,N,N,N,N,N,N,N
Torch Type,"Type of plasma torch installed (e.g. standard quartz, high-matrix, low-flow).",Advanced,Read-Only,Text (free),Standard quartz | High-matrix | Low-flow | N/A | None | Other: specify,Source: ICP-MS module,2026-08-26,(none),,,N,N,N,N,N,N,N,N,N,N,N,N,N,N
Interface Cone Configuration,Geometry and designation of the sampler and skimmer cones installed during analysis. State both cones.,Basic,Read-Only,Text (free),"Ni H-sampler + Ni H-skimmer (standard) | Ni H-sampler + Ni X-skimmer | Ni Jet-sampler + Ni X-skimmer (with interface pump) | N/A | None | Other: specify | For Neptune-type instruments, H-cones (standard) and X-cones (high-sensitivity, ~3× higher transmission) are common options.",Source: ICP-MS module,2026-08-26,(none),Jet cones combined with an interface pump upgrade are used on some instruments for enhanced sensitivity. The choice affects ion beam intensity.,,Standard sample and (H) skimmer cones,X-cones,H skimmer cones,N,N,Normal sampler and skimmer cones,N,N,Sample cone Jet; skimmer cone H,"""Normal skimmer and sampler cones were utilized""",A Jet and X cone,N,N,N
Sampler and Skimmer Cone Material,"Material composition of the sampler and skimmer cones. Nickel is standard for most aqueous and nitric matrices; platinum is used for HCl-rich, high-TDS or organic matrices for its greater corrosion resistance; aluminium is used in some laboratories for high-purity work or enhanced sensitivity. State both sampler and skimmer materials; a single statement is acceptable where they are identical.",Advanced,Read-Only,Text (free),"Ni sampler and Ni skimmer | Pt sampler and Pt skimmer | Ni sampler and Pt skimmer | N/A | None | Other: specify | Platinum (Pt) cones are used for HCl-rich matrices (e.g., 6 M HCl in Fe chemistry procedures) due to greater corrosion resistance.",Source: ICP-MS module,2026-08-26,(none),,,Ni,Ni,"""We used Ni or Pt sampler and H skimmer cones ... The main motivation for using Pt cones was an increase in sensitivity and a decrease in the frequency of cone cleaning""",N,N,Ni,N,N,N,N,N,N,N,N
Torch Depth,"Distance between the load coil and the sampling cone tip (mm), also called injector depth or torch position depending on the instrument manufacturer.",Advanced,Editable,Text (free),5 mm | Standard position (manufacturer default) | N/A | None,Source: ICP-MS module,2026-08-25,(none),"Affects ion transmission efficiency, oxide formation, and doubly-charged species production.",,N,N,N,N,N,N,N,N,N,N,N,N,N,N
Guard Electrode,"Whether a guard electrode - also called a grounded shield electrode, extraction lens, or Fassel torch shield - is installed and active on the torch assembly.",Basic,Read-Only,Controlled list,On | Off | Not installed | N/A | None | Other: specify,Source: ICP-MS module,2026-08-26,(none),"Capacitively decouples the plasma from the load coil, reducing secondary discharge and improving ion extraction efficiency.",,N,"""Pt-guard electrode: On, grounded""",N,N,N,N,N,N,N,N,N,N,N,N
Faraday Cup Array Configuration,"Description of the multi-collector Faraday cup array. Specify the total number of Faraday cup detectors (fixed and moveable), their labeled positions (e.g., L4, L3, L2, L1, Ax, H1, H2, H3, H4 for a 9-cup Neptune), and the presence and position of any ion counter (SEM) or Daly detector in the collector block.",Basic,Read-Only,Text (free),Neptune: 9 Faraday cups (L4–H4) + 1 SEM (axial or off-axis); Nu Plasma II: 16 Faraday cups + 3 ion counters | N/A | None | Other: specify,Source: MC-ICP-MS module,2026-08-25,(none),The number and span of cups constrains which isotope combinations can be simultaneously collected.,,N,N,N,N,N,Three collectors used,"""The Durham Neptune has a 9 Faraday collector array equipped with 10^11 Ω resistor amplifiers which allow a maximum beam of 50 V per channel""",N,N,N,N,N,N,N
Faraday Cup Amplifier Resistor Values,"Resistance values (Ω) of the feedback resistors in the Faraday cup amplifiers. Standard amplifiers use 10¹¹ Ω resistors, yielding 1 V per ~6.24 × 10⁶ ion counts per second. Report the resistor value per cup position, or note 'all 10¹¹ Ω' if uniform.",Basic,Read-Only,Text (free),All cups: 10¹¹ Ω | L1: 10¹³ Ω (234U); all others: 10¹¹ Ω | N/A | None | Other: specify,Source: MC-ICP-MS module,2026-08-25,channel,"High-gain amplifiers (10¹² or 10¹³ Ω) are fitted to selected cups to improve signal-to-noise for very low-intensity beams (e.g., 234U, low-abundance spike isotopes).",,N,N,"10^10 Ω for 56Fe+; 10^11 Ω for 54Fe, 57Fe, 58Fe; 10^12 Ω for the 53Cr and 60Ni interference monitors",N,N,"""All three collectors were equipped with the 10^11 Ω amplifiers""",10^11 Ω,N,N,10^11 Ω for 90Zr–96Zr and 95Mo; 10^12 Ω for 99Ru and 101Ru,"10^11 Ω for 24Mg, 25Mg, 26Mg",N,N,N
Faraday Cup Gain Calibration Method,"Method used to calibrate the relative gain (amplification factor) of each Faraday cup amplifier at the start of or during each analytical session. Common approaches: instrument internal gain calibration routine (measures signal in each cup sequentially using a common beam), amplifier rotation procedure, or measurement of a known isotope ratio solution in each cup. For instruments with SEM detectors, also describes the SEM-to-Faraday cross-calibration sequence. Specify frequency (per session, per block, weekly).",Basic,Read-Only,Text (free),Instrument internal gain calibration routine; baseline and gain calibrated at session start and daily | SEM-to-Faraday cross-calibration measured per session using known ratio solution | N/A | None | Other: specify,Source: MC-ICP-MS module,2026-08-25,channel,Relative gain differences between amplifiers cause systematic errors in isotope ratios if uncorrected.,,N,N,N,N,N,N,"""Instrument electronic baselines and amplifier gains were then measured, on peak with the line of sight valve closed""; ""Although amplifier gains were measured at the start of each session the Virtual Amplifier was used in rotation mode to cancel out amplifier gains""",N,N,N,N,N,N,N
Mass Resolution Setting,"Operating mass resolution of the mass analyser. Where the analyser permits selection, state the mode; where individual analytes are assigned to different modes, state each.",Basic,Editable,Controlled list / Text,"Unit resolution (quadrupole, fixed) | Low resolution (LR) | Medium resolution (MR) | High resolution (HR) | Multiple modes assigned per analyte | N/A | None",Source: ICP-MS module,2026-08-26,(none),"MC-ICP-MS instruments allow selection of low resolution (LR; m/Δm ≈ 300–400), medium resolution (MR; m/Δm ≈ 3000–8000), or high resolution (HR; m/Δm ≈ 10,000–12,000). Most isotope ratio measurements use low resolution after chemical separation has removed interfering elements. Medium or high resolution is used when polyatomic interferences (e.g., ArN+, ArO+, ArOH+ on Fe isotopes) cannot be fully resolved by chemistry alone.",,N,"""High (entrance slit); Low (detector slit)""","Medium or high resolution — ""the measurements were made on the flat-topped peak shoulder in either medium-resolution (MR) or high-resolution (HR) mode""",N,N,Low resolution,N,N,N,N,"Medium resolution, M/ΔM > 6,000","Measured ""on the left 'shoulder' of the peak to resolve the difference between 40Ar1H+ and 41K+""",High-mass-resolution slit for K; low-mass-resolution slit for Cu and Zn,"Medium mass resolution, R ≈ 6,600–7,000 (R = m/m0.95 − m0.05)"
Collision/Reaction Cell (CRC) Configuration,"Whether a collision or reaction cell is installed and its operating mode. In standard mode (STD), no cell gas is introduced and the cell acts only as an ion guide. In kinetic energy discrimination (KED) mode, helium thermalizes ions so that polyatomic interferences, which have a larger collision cross-section, are selectively retarded by a cell exit barrier voltage. In dynamic reaction cell (DRC) mode, a reactive gas selectively neutralizes specific interferences through ion-molecule reactions. On MS/MS instruments a second mass filter preceding the cell enables precursor-ion selection. Specific gas types, flow rates and cell voltages are documented in Group 4. Record 'Not installed' where the instrument has no collision/reaction cell.",Basic,Read-Only,Controlled list,"Not installed | STD (standard mode, no gas) | KED (kinetic energy discrimination, He gas) | DRC (dynamic reaction cell, reactive gas) | N/A | None | Other: specify",Source: collision/reaction cell module,2026-08-27,channel,,,N,N,N,N,N,N,N,N,N,N,N,N,N,N
Nebulizer Type,Type and material of the pneumatic nebulizer used for sample introduction.,Basic,Read-Only,Text (free),PFA self-aspirating MicroFlow (50–100 µL/min) | PFA-ST | Glass concentric | ESI Apex-HF nebulizer | N/A | None | Other: specify,Source: Solution Introduction module,2026-08-26,(none),Affects droplet size distribution and sample introduction efficiency.,,Savillex C-Flow PFA nebulizer,"PFA-50, Elemental Scientific, Inc.",Cyclonic glass spray chamber (wet) or ESI Apex Ω desolvating nebulizer (dry),N,Cetac Aridus II desolvator nebulizer,N,ESI PFA-50 micro-flow nebuliser,ESI PFA-50 low uptake nebuliser,N,PFA nebulizer with an Aridus II desolvating nebulizer system,N,Elemental Scientific APEX Omega desolvating nebulizer,N,N
Spray Chamber Type and Cooling Temperature,Type of spray chamber and cooling temperature if thermostatted (°C).,Basic,Read-Only,Text (free),Stable Introduction System (SIS): cyclonic + Scott double-pass | Scott double-pass (glass) at 2°C | Cyclonic at 5°C | Spray chamber downstream of Aridus II | N/A | None | Other: specify,Source: Solution Introduction module,2026-08-26,(none),Chamber type and temperature control aerosol droplet size and the solvent vapor load reaching the plasma. In some procedures a spray chamber is placed downstream of a desolvating nebulizer to improve signal stability.,,N,"SSI cyclonic spray dual chamber, Elemental Scientific, Inc.; cooling not stated",Cyclonic glass spray chamber for wet-plasma MR-mode work; cooling not stated,N,N,"""a dual cyclonic-Scott-type quartz spray chamber""; cooling not stated","Glass Expansion micro-cyclonic ""Cinnabar"" spray chamber; cooling not stated",GE Cinnabar micro-cyclonic spray chamber,N,N,N,N,Quartz glass dual cyclonic spray chamber for Cu and Zn; cooling not stated,N
Desolvation System,Desolvating nebulizer or membrane desolvator used upstream of the plasma to reduce solvent load. Record 'None' if not used.,Advanced,Read-Only,Controlled list,Aridus I | Aridus II | Apex Q | Apex IR | Apex HF | None | N/A | Other: specify,Source: Solution Introduction module,2026-08-26,(none),"Lowers oxide production rates and increases sensitivity, and is commonly used for low-abundance analytes or small sample sizes. Note the trade-off: desolvation can introduce additional instrumental mass bias instability relative to wet plasma introduction.",,Cetac Aridus II,"None — and deliberately: ""passing solutions through a desolvating nebulizer to obtain dry plasma conditions is not viable for bulk analysis""","ESI Apex Ω for HR-mode dry plasma work, ""with no auxiliary N2 flow""; none for MR-mode wet plasma",N,"Cetac Aridus II — ""Analyses were conducted in dry plasma mode""",None — spray chamber introduction,"None — ""Although greater sensitivity could be attained using a desolvating nebuliser such systems have been shown to suffer severe memory problems for Os""",None,"APEX, used alongside the spray chamber as an alternative introduction system in different sessions",Aridus II,ESI Apex HF with an actively cooled membrane unit (Cr); ESI Apex Omega (Mg),Elemental Scientific APEX Omega,"Elemental Scientific APEX Ω for K (""dry plasma technique""); none for Cu and Zn",N
Sample Uptake Rate,Peristaltic pump speed or self-aspiration flow rate for sample introduction (µL/min or mL/min).,Basic,Editable,Numeric (µL/min or mL/min),"e.g., '50–100 µL/min (self-aspirating PFA nebulizer)' | '200–400 µL/min (micro-flow, peristaltic)' | '1 mL/min (conventional concentric)'",Source: Solution Introduction module,2026-08-26,(none),,,~50 µl/min,50 µL/min,~100 µl/min,N,N,100 µl/min,"~80 µl/min, free aspiration",Not stated; ~6400 µl consumed over a ~16 min analysis,Peristaltic pump at 5 rpm,~0.05 mL/min,30 µl/min for Cr and for Mg,N,N,N
Acquisition Software,"Instrument control, automation and data acquisition software used to collect the raw data, including version number. Distinct from Data Processing Software(s), which covers everything applied to the data after acquisition.",Basic,Editable,Text (free),,Source: Core module,2026-08-26,(none),,,N,N,N,N,N,N,N,N,N,N,N,N,N,N
Data Processing Software(s),"All software applied to the data after acquisition in order to produce the reported quantities, including version numbers. List every package used. Distinct from Acquisition Software, which controls the instrument and collects the raw data.",Basic,Editable,Text (free),,Source: Core module,2026-08-26,(none),,,N,N,N,N,"Mathematica — ""Data were reduced using a minimization approach implemented in Mathematica""",N,"Microsoft Excel — ""Following analysis all intensity data was exported and re-processed offline using Excel""","Online processing on the instrument — ""Samples were processed on-line for W and Re interferences and instrumental mass bias""",N,N,N,N,N,N
,,,,,,,,,,,,,,,,,,,,,,,,
4. Measurement Information,,,,,,,2026-08-26,,,N,N,N,N,N,N,N,N,N,N,N,N,N,N,N
Analytical Mode,Primary analytical mode(s) executed under this procedure. Records one value for a single-mode procedure and all applicable modes for a multi-mode one. Applies even where a procedure defines no mode flag columns.,Basic,Read-Only,Controlled list,Solution nebulisation (continuous) | Flow injection,Source: Core module,2026-08-26,(none),"Serves as the procedure-level declaration of measurement type, distinct from the mode flag columns, which state per-field applicability. Ensures every procedure record is self-describing and comparable across the library.",,Solution nebulisation (continuous),Solution nebulisation (continuous),Solution nebulisation (continuous),Solution nebulisation (continuous),Solution nebulisation (continuous),Solution nebulisation (continuous),Solution nebulisation (continuous),Solution nebulisation (continuous),Solution nebulisation (continuous),Solution nebulisation (continuous),Solution nebulisation (continuous),Solution nebulisation (continuous),Solution nebulisation (continuous),Solution nebulisation (continuous)
RF Power,"Radiofrequency forward power applied to the ICP, in watts.",Basic,Editable,Numeric (W),1200 | 1250 | 1300 | 1350,Source: ICP-MS module,2026-08-26,(none),Controls ionization efficiency and oxide production rates.,,N,~1150 W,N,N,N,N,N,N,1200 W,N,"Stated qualitatively — measured ""at low radiofrequency power and sample gas inflow"" to reduce gas-based interferences",N,N,N
Coolant (Plasma) Gas Flow Rate,"Flow rate of the outer (coolant/plasma) argon gas stream that sustains the ICP plasma, in L/min.",Basic,Editable,Numeric (L/min),13–16 L/min,Source: ICP-MS module,2026-08-26,(none),Influences plasma temperature and oxide ion formation.,,N,~15 L/min Ar,N,N,N,N,N,N,16 L/min,N,N,N,N,N
Auxiliary Gas Flow Rate,"Flow rate of the intermediate (auxiliary) argon gas stream, between the torch body and the injector tube, which positions the plasma relative to the load coil, in L/min. Distinct from the outer coolant (plasma) gas and from the gas stream that carries sample into the plasma.",Basic,Editable,Numeric (L/min),0.8–1.1 L/min,Source: ICP-MS module,2026-08-26,(none),,,N,~0.8 L/min Ar,N,N,N,N,N,N,1.01 L/min,N,N,N,N,N
Nebulizer Gas Flow Rate,Flow rate of the carrier argon gas delivered through the nebulizer (L/min).,Basic,Editable,Numeric (L/min),0.8–1.1 L/min,Source: Solution Introduction module,2026-08-26,(none),Controls aerosol transport and strongly influences signal sensitivity and stability.,,N,~0.8–0.9 L/min Ar (sample gas),N,N,N,N,N,N,1.03 L/min (sample gas),N,N,N,N,N
Make-up Gas and Flow Rate,"Supplementary gas added to the sample-carrying stream between the sample introduction system and the plasma, with its identity and the procedure-registered target flow rate. Record any small nitrogen or hydrogen addition with its own flow, whose unit commonly differs from the make-up flow. Record 'None' explicitly where no supplementary gas is added, to distinguish it from not reported.",Advanced,Editable,Numeric (L/min) / Text,"e.g., '0.25 (Ar, no desolvator fitted)' | '0.85 Ar + 4 ml/min N2 (sensitivity enhancement)' | 'None'",Source: ICP-MS module,2026-08-26,(none),"Argon make-up is standard and maintains total gas delivery where the carrier flow alone is insufficient — downstream of an ablation cell, or of a desolvation system that has removed solvent load. Small nitrogen or hydrogen additions enhance sensitivity for some elements.",,N,N,"None — the Apex Ω was run ""with no auxiliary N2 flow""",N,N,N,N,N,N,N,"None — ""The samples were measured without the use of an auxiliary gas to the introduction system to reduce gas-based interferences""",N,N,N
Plasma Thermal Mode,Whether the ICP plasma is operated under cool plasma (<=900 W RF) or normal (hot) plasma (>1000 W RF) conditions. Document independently of the RF Power field.,Basic,Read-Only,Controlled list,Normal plasma | Cool plasma | N/A | None | Other: specify,Source: ICP-MS module,2026-08-26,(none),Normal plasma (>1000 W RF) is standard for solution MC-ICP-MS. Cool plasma is rarely used in MC-ICP-MS due to stability requirements for high-precision isotope ratio work.,,N,"Wet plasma — solutions ""introduced as a 'wet' aerosol (in 2% HNO3) into the ICP torch via a cyclonic spray dual chamber""; dry plasma deliberately rejected as ""not viable for bulk analysis""","Both, by mode — ""either a cyclonic glass spray chamber (wet plasma, MR-mode, Pt cones) or an ESI Apex Ω desolvating nebulizer system (dry plasma, HR-mode, Ni cones)""",N,"Dry plasma — ""Analyses were conducted in dry plasma mode using a Cetac Aridus II desolvator nebulizer""",N,N,N,N,N,N,N,"Dry plasma for K — ""all K isotope analyses were undertaken using a 'dry plasma' technique with the Elemental Scientific APEX Ω high-sensitivity desolvation system""; wet plasma for Cu and Zn via a quartz glass dual cyclonic spray chamber",N
ICP Tuning,"Description of the approach used to optimise ICP plasma conditions prior to analysis, including the reference material used for tuning and the acceptance criteria (e.g., oxide production threshold, sensitivity targets, mass calibration).",Advanced,Editable,Text (free),"e.g., 'Daily tune on the bracketing standard at run concentration; optimised for maximum intensity and peak flatness with UO+/U+ <0.5%' | 'Tuned on 100 ng/ml Nd; oxide production monitored on CeO+/Ce+'",Source: ICP-MS module,2026-08-26,(none),,,N,N,N,N,N,N,"""At the start of each analytical session the Neptune was tuned for maximum sensitivity and optimal peak shape using an Os solution, either the UMd or DTM RMs, and the mass calibration was updated by peak-centering on the centre-cup mass 187Os""",N,N,"""Tuning was performed to minimize interferences of 40Ar2 16O+ and 40Ar2 14N+ on 96Zr+ and 94Zr+ and with it the on-peak background corrections""","Measured ""at low radiofrequency power and sample gas inflow"" deliberately, to reduce gas-based interferences",N,N,N
Instrument Warm-up / Session Duration Limit,"Minimum warm-up time required after plasma ignition before analyses begin, and any maximum session duration enforced to maintain stable operating conditions.",Advanced,Read-Only,Text (free),"e.g., '>=1 h warm-up after plasma ignition; sessions <=12 h' | '30 min warm-up; no session duration limit'",Source: ICP-MS module,2026-08-26,(none),,,N,N,N,N,N,N,"""Instrument electronic baselines and amplifier gains were then measured ... while the Neptune was allowed to warm up for half an hour""",N,N,N,N,N,N,N
Instrument Sensitivity,"Instrument sensitivity achieved in the session, with the isotope or channel it was measured on and the conditions it applies to. May be expressed either as detected signal per unit concentration or per unit mass of analyte delivered — counts per second per ppb, volts per ppm, counts per picogram — or as useful yield, the percentage of sampled atoms ultimately detected as ions, with the method used to derive it cited. A sensitivity the procedure requires before analyses may begin belongs with the tuning acceptance criteria.",N/A,Advanced,Numeric + unit / Text,"e.g., '572 V/ppm total Zr' | '~2.5 x 10^6 cps/ppb on 115In' | '0.04 count pg-1 ml (111Cd)' | '0.1% useful yield' | 'N/A'",Source: ICP-MS module,2026-08-26,channel,"Useful yield is the more comparable of the two wherever the amount of material consumed varies between procedures, as it does with spot size, fluence and repetition rate.",,~1.3 x 10^-10 A total ion beam for a ~100 ppb Mo solution at ~50 µl/min uptake,N,"Typical 56Fe+ intensities 1.4 nA (wet plasma, MR) to 2 nA (dry plasma, HR)","3.5–10 V for the most abundant isotope at 15–25 ppb (10 V for 140Ce, 4 V for 142Nd, 3.5 V for 152Sm)","""The average instrumental sensitivity using this setup was around 572 V/ppm of total Zr""",~1–1.5 V for 85Rb at 15–25 ppb in low resolution,"""The sensitivity for Os with this set-up was approximately 50 V for a 1 µg ml-1 Os solution at a free-aspiration rate of around 80 µl min-1""",N,N,Total Zr ion beams 3.5–13 V at 30 ppb,Typical Mg signal intensities 80–90 V,N,N,N
Analyte,"The chemical species this procedure is designed to determine, recorded at whatever resolution the chemistry is resolved — element(s) for this technique; valence species where a procedure resolves oxidation state; compounds where it resolves molecules. Isotopes are not analytes: isotopes of an element are the same chemical species. The subset actually measured may be narrower than the registered suite where species were excluded due to interferences or scope reduction.",Basic,Editable,Text (free),,Source: Analyte module,2026-08-26,defines: analyte,,,Mo (and Ba by TIMS),S,Fe,"The rare earth elements — La, Ce, Nd, Sm, Eu, Gd, Dy, Er, Yb and Y",Zr,Rb,Os,Os,Rb,Zr,"Fe, Cr and Mg",K,"K, Cu and Zn",Ti
Reported Variables and Units,"The final variable(s) this procedure reports and their units — distinct from the fields recording what was *acquired* rather than what is reported. Record every reported variable, including intermediate quantities reported alongside final ones (e.g. both the 206Pb/238U ratio and the 206Pb/238U date). Where a reported variable is a nominal property with no magnitude (e.g. a mineral identification), record the variable and give the unit as 'N/A — nominal property'.",Basic,Read-Only,Text (free),"e.g., 'Element concentration (ppm); oxide (wt%)' | 'd56Fe (permil vs IRMM-014); d57Fe (permil vs IRMM-014)' | '206Pb/238U date (Ma); 207Pb/206Pb date (Ma)' | 'Mineral identity (N/A — nominal property); match score (0-1)'",Source: Core module,2026-08-26,defines: reported property,A procedure may acquire many channels and report a small number of derived quantities; without this field a data consumer cannot tell which.,,"εiMo relative to the Alfa Aesar solution standard, εiMo = [(iMo/96Mo)sample/(iMo/96Mo)standard − 1] x 10^4",δ34S and δ33S in permil vs V-CDT,µ-notation Fe isotope ratios relative to IRMM-524a,"Mass-dependent REE isotopic fractionation relative to the OL-REE standards, in delta notation","δ9x/90ZrNIST in permil — δ91/90Zr, δ92/90Zr, δ94/90Zr and δ96/90Zr",δ87Rb in permil relative to NIST SRM984,"187Os/188Os, 186Os/188Os and 184Os/188Os ratios","187Os/188Os, 186Os/188Os and 184Os/188Os ratios",δ87Rb in permil = [(87Rb/85Rb)sample/(87Rb/85Rb)standard − 1] x 1000,"ε91Zr, ε92Zr and ε96Zr relative to NIST SRM 3169","µ-notation Fe relative to IRMM-014, Cr relative to SRM979, Mg relative to DTS-2b",δ41K in permil relative to NIST SRM 3141a,"δ41K, δ65Cu and δ66Zn in permil, each defined explicitly against its bracketing standard",ε50Ti
Collector Configuration,"Assignment of isotope masses to Faraday cup or ion counter detector positions for this procedure, and the analyte each position serves. Lists the mass number monitored in each collector position with its analyte element where it has one — e.g. 'L3=116Sn (Sn); L2=117Sn (Sn); Ax=120Sn (Sn); H1=121Sb (interference monitor, no analyte)'. Interference-monitor and internal-standard positions serve no analyte and carry no parent element; the analyte list itself is given by the Analyte field and is never inferred from the mass labels here. For static multi-collection procedures, one configuration applies throughout the measurement. For multi-dynamic procedures, list all configurations and the cycling sequence.",Basic,Read-Only,Text (free),,Source: MC-ICP-MS module,2026-08-26,defines: channel per analyte,Different element systems require different mass assignments within the collector array span.,,N,"32S(L3), 33S(C), 34S(H3)","54Fe, 56Fe, 57Fe, 58Fe in static mode, with 53Cr and 60Ni monitored simultaneously",Static mode for most REEs; a subconfiguration for Dy and Yb to monitor isobaric interferences,"Masses 90, 91, 92, 93, 94, 95, 96 and 98 ""measured in static mode at 0.5 amu spacing in the Nu Plasma II collector block""","85Rb, 87Rb+87Sr and 88Sr on three collectors, 88Sr on H1","L4=182W, L3=184Os, L2=185Re, L1=186Os, Ax=187Os, H1=188Os, H2=189Os, H3=190Os, H4=192Os, with 184W, 186W and 187Re as interference monitors",Two-sequence static multi-collection,"L2=84Sr, L1=85Rb, C=86Sr, H1=87Rb+87Sr, H2=88Sr",90Zr–96Zr and 95Mo on 10^11 Ω cups; 99Ru and 101Ru on 10^12 Ω cups,"49Ti, 51V, 56Fe alongside 50Cr, 52Cr, 53Cr, 54Cr; 24Mg, 25Mg, 26Mg",N,N,"""Titanium isotopes were collected in two cup configurations"""
Number of Blocks per Measurement,"Number of measurement blocks acquired per sample or standard solution introduction. In MC-ICP-MS, data are structured as blocks of cycles; each block typically begins with a baseline (on-peak zero) measurement before the analytical cycles. Adjust for samples with low signal or where higher precision is required.",Basic,Editable,Integer,1 | 2 | 3 | 5,Source: MC-ICP-MS module,2026-08-26,(none),Multiple blocks per sample allow inspection of signal stability and within-measurement drift.,,N,N,N,N,N,A single block,9 blocks,1 block,Blocks of 20 cycles,N,N,N,N,N
Number of Cycles per Block,Number of measurement cycles acquired per block. One cycle corresponds to a single set of simultaneous Faraday cup readings integrated for the duration specified in Integration Time per Cycle. Total integration time per sample = (Number of Cycles per Block) × (Integration Time per Cycle) × (Number of Blocks per Measurement).,Basic,Editable,Integer,25 | 40 | 50 | 80,Source: MC-ICP-MS module,2026-08-26,(none),,,"100 isotope ratio measurements, preceded by 40 baseline integrations",20 cycles,25 (HR) or 50 (MR) cycles,40 cycles in the main configuration; the subconfiguration measured twice,50 cycles,25 cycles,5 cycles per block,50 cycles,20 cycles,60 ratios,Fe 200 cycles; Cr 100 cycles; Mg 100 cycles,"""Each sample was measured approximately 20 times""",N,40 cycles
Integration Time per Cycle,"Duration of signal integration per measurement cycle (seconds). Where different isotope channels use different integration schemes, record the time for each channel.",Basic,Editable,Numeric (s),4.194 s | 8 s | 10 s | 16.8 s,Source: MC-ICP-MS module,2026-08-26,channel,"Determines counting statistics per cycle. Longer integration times improve shot-noise precision but increase the impact of signal drift within the integration window. For high-gain (10¹² or 10¹³ Ω) amplifier channels, longer integration times are often required to accumulate sufficient charge.",,8.4 s,8.5 s,8.369 s,4.142 s in the subconfiguration,5 s,4.194 s,4 s,8 s for sequence 1 and 4 s for sequence 2,8.389 s,4.2 s,Fe 8.3 s; Cr 8.3 s; Mg 16.7 s,N,N,4 s
Baseline Measurement Approach,"Method and timing for measuring the ion beam baseline (on-peak zero) during acquisition, and the portion of the acquisition it is taken from. Three approaches are in use: deflecting the ion beam (beam-off or electrostatic deflector); aspirating an acid blank; or collecting a defined number of laser-off cycles at the start of the same block. State which, and how many cycles or how long.",Basic,Read-Only,Text (free),Beam deflector on-peak zero; 1 baseline block of 1 cycle (4.194 s) per measurement block | On-peak zero measured before each sample by aspirating 0.3 M HNO3 for 10 cycles | N/A | None | Other: specify,Source: MC-ICP-MS module,2026-08-26,(none),"The choice depends on how sample reaches the plasma — an acid blank applies only to solution introduction, and for laser ablation no blank can be aspirated mid-ablation.",,40 on-peak-zero baseline integrations of 8.4 s preceding each measurement,N,"""On peak zero intensities from a blank solution measured at the beginning of each sequence were subtracted from all individual measurements""",N,"""On-peak-zero correction was done using the mean acid blank intensities before data processing to account for blank contribution as well as any 'memory' effects from the Aridus II sample introduction system during the run""",N,"Electronic baselines ""measured, on peak with the line of sight valve closed""; peak centering and baselines ""were not carried out at the start of each analysis to reduce measurement time and conserve sample but were repeated several times during an analytical session""",N,N,"Both: ""Electronic baselines were measured for 30 s prior to each analysis. An on-peak background correction was performed.""",On-peak baseline — Fe 25 x 16.7 s; Cr 75 s; Mg 25 x 16.7 s,N,N,N
Wash Time Between Samples,Duration of instrument rinse between successive sample solutions (seconds).,Basic,Read-Only,Numeric (s),120 | 180 | 210 | 300,Source: Solution Introduction module,2026-08-26,(none),"Controls carryover and memory effects. For isotope-ratio work, complete washout is critical to prevent cross-contamination between samples with differing isotopic compositions.",,N,2 min for solution work (4 min for laser),210 s,300 s rinsing between bracketed measurements,N,"60 s wash in 0.45 M HNO3, with a 90 s take-up time","""Teflon-distilled (TD) 3 or 5 mol/l HCl acid was aspirated between analyses until the 192Os beam decreased to acceptable background levels""; not required in single-RM sessions",TD 3 mol/l HCl aspirated between analyses until the Os beam decreased to acceptable background levels,N,N,N,N,N,N
Analysis Sequence,"The repeating order in which calibration or bracketing standards, quality-control and secondary reference materials, blanks and unknowns are interleaved within a measurement session. Adjustments must maintain the bracketing strategy defined in the procedure.",Basic,Editable,Text (free),"SSB: sample bracketed by two standards (Std1–Sample–Std2) | Double-spike: spiked standards bracketing spiked samples | SSB + secondary RM every 5 samples | N/A | None | Other: specify | For SSB procedures, each sample is bracketed by two standards (standard–sample–standard); the bracketing standard is the same isotopic material as the zero-delta reference.",Source: ICP-MS module,2026-08-27,(none),,,"Bracketing runs of the Alfa Aesar solution standard; BHVO-2 digestions ""analyzed together with each set of samples""",N,"""Sample analyses were bracketed by measurements of the reference material IRMM-524a""","Standard-sample bracketing — ""On average, LREEs were measured nine times bracketed by OL-REE isotope standard spaced apart by 300-s rinsing time""","""Each sample measurement was individually bracketed by measurements of the ZrNIST solution spiked at the same level as our samples and matched in concentration (60 ng/g) as well as acid matrix""; each measurement preceded by an acid blank",Standard-sample bracketing,N,N,"Standard-sample bracketing; an external pure Rb ICP-MS solution ""analyzed as an external standard during each analytical session to monitor the reproducibility""","Standard sample bracketing against NIST SRM 3169; ""The Zr standard material NIST SRM 3169 was analyzed in each session""","Standard-sample bracketing, ""ten individual standard-bracketed sample analyses"" per reported value",Standard-sample bracketing against NIST SRM 3141a; BHVO-2 measured alongside the samples,"Standard-sample bracketing for all analyses; BHVO-2 ""analysed alongside all sample analyses""",N
Collision Gas Type,"Type of collision gas introduced into the collision/reaction cell in KED mode. Helium (He) is the standard collision gas for kinetic energy discrimination, being low in mass and chemically inert. Record 'None' if the cell is in STD mode, and 'N/A' where Collision/Reaction Cell (CRC) Configuration does not include KED or the instrument has no cell.",Basic,Read-Only,Controlled list / Text,He | H2 | He+H2 | N/A | None,Source: collision/reaction cell module,2026-08-27,channel,,,N,N,N,N,N,N,N,N,N,N,N,N,N,N
Collision Gas Flow Rate,"Flow rate of the collision gas, typically He, introduced into the collision/reaction cell in KED mode, in mL/min. Controls the degree of ion thermalization and KED efficiency; higher flow rates give greater interference suppression at the cost of analyte sensitivity. Record 'None' if the cell is in STD mode, and 'N/A' where Collision/Reaction Cell (CRC) Configuration does not include KED or the instrument has no cell.",Basic,Editable,Numeric (mL/min),0.5 | 4.5 | 5.2 | N/A,Source: collision/reaction cell module,2026-08-27,(none),,,N,N,N,N,N,N,N,N,N,N,N,N,N,N
Cell Exit Discrimination Voltage,"Bias voltage applied at the collision/reaction cell exit to discriminate between analyte ions and low-energy polyatomic interferences in KED mode, in volts (V). A negative bias preferentially retards slow polyatomic ions while transmitting faster analyte ions, controlling the degree of polyatomic suppression. Record 'None' if the cell is in STD mode, and 'N/A' where Collision/Reaction Cell (CRC) Configuration does not include KED or the instrument has no cell.",Basic,Editable,Numeric (V),−2 | −5 | N/A,Source: collision/reaction cell module,2026-08-27,(none),,,N,N,N,N,N,N,N,N,N,N,N,N,N,N
Reaction Gas Type,"Type of reactive gas introduced into the dynamic reaction cell (DRC) for interference removal through ion-molecule reactions. Common reaction gases include NH₃ (e.g., for Fe, Ca, K isotopes), O₂ (e.g., for As, Ge) and CH₄. Record 'None' if DRC mode is not used, and 'N/A' where Collision/Reaction Cell (CRC) Configuration does not include DRC or the instrument has no cell.",Advanced,Read-Only,Controlled list / Text,NH3 | O2 | CH4 | N/A | None,Source: collision/reaction cell module,2026-08-27,channel,,,N,N,N,N,N,N,N,N,N,N,N,N,N,N
Reaction Gas Flow Rate,"Flow rate of the reactive gas introduced into the dynamic reaction cell (DRC), in mL/min. Record 'None' if DRC mode is not used, and 'N/A' where Collision/Reaction Cell (CRC) Configuration does not include DRC or the instrument has no cell.",Advanced,Editable,Numeric (mL/min),N/A,Source: collision/reaction cell module,2026-08-27,(none),,,N,N,N,N,N,N,N,N,N,N,N,N,N,N
Internal Standard Element,"Element(s) used as the internal standard, the monitored isotope, and how the internal-standard concentration was established for unknowns. Where the element serves isotope-ratio work it must have a known isotopic composition and a mass close to the analyte's. Record 'None' together with the alternative used where no internal standard is applied.",Basic,Read-Only,Text (free),Cu (65Cu/63Cu for Fe procedures) | Ni (62Ni/58Ni for Fe procedures) | Tl (205Tl/203Tl for Pb procedures) | Cd (113Cd/111Cd for Sb procedures) | None | N/A | Other: specify,Source: ICP-MS module,2026-08-26,(none),,,"N/A — mass bias corrected by standard-sample bracketing, internal normalization or a double spike rather than by an added internal standard element","N/A — mass bias corrected by standard-sample bracketing, internal normalization or a double spike rather than by an added internal standard element","N/A — mass bias corrected by standard-sample bracketing, internal normalization or a double spike rather than by an added internal standard element","N/A — mass bias corrected by standard-sample bracketing, internal normalization or a double spike rather than by an added internal standard element","N/A — mass bias corrected by standard-sample bracketing, internal normalization or a double spike rather than by an added internal standard element","N/A — mass bias corrected by standard-sample bracketing, internal normalization or a double spike rather than by an added internal standard element","N/A — mass bias corrected by standard-sample bracketing, internal normalization or a double spike rather than by an added internal standard element","N/A — mass bias corrected by standard-sample bracketing, internal normalization or a double spike rather than by an added internal standard element","N/A — mass bias corrected by standard-sample bracketing, internal normalization or a double spike rather than by an added internal standard element","N/A — mass bias corrected by standard-sample bracketing, internal normalization or a double spike rather than by an added internal standard element","N/A — mass bias corrected by standard-sample bracketing, internal normalization or a double spike rather than by an added internal standard element","N/A — mass bias corrected by standard-sample bracketing, internal normalization or a double spike rather than by an added internal standard element","N/A — mass bias corrected by standard-sample bracketing, internal normalization or a double spike rather than by an added internal standard element","N/A — mass bias corrected by standard-sample bracketing, internal normalization or a double spike rather than by an added internal standard element"
Internal Standard Concentration,Target concentration of internal standard element(s) in all measured solutions (µg/L or ppb). Record 'N/A' where Internal Standard Element is 'None'.,Advanced,Read-Only,Numeric (µg/L),"e.g., '5 µg/L In' | '10 µg/L Rh' | '1–10 µg/L (In, Rh, Re multi-element)' | '20 µg/L (high-dilution runs)'",Source: Solution Introduction module,2026-08-26,(none),,,N/A — no added internal standard element,N/A — no added internal standard element,N/A — no added internal standard element,N/A — no added internal standard element,N/A — no added internal standard element,N/A — no added internal standard element,N/A — no added internal standard element,N/A — no added internal standard element,N/A — no added internal standard element,N/A — no added internal standard element,N/A — no added internal standard element,N/A — no added internal standard element,N/A — no added internal standard element,N/A — no added internal standard element
Oxide Production Method and Threshold,"Method used to quantify plasma oxide production and the acceptance threshold applied before commencing analysis. Record both the monitored mass ratio(s) and the maximum allowed threshold(s). Measured values are recorded in Oxide Production. The monitored ratio is procedure-dependent: ThO+/Th+ (m/z 248/232), UO+/U+ (254/238), CeO+/Ce+ (156/140) and BaO+/Ba+ are all in use.",Basic,Read-Only,Text (free),CeO+/Ce+ (m/z 156/140) < 0.5% | CeO+/Ce+ < 0.3%; BaO+/Ba+ (m/z 154/138) < 0.1% | N/A | None | Other: specify,Source: ICP-MS module,2026-08-26,(none),"Stricter oxide thresholds may be required for analytes sensitive to oxide interferences (e.g., BaO+ on REE isotopes).",,N,N,N,N,N,N,N,N,N,Argide and Ar-Ar-oxide interferences on 94Zr and 96Zr minimised by tuning; no numeric threshold stated,N,N,N,N
Oxide Production,"Measured oxide production ratio obtained during session-start tuning, for the proxy specified in Oxide Production Method and Threshold. Record the measured value and confirm whether the procedure threshold was met.",N/A,Basic,Text (free),CeO+/Ce+ = 0.3% (threshold < 0.5% met) | BaO+/Ba+ = 0.07% (threshold < 0.1% met),Source: ICP-MS module,2026-08-26,(none),,,N,N,N,N,N,N,N,N,N,N,N,N,N,N
Peak Flatness Method and Threshold,"Method used to verify that every collector sits on a flat region of its peak top simultaneously, and the acceptance threshold applied before analysis begins. Typically assessed by scanning across the peak plateau, or by comparing ratios measured at slightly offset mass positions.",Basic,Read-Only,Text (free),,Source: MC-ICP-MS module,2026-08-26,(none),"Specific to simultaneous collection: a sequential instrument centres one mass at a time, whereas a multi-collector array must have all cups on flat peak tops at once or the measured ratio carries a peak-shape bias that no downstream correction removes.",,N,N,"Measurements made ""on the flat-topped peak shoulder"" in MR or HR mode; no numeric threshold stated",N,N,N,"Tuned for ""optimal peak shape""; mass calibration updated by peak-centering on the centre-cup mass 187Os. No numeric threshold stated",N,N,N,N,"Measurements taken ""on the left 'shoulder' of the peak""; no numeric threshold stated",N,N
Peak Flatness,"Peak flatness actually achieved in the session, assessed against the criterion registered by the procedure.",N/A,Basic,Text (free),,Source: MC-ICP-MS module,2026-08-26,(none),"Companion measured value to Peak Flatness Method and Threshold, following the criterion-versus-measurement split used for Oxide Production.",,N,N,N,N,N,N,N,N,N,N,N,N,N,N
Ion Counter Dead Time,"Dead time of each ion-counting detector channel, used in the dead-time correction applied to high count rates. Distinct from pulse/analog cross-calibration, which relates the two detector modes rather than correcting counting losses within the pulse-counting mode.",Basic,Editable,Numeric (ns),"e.g., '23 ns (SEM behind L4)' | '20 ns each on the four ion counters' | 'N/A (Faraday cups only)'",Source: ICP-MS module,2026-08-26,channel,,,N,N,N,N,N,N,N,N,N,N,N,N,N,N
,,,,,,,,,,,,,,,,,,,,,,,,
5. Data Processing,,,,,,,2026-08-26,,,N,N,N,N,N,N,N,N,N,N,N,N,N,N,N
Mass Bias Correction Strategy,"Primary strategy used to correct for instrumental isotopic mass fractionation. In solution MC-ICP-MS, instrumental mass bias is typically 3–5%/amu and must be corrected before isotope ratios can be interpreted geochemically. Four main strategies: (1) Sample-standard bracketing (SSB): alternating sample and isotopic standard measurements; bias interpolated linearly between bracketing measurements. (2) Double-spike: a mixture of two enriched isotopes of the analyte element added before digestion provides an internal monitor of both instrumental and chemical mass fractionation. (3) Internal normalization: an element of known isotopic composition added to samples and standards; measured ratio of normalizing element used to calculate the mass bias factor applied to analyte ratios. (4) SSB + internal normalization: both strategies applied simultaneously for redundant bias correction.",Basic,Read-Only,Text (free),SSB | Double-spike | Internal normalization | SSB + internal normalization | N/A | None | Other: specify,,2026-08-26,(none),,,"Internal normalization to 98Mo/96Mo = 1.453173 using the exponential law, plus bracketing against the Alfa Aesar standard",Standard-sample bracketing against matrix-matched purified S solutions,"Internal normalization to 57Fe/56Fe = 0.023095 or 57Fe/54Fe = 0.362549 using the exponential law, with IRMM-524a bracketing","Standard-sample bracketing against OL-REE standards — ""SSB is advantageous over the double-spike approach because one can distinguish mass-dependent fractionation from isotopic anomalies""","91Zr-96Zr double spike inversion, with ZrNIST bracketing after inversion",Standard-sample bracketing against NIST SRM984,Instrumental mass bias correction applied offline in Excel alongside abundance sensitivity and W/Re interference corrections,"""Samples were processed on-line for W and Re interferences and instrumental mass bias""","""Measurements were made using standard-sample bracketing to correct for instrumental mass bias""",Internal normalization to 94Zr/90Zr = 0.3381 using the exponential law; an initial Mo correction uses a mass bias relative to 91Zr/90Zr = 0.21798; results reported by standard sample bracketing to NIST SRM 3169,Standard-sample bracketing,Standard-sample bracketing against NIST SRM 3141a,"""To correct for instrument mass bias, the sample–standard bracketing technique was used for all analyses""",Standard-sample bracketing
Mass Fractionation Law,"Mathematical law used to parameterize instrumental isotope mass fractionation as a function of mass difference. The linear law assumes fractionation proportional to mass difference. The power law is an alternative formulation. For double-spike procedures, the law is embedded in the inversion algorithm and must be consistent between spike calibration and sample data reduction.",Basic,Read-Only,Controlled list,Exponential | Linear | Power | N/A | None | Other: specify,Source: MC-ICP-MS module,2026-08-26,(none),The exponential law (Maréchal et al. 1999) is most widely used and theoretically best justified for MC-ICP-MS.,,Exponential law,N,Exponential law,N,Power-law form used in the double-spike inversion equation,N,N,N,N,Exponential law,N,N,N,N
Double-Spike Isotope Pair,The pair of enriched isotopes used to construct the double spike. Both isotopes must be naturally rare and free from isobaric interferences. The double spike composition must be accurately calibrated before use. Specify both isotope masses and the spike certificate or calibration reference. Record 'N/A' where the procedure does not use a double spike.,Basic,Read-Only,Text (free),233U–236U (IRMM-3636) | 117Sn–122Sn (in-house calibrated) | 57Fe–58Fe | 61Ni–62Ni | 204Pb–207Pb | N/A | None | Other: specify,Source: MC-ICP-MS module,2026-08-26,(none),The pair is chosen to minimise error magnification in the inversion.,,N/A — no double spike used,N/A — no double spike used,N/A — no double spike used,N/A — no double spike used,91Zr-96Zr,N/A — no double spike used,N/A — no double spike used,N/A — no double spike used,N/A — no double spike used,N/A — no double spike used,N/A — no double spike used,N/A — no double spike used,N/A — no double spike used,N/A — no double spike used
Double-Spike Mixing Ratio,"Target proportion of double-spike signal relative to total analyte signal in the spiked mixture, expressed as spike fraction (0–1) or spike:sample ratio. The optimum is analyte-system specific and is typically determined using the Double Spike Toolbox or equivalent. The achieved mixing ratio may deviate from the target within acceptable bounds (typically ±20% of optimal); the double-spike inversion corrects for actual mixing ratios. Record 'N/A' where the procedure does not use a double spike.",Advanced,Editable,Text (free),~0.40 (spike fraction; optimal for 117Sn–122Sn) | ~0.5 spike:sample | N/A | None,Source: MC-ICP-MS module,2026-08-26,(none),An optimal mixing ratio minimises error propagation through the double-spike inversion.,,N/A — no double spike used,N/A — no double spike used,N/A — no double spike used,N/A — no double spike used,"0.43:0.57 spike-to-sample Zr mass ratio, described as optimal",N/A — no double spike used,N/A — no double spike used,N/A — no double spike used,N/A — no double spike used,N/A — no double spike used,N/A — no double spike used,N/A — no double spike used,N/A — no double spike used,N/A — no double spike used
Double-Spike Inversion Algorithm,"Mathematical algorithm used to simultaneously solve for the true sample isotope ratio and the mass fractionation factor from the measured spike-sample mixture. Common implementations: iterative Newton-Raphson solution, matrix algebraic approach, or published software (e.g., Rudge et al. 2009 Double Spike Toolbox). Specify the algorithm or software reference and version. Record 'N/A' where the procedure does not use a double spike.",Basic,Read-Only,Text (free),Rudge et al. (2009) Double Spike Toolbox | Iterative Newton-Raphson (Compston & Oversby 1969) | In-house spreadsheet implementing exponential-law inversion | N/A | None | Other: specify,Source: MC-ICP-MS module,2026-08-26,(none),,,N/A — no double spike used,N/A — no double spike used,N/A — no double spike used,N/A — no double spike used,"""a minimization approach implemented in Mathematica, taking into account all ratios (i.e., 91/90Zr, 92/90Zr, 94/90Zr, and 96/90Zr) with different weighs being assigned to each based on their associated uncertainty"", cross-checked against two exact three-ratio solutions",N/A — no double spike used,N/A — no double spike used,N/A — no double spike used,N/A — no double spike used,N/A — no double spike used,N/A — no double spike used,N/A — no double spike used,N/A — no double spike used,N/A — no double spike used
Internal Normalization Element and Isotope Ratio,"Element and isotope ratio used as the internal normalization standard for mass bias correction. Specify the element, the monitored isotope ratio (e.g., 113Cd/111Cd for Sb measurements), and the certified or consensus value used for correction. Record 'N/A' where the procedure does not use internal normalization.",Basic,Read-Only,Text (free),60Ni/58Ni = 0.38579 (from IUPAC 2021) for Fe-Ni doping | 65Cu/63Cu = 0.44561 for Fe-Cu doping | 113Cd/111Cd = 0.95542 (Abouchami et al. 2012) for Sb | 205Tl/203Tl = 2.38714 for Pb | N/A | None | Other: specify,Source: MC-ICP-MS module,2026-08-26,(none),"The measured ratio of the normalizing element is used to calculate the mass bias factor β using the chosen mass fractionation law, which is then applied to correct the analyte isotope ratios assuming β_norm ≈ β_analyte.",,98Mo/96Mo = 1.453173,N,"57Fe/56Fe = 0.023095 or 57Fe/54Fe = 0.362549, the certified ratios of IRMM-014",N,N,"N/A — Rb has two stable isotopes, so internal normalization is not possible; bracketing used instead",N,N,N/A — Rb has two stable isotopes; bracketing used instead,94Zr/90Zr = 0.3381 (Minster & Ricard 1981),N,N,N,N
Isotope Ratio Reported,"Specific isotope ratio pair(s) reported as primary data output. The denominator isotope is typically the reference mass used in the delta notation (e.g., 54Fe for Fe isotopes, 235U for U isotopes). Report all ratio pairs routinely calculated and reported.",Basic,Read-Only,Text (free),56Fe/54Fe and 57Fe/54Fe | 238U/235U | 122Sn/118Sn | 123Sb/121Sb | 206Pb/204Pb; 207Pb/204Pb; 208Pb/204Pb | N/A | None | Other: specify,,2026-08-26,reported property,,,iMo/96Mo,34S/32S and 33S/32S,Fe isotope ratios relative to IRMM-524a,N,"91/90Zr, 92/90Zr, 94/90Zr, 96/90Zr",87Rb/85Rb,"187Os/188Os, 186Os/188Os, 184Os/188Os","187Os/188Os, 186Os/188Os, 184Os/188Os",87Rb/85Rb,"91Zr/90Zr, 92Zr/90Zr, 96Zr/90Zr",N,N,"41K/39K, 65Cu/63Cu, 66Zn/64Zn",50Ti
delta or epsilon Value Reference Standard,"International or community-accepted isotopic reference standard used as the zero-delta anchor for expressing isotopic compositions in delta (δ, per mil) or epsilon (ε, per ten thousand) notation: δⁱX = [(ⁱX/ʲX)sample / (ⁱX/ʲX)reference − 1] × 1000‰. The reporting reference is a per-study or per-publication decision and is specified at analysis level. Specify the standard name, lot or batch number where applicable, and the certified or consensus isotope ratio used for normalization.",N/A,Basic,Text (free),IRMM-014 (Fe; Taylor et al. 1992) | CRM-112a / SRM-960 (U) | NIST SRM 981 (Pb) | NIST SRM 3102a (Sb) | Sn_IPGP (in-house Sn standard) | JMC Lyon (Zn) | N/A | None | Other: specify,,2026-08-26,analyte,,,Alfa Aesar solution standard,"V-CDT scale via IAEA-S-1, S-2, S-4 and NBS-123","IRMM-524a, ""that has an identical isotopic composition to IRMM-014""","OL-REE series, prepared in-house from high-purity ESPI oxide powder",ZrNIST,NIST SRM984,N,N,NIST SRM984 RbCl; the basalt geostandard BCR-2 used as an alternative bracketing standard in some sessions,NIST SRM 3169,"IRMM-014 (Fe), SRM979 (Cr), DTS-2b (Mg)",NIST SRM 3141a,"NIST-SRM 3141a (K), NIST-SRM 976 (Cu), JMC-Lyon (Zn)",N
Per-Analyte Calibration Strategy,"Approach used to convert measured ion signals to reported concentrations, and specifically any case where different analytes or analyte groups within one procedure are calibrated differently - different primary standards for different mass ranges or phases, or one element serving as internal standard while others are externally calibrated. Where a single strategy applies to all analytes, record that strategy. Where the procedure reports isotope ratios only and no concentrations, record 'Not applicable (isotope ratios only)'.",Basic,Read-Only,Text (free),"Not applicable (isotope ratios only) | Isotope dilution via double-spike inversion (concentrations co-determined with isotope ratios) | IUPAC isotope dilution equations (separate ID spike) | N/A | None | Other: specify | For procedures producing isotope ratios only (no concentration output), record 'Not applicable (isotope ratios only)'. | For double-spike procedures that simultaneously yield concentrations, record the ID calculation approach.",Source: ICP-MS module,2026-08-26,analyte,,,N,N,N,"One OL-REE series standard per REE, with separate cup configurations for Dy and Yb",N,N,N,N,N,N,"One bracketing standard per analyte — IRMM-014 for Fe, SRM979 for Cr, DTS-2b for Mg",N,"One bracketing standard per analyte — NIST-SRM 3141a for K, NIST-SRM 976 for Cu, JMC-Lyon for Zn; run concentrations also differ by analyte (200 ppb for K and Zn, 100 ppb for Cu)",N
Signal Integration Interval Method,"Method used to define which portion of the acquired signal is integrated for each reported measurement, and the rule for excluding unstable or anomalous portions. State whether the interval is the full acquisition, a stable sub-interval selected by inspection, or selected by an automated criterion, and name the criterion.",Basic,Read-Only,Controlled list / Text,Full acquisition | Stable interval selected by inspection | Automated threshold | Automated outlier rejection | Fixed time window | N/A | None,Source: ICP-MS module,2026-08-26,(none),,,N,N,N,N,N,N,N,N,N,N,N,N,N,N
Signal Integration Time,"The integration time actually used for the reported signal, in seconds - the time retained after the signal-integration interval has been applied, and therefore equal to or shorter than the total acquisition. Where the procedure computes it from an acquisition structure, record that basis.",N/A,Basic,Numeric (s),Calculated from blocks × cycles per block × integration time per cycle.,Source: ICP-MS module,2026-08-26,(none),,,N,N,N,N,N,N,N,N,N,N,N,N,N,N
Blank / Background Correction Method,"Method used to subtract background and, where relevant, procedural blank from the measured signal. State what is subtracted - instrument background acquired with no sample reaching the plasma, an on-peak zero acquired on the same matrix, or a separately measured procedural blank - over what interval it is measured, and at what granularity it is applied.",Basic,Read-Only,Controlled list / Text,Gas blank | On-peak zero | Solution blank | Procedural blank | On-peak zero + procedural blank | N/A | None,Source: ICP-MS module,2026-08-26,(none),"For isotope ratio procedures where procedural blank is minor relative to the sample signal, on-peak zero is often sufficient.",,On-peak-zero baseline integrations subtracted,N,On-peak zero from a blank solution subtracted from all measurements,N,On-peak-zero correction using mean acid blank intensities,N,"Corrections applied offline for abundance sensitivity, W and Re atomic interferences and instrumental mass bias",N,N,"""An on-peak background correction was performed""; background corrections averaged 0.3, 2 and 98 ppm for 91Zr/90Zr, 92Zr/90Zr and 96Zr/90Zr",On-peak baseline measurement preceding each analysis,N,N,N
Spike / Outlier Filtering Approach,"Criteria used to identify and exclude anomalous data - signal spikes, individual cycles, or whole replicate measurements - before the reported value is calculated. State where in the reduction sequence the filter is applied.",Advanced,Editable,Text (free),2σ exclusion on per-cycle ratios | Grubbs test | Visual inspection | None | N/A | Other: specify,Source: ICP-MS module,2026-08-26,(none),,,N,N,N,N,N,N,N,N,"""any ratio outside 2σ was discarded""",N,N,N,N,N
Isobaric Interference Corrections Applied,"Whether mathematical corrections for isobaric, polyatomic or residual interferences are applied in data reduction, supplementary to any suppression already achieved by chemical separation, mass resolution, or a collision/reaction cell. Detail for each affected mass is carried by Interfering Species and Interference Correction Method.",Basic,Read-Only,Controlled list / Text,Yes | No | N/A | None,Source: ICP-MS module,2026-08-26,(none),"In solution MC-ICP-MS, chemical separation is the primary interference mitigation; mathematical corrections address residual contributions.",,Yes — Zr and Ru on Mo masses,Yes — the paper is built around correcting isobaric interferences and mass bias for S,"Yes — 54Cr on 54Fe and 58Ni on 58Fe, plus argide molecular interferences","Yes — Er on Dy, and neighbouring-element isotopes generally",Yes — Mo on Zr,Yes — 87Sr on 87Rb,Yes — W and Re on Os,Yes — W and Re on Os,"Yes — 87Sr on 87Rb, Sr isotopes monitored","Yes — Mo and Ru on Zr, plus Fe- and Cr-argides and Ar-Ar-oxides","Yes — 49Ti, 51V and 56Fe monitored to correct interferences on Cr","Yes — 40Ar1H+ on 41K+, resolved by peak-shoulder measurement","Yes — ArH+ on K, lowered by dry plasma and a high-resolution slit",N
Interfering Species,"The isobaric, polyatomic and doubly charged species that overlap the measured masses and are corrected in data reduction - direct isobars, oxides and argides, hydrides, and abundance-sensitivity tailing from an adjacent large beam. Name each species and the mass it affects.",Basic,Read-Only,Text (free),"54Cr+ on 54Fe+; 58Ni+ on 58Fe+ | 204Hg+ on 204Pb (corrected via 202Hg monitor) | 238U abundance sensitivity tail on 235U and 236U | None | N/A | Other: specify | Includes direct isobars (e.g., 54Cr+ on 54Fe+, 58Ni+ on 58Fe+), abundance sensitivity tailing (e.g., 238U tail on 235U and 236U in U isotope measurements), and hydride interferences (e.g., 238UH+ at mass 239).",Source: ICP-MS module,2026-08-26,channel,,,"Zr and Ru, monitored on 91Zr and 99Ru",N,"54Cr on 54Fe, 58Ni on 58Fe, and argide ions 40Ar13C+, 40Ar14N+, 40Ar16O+, 40Ar16O1H+ and 40Ar18O+",162Er and 164Er on 162Dy and 164Dy,"Mo, monitored on masses 95 and 98","87Sr on 87Rb, monitored at 88Sr",182W/184W/186W and 185Re/187Re,W and Re,87Sr on 87Rb; also double-charged Er and Yb isotopes,"95Mo, 99Ru, 101Ru; 40Ar2 16O+ and 40Ar2 14N+ on 96Zr+ and 94Zr+","49Ti, 51V, 56Fe on the Cr masses",40Ar1H+ on 41K+,ArH+ on K,N
Interference Correction Method,"Equation or procedure used to calculate and remove each interference contribution, together with how its magnitude was established - a monitor mass measured simultaneously and scaled by natural abundance ratios, a production-rate factor measured on a reference material or interference standard solution, or a tailing factor measured on a pure standard. Name the reference material used.",Basic,Read-Only,Text (free),Monitor mass correction: 202Hg signal × (204Hg/202Hg)natural to correct 204Pb | Abundance sensitivity tailing factor measured weekly from pure U standard | None | N/A | Other: specify,Source: ICP-MS module,2026-08-26,channel,,,Monitoring 91Zr and 99Ru,N,Simultaneous monitoring of 53Cr and 60Ni on 10^12 Ω amplifiers; argides resolved by measuring on the flat-topped peak shoulder in MR or HR mode,"Subconfiguration scaling — 166Er measured only in the subconfiguration, 163Dy in both; the 166Er/163Dy ratio is scaled onto the main configuration and multiplied by 162Er/166Er and 164Er/166Er to subtract the interferences","A doping calibration: ""Offset δ94/90ZrNIST = −63.4 · x"" where x is the total Mo/Zr atomic ratio; the reported data are uncorrected for residual Mo","Correction assuming a constant terrestrial 87Sr/88Sr = 0.085, with a sensitivity test over 0.0835–0.0885 showing a maximum shift of 0.008 permil","Monitor isotopes 184W, 186W and 187Re; abundance sensitivity determined by scanning the low mass tail of a 30 V 192Os beam using the SEM and fitting a curve to the tail — 0.5 to 1 ppm in the Os mass range","Online W and Re correction; abundance sensitivity greater than 1 ppm ""since the analyser pressure was higher at ~2 x 10^-8 mbar""",N,"Mo and Ru corrections calculated from the signals on mass 95, 99 and 101, with an initial Mo correction using a mass bias relative to 91Zr/90Zr = 0.21798","Simultaneous monitoring of 49Ti, 51V and 56Fe",N,N,N
Isotope Dilution Data Reduction Method,"Mass balance approach used to calculate sample mass fractions, and where applicable isotope ratios, from spike-sample isotope ratio measurements. For double-spike procedures the ratios and concentrations are co-determined through the spike inversion; for conventional isotope dilution the IUPAC ID equations are used. Record 'None' where neither isotope dilution nor double-spike methods are applied.",Basic,Read-Only,Text (free),Double-spike inversion (isotope ratios and concentrations co-determined) | IUPAC isotope dilution equations (concentration from separate ID spike) | None | N/A | Other: specify,Source: ICP-MS module,2026-08-26,(none),,,N/A — no isotope dilution applied,N/A — no isotope dilution applied,N/A — no isotope dilution applied,N/A — no isotope dilution applied,"Double-spike inversion, Rmeas = [p·RSpike + (1−p)·RStd·(Mx/Mn)^α]·(Mx/Mi)^β, solved by weighted minimisation over four ratios",N/A — no isotope dilution applied,N/A — no isotope dilution applied,N/A — no isotope dilution applied,N/A — no isotope dilution applied,N/A — no isotope dilution applied,N/A — no isotope dilution applied,N/A — no isotope dilution applied,N/A — no isotope dilution applied,N/A — no isotope dilution applied
Memory Effect Mitigation,"Procedure applied to identify and minimise carry-over of high-concentration or isotopically distinct material from a preceding measurement into the current one. Mitigation is applied primarily at measurement time, by allowing sufficient washout or rinse between successive introductions. At data processing level, record any flagging or exclusion of measurements where the required washout may not have been achieved.",Advanced,Editable,Text (free),Extended acid rinse between samples; first measurement excluded if preceded by high-signal sample | Blank measurement inspected before each sample; session halted if blank > 0.5% of sample signal | None required for this analyte suite | N/A | None,Source: ICP-MS module,2026-08-26,(none),,,N,Wash-out 2 min for solution,210 s washout between all measurements,N,"On-peak-zero acid blank before each sample ""to account for blank contribution as well as any 'memory' effects from the Aridus II sample introduction system during the run""",60 s wash in 0.45 M HNO3,"Desolvating nebulisers deliberately avoided because of ""severe memory problems for Os""; ESI PFA-50 low-uptake nebuliser and GE Cinnabar micro-cyclonic spray chamber chosen ""in the hope these would reduce the long Os washout times and poor memory usually associated with solution introduction of Os""; wash acid aspirated until the 192Os beam fell to background — a 99.99% decrease reached after 220 s for DTM",TD 3 mol/l HCl aspirated between analyses until the Os beam decreased to acceptable background levels,N,N,N,N,N,N
Uncertainty Level,"The convention at which reported uncertainties are quoted — 1-sigma, 2-sigma, or a 95% confidence interval — and whether a measured spread is reported as a standard error or a standard deviation. State the convention applying to all values reported under this procedure, and state each separately where different reported quantities use different conventions. Distinct from Uncertainty Propagation Method, which addresses how component uncertainties are combined rather than how the result is quoted.",Basic,Read-Only,Controlled list / Text,2σ (95% confidence) | 1σ (68% confidence) | 95% confidence interval | 2 standard errors (2SE) | 1 standard deviation (1SD) | N/A | None,Source: ICP-MS module,2026-08-26,(none),A reported uncertainty is not interpretable without it: the same numeric value means different things at 1-sigma and at 95% confidence.,,"2 s.d. for external reproducibility (n = 24 for Mo, n = 14 for Ba)","""external reproducibility is reported at the 2σ error level""; long-term reproducibility ""typically 0.20‰ and 0.45‰ (2σ) for solution and laser""",N,Not stated in the section read,"""the external reproducibility (at 2σ) of the spiked ZrNIST measurements from each run, which in all cases was similar in magnitude or slightly larger than the internal uncertainty determined from counting statistics""",N,"2SD for short- and long-term reproducibility; within-run errors as ""2 standard errors of the mean (2SE = 2SD/n^0.5; where n = 45 for the Neptune analyses""","2SD and 2SE, with n = 50 for the Nu Plasma analyses","""the 2 standard error (2se) is reported unless stated otherwise""; for samples analysed fewer than 3 times, ""the largest 2 se reported for a sample analyzed multiple times has been used""","Both quoted: ""external precision expressed as 2 standard deviations (2SD)"" and 2SE per analysis","""the mean and 2 x standard error (SE) of ten individual standard-bracketed sample analyses""",Stated as ± values on δ41K without an explicit convention in the section read,2 s.d.,2 s.d.
Uncertainty Propagation Method,"The approach used to propagate analytical uncertainty through the data reduction chain to the final reported value. State which sources are included in the propagation: counting statistics, calibration standard uncertainty, internal standard uncertainty, drift correction, and any systematic contributions. Distinct from Uncertainty Level, which states the convention at which the resulting uncertainty is quoted.",Advanced,Editable,Text (free),2σ of bracketing standard reproducibility propagated to sample | Monte Carlo simulation through double-spike inversion | ISO GUM quadrature propagation | N/A | None | Other: specify,Source: ICP-MS module,2026-08-26,reported property,,,N,N,N,N,"External reproducibility of the spiked ZrNIST measurements from each run adopted per determination, compared against internal counting-statistics uncertainty",N,N,N,"""Errors are determined from repeated measurements""",N,N,N,N,N
Normalization / Standards-Based Correction,"Post-acquisition normalization applied to the reported data beyond the primary calibration — for example correction to a reference value derived from secondary reference materials, or correction for a systematic bias those materials reveal. Record 'None' if no additional normalization is applied.",Advanced,Editable,Text (free),Spike isotope decay correction applied | Age correction for U-series disequilibrium | None | N/A | Other: specify,Source: Composition QC module,2026-08-27,reported property,,,N,N,N,N,N,N,N,N,N,N,N,N,N,N
Calibration Factor and Determination Method,"An externally-calibrated factor that converts the measured quantity into the reported quantity, how it was determined, and its uncertainty. Applies where the conversion depends on a factor calibrated against a reference of independently known value, rather than on the instrument response alone. Distinct from the fields that name the calibration material and that state which approach applies to which analyte, where the technique has them: this field records the resulting factor itself.",Basic,Editable,Text (free),,Source: Calibration Factor module,2026-08-26,reported property,,,N,N,N,N,N,N,N,N,N,N,N,N,N,N
Procedural Blank Level,"The measured level of the analytical blank in the session, and — where the reported quantity is a ratio — its composition, since a blank subtracted from a ratio biases the result unless its own composition is known. Companion to the blank correction method.",N/A,Basic,Text (free),,Source: Blank module,2026-08-26,(none),Follows the criterion-versus-measurement split the library applies wherever a procedure sets a threshold and an analysis reports a value against it.,,"""Total procedural blanks were between 0.7 and 1.2 ng and thus negligible, given that several hundred ng of Mo were analyzed for each sample""","""The procedural blank, resulting from chemical processing and purification is ~0.05% (~0.25 µg per 500 µg S used for column chemistry)""","""the total procedural blank is ~70 ng and thus negligible considering that 1-2 mg Fe was purified for each sample""",N,"""The total mass of non-radiogenic Pb measured in our FC-1 zircon and baddeleyite fractions is indistinguishable from the range of Pb determined in total procedural blanks""","""The Rb blank of the procedure (digestion and column chemistry) is ~0.14 ng, which accounts for less than 0.5% of total Rb from a typical sample (40 ng)""",N,N,N,"""Total procedural blanks prepared together with Tarda and Tagish Lake contained 0.08 and 0.24 ng Zr, while total blanks treated alongside Ivuna were 0.09 and 0.13 ng Zr""",N,N,N,"""The total procedural blank for Ti was 3.7 ng, resulting in a maximum blank contribution of 0.18% for Ti"""
Analysis Inclusion and Rejection Criteria,"The rules determining which individual analyses contribute to a reported aggregate result, together with the outcome of applying them: how many analyses were acquired, how many were included, and on what grounds any were excluded. Distinct from within-analysis outlier filtering, which removes anomalous points inside a single analysis: this field decides which whole analyses enter the reported value.",Basic,Basic,Text (free),,Source: Aggregation module,2026-08-26,(none),"Criteria and outcome are combined in one field because neither is interpretable without the other, following the precision/accuracy precedent.",,"Partially — ""For samples analyzed several times, reported values represent the mean of pooled solution replicates"". No acceptance or rejection rule stated",N,N,"Partially — ""On average, LREEs were measured nine times""; replicate matrix cuts were measured but ""are not used, however, for data interpretation to avoid unnecessary influence of stable isotopic fractionation potentially induced by Mo chemistry"" — an explicit exclusion, on chemical rather than statistical grounds","Partially — Table 1 records ""Number of times the same purified Zr solution was measured independently in the MC-ICP-MS"" and ""Reported values are weighted means of all replicate"" analyses. No rejection rule stated",N,Partially — n = 45 per analysis. No rejection rule stated,Partially — n = 50 per analysis. No rejection rule stated,"""any ratio outside 2σ was discarded"" — an explicit rejection rule, applied within a measurement. Reported values are ""averages of repeated measurements of each sample when multiple analyses were possible""",Partially — n stated per reference material (n = 13–99 for terrestrial RMs over 10 months; n = 17–38 for eucrites and Colony; n = 32 and n = 37 for standard sessions). No rejection rule stated,"Partially — ""the mean ... of ten individual standard-bracketed sample analyses""; ""Samples were typically analysed two to four times"". No rejection rule stated","Partially — ""Each sample was measured approximately 20 times"". No rejection rule stated",N,N
Error Correlation Between Reported Quantities,"The correlation coefficient between pairs of reported quantities whose uncertainties are not independent, together with the pair it applies to and how it was obtained. Concordia and isochron regressions cannot be reconstructed without it.",Advanced,Basic,Numeric (dimensionless) / Text,"e.g., 'rho(206Pb/238U, 207Pb/235U) = 0.83, from the data reduction software error propagation' | 'rho = 0.31 (double-spike inversion covariance)'",,2026-08-26,pair: reported property,,,N,N,N,N,N,N,N,N,N,N,N,N,N,N
Constants and Reference Values Used,"Physical constants and reference values used in data reduction to calculate the final reported quantity (e.g., decay constants for age calculation, standard isotope ratios, or other citable reference values used in a correction or calculation), together with their source. Distinct from the Group 6 reference-material fields, which document accepted values for specific calibration/validation materials rather than universal physical constants. Record ""None"" if no citable, revisable physical constants feed into this procedure's data reduction.",Basic,Editable,Text (free),"e.g., ""λ238U = 1.55125×10⁻¹⁰ yr⁻¹, λ235U = 9.8485×10⁻¹⁰ yr⁻¹ (Jaffey et al. 1971); 238U/235U = 137.818 (Hiess et al. 2012)"" | ""None""",Source: Core module,2026-08-26,(none),,,98Mo/96Mo = 1.453173 for internal normalization; 134Ba/136Ba = 0.3078 (Carlson et al. 2007) for the TIMS half,N,"57Fe/56Fe = 0.023095 and 57Fe/54Fe = 0.362549, ""the certified ratios of IRMM-014"" (Craddock and Dauphas, 2010)",N,"238U/235U = 137.818 (45), 18O/16O = 0.00205 (44), and α = 0.18 ± 0.02%/amu from repeat NBS-981 analyses; U decay constants of (47); Th/U[magma] = 2.8 ± 1.0 for the initial 230Th disequilibrium correction","87Sr/88Sr = 0.085, ""which is the terrestrial Sr ratio"", used for the 87Sr interference correction; sensitivity tested at 0.0835 and 0.0885",N,N,N,"94Zr/90Zr = 0.3381 and 91Zr/90Zr = 0.21798, both Minster & Ricard (1981)",N,N,N,N
,,,,,,,,,,,,,,,,,,,,,,,,
6. Quality Control & Uncertainty,,,,,,,2026-08-26,,,N,N,N,N,N,N,N,N,N,N,N,N,N,N,N
Primary Calibration Standard Name,"Name and reference material identifier of the primary reference material(s) against which the instrument is calibrated — converting raw signal intensities to concentrations, or anchoring an isotope ratio as the bracketing standard or zero-delta reference. Give the material name, its source or supplier, and a citation for the accepted values used, since results calibrated against different published values for the same material are not directly comparable.",Basic,Editable,Text (free),IRMM-014 (Fe isotopes; Taylor et al. 1992) | CRM-112a / SRM-960 (U isotopes) | NIST SRM 981 (Pb isotopes) | JMC Lyon Zn standard | NIST SRM 3102a (Sb) | In-house single-element standard solution: specify | N/A | None | Other: specify,Source: Composition QC module,2026-08-27,analyte,,,Alfa Aesar Mo solution standard,"In-house S_Alfa and S_Spex 20 ppm S solutions, calibrated against IAEA-S-1, S-2, S-4 and NBS-123",IRMM-524a,OL-REE series,ZrNIST,NIST SRM984,"UMd, DTM, LOsST and DROsS Os reference materials",DTM and LOsST,NIST SRM984 RbCl; BCR-2 as an alternative bracketing standard in some sessions,NIST SRM 3169,"IRMM-014, SRM979, DTS-2b",NIST SRM 3141a,"NIST-SRM 3141a, NIST-SRM 976, JMC-Lyon",N
Calibration Standard Measurement Frequency,"How often the primary calibration or bracketing standard is measured relative to unknown samples within a session. Specify the bracketing scheme where a fixed one is used, such as one standard measurement before and after each sample.",Basic,Read-Only,Text (free),SSB: one standard before and one after every sample | One standard every 3 samples | Start and end of session only | N/A | None | Other: specify,Source: ICP-MS module,2026-08-26,(none),,,N,N,N,"Every sample, spaced by 300 s rinsing","Every sample — ""Each sample measurement was individually bracketed""",N,N,N,"Every sample (bracketing), plus an external pure Rb solution ""during each analytical session""","Each session — ""The Zr standard material NIST SRM 3169 was analyzed in each session""",N,Every sample (bracketing),N,N
Secondary Reference Materials,"Quality-control reference material(s) measured as unknowns alongside samples to assess accuracy independently and to monitor drift. Give the material name, its source, and a citation for the accepted or reference values used for comparison.",Basic,Editable,Text (free),BHVO-2 (Fe isotopes; Dauphas & Rouxel 2006 compilation) | BCR-2 | NIST SRM 960 or equivalent U standard | NIST SRM 981 (Pb) | AGV-2 | N/A | None | Other: specify,Source: Composition QC module,2026-08-27,defines: standard,,,"BHVO-2, ""several digestions of which were processed through the full analytical protocol and analyzed together with each set of samples""",Sch-M-2 anhydrite mineral standard; geological reference samples with known isotope compositions,BHVO-2 and BCR-2,N,N,"BHVO-2, BCR-2, BE-N, W-2, AGV-2, GSR-1, GS-N, G-A, G-3; DTS-2b and PCC-1 synthetic mixes; Allende",N,N,"BCR-2, AGV-2, BHVO-2, GS-N and other terrestrial rocks","BHVO-2, BCR-2, AGV-1, SCo-1; eucrites Bouvante and Bereba; CO chondrite Colony","BHVO2 and DTS-2b, ""processed alongside the samples""",BHVO-2,BHVO-2,N
Counting Statistics Error,"Uncertainty predicted from counting statistics — the theoretical limit set by the Poisson distribution of the counts accumulated — for each reported quantity per analysis, with the sigma level stated. Derived from the counts on the analyte together with those on any background or blank subtracted from it. Distinct from the scatter actually observed within a measurement or between repeated measurements, which is recorded separately.",Advanced,Basic,Text (free),"e.g., '2SE predicted from counting statistics over 45 cycles' | '~0.6% (1 sigma), counting statistics plus propagated uncertainties' | 'N/A'",Source: Composition QC module,2026-08-27,sample > sampling unit x reported property,"Where a procedure reports both, agreement indicates the measurement is shot-noise limited, and a larger observed scatter indicates a further source of variance.",,N,N,N,N,"Internal uncertainty determined from counting statistics, used as the comparison against the external reproducibility adopted per determination; value not tabulated",N,N,N,N,N,N,N,N,N
Internal (Within-Measurement) Analytical Precision and Assessment Method,"Precision of a single measurement, derived from the scatter of the cycles, sweeps or integrations that make it up, together with the method used to assess it. State the statistic (2SE, 2SD, 1s RSD), the number of cycles it is computed over, and the reported quantity it applies to. Distinct from Counting Statistics Error, which records the uncertainty predicted from the counts rather than the scatter observed; where a procedure reports both, record the observed value here and the predicted value there.",Advanced,Basic,Text (free),"e.g., '2SE = 2SD/sqrt(n), n = 45 cycles' | '+/-0.001-0.002 (2SE) on 206Pb/204Pb' | '~2.6% (2SE) on single-spot ages' | 'N/A'",Source: ICP-MS module,2026-08-26,sample > sampling unit x reported property,"This is the finest of the three precision levels the library records, below within-session and between-session precision: it describes the repeatability of one analysis rather than agreement between analyses, and is normally the smallest of the three.",,N,N,N,N,Internal uncertainty determined from counting statistics; stated to be similar in magnitude to or slightly smaller than the external reproducibility adopted per determination,N,"Within-run errors for individual analyses quoted as 2 standard errors of the mean, 2SE = 2SD/n^0.5, with n = 45 cycles","Within-run errors for individual analyses quoted as 2 standard errors of the mean, 2SE = 2SD/n^0.5, with n = 50 cycles",N,N,N,N,N,N
Within-Session Analytical Precision and Assessment Method,"Precision of repeated measurements within a single analytical session and the method used to assess it. Report both the assessment method and the precision values. The assessment method must specify the reference material or standard measured, the number of replicates n, and the statistic reported (1s RSD, 2s RSD, 2SD, 2SE, 95% CI). Distinct from the internal precision of a single measurement, which derives from counting statistics over the cycles of that measurement rather than from repeated analyses.",Basic,Basic,Text (free),2SD = 0.03‰ on δ56Fe (n=10 BHVO-2); session | 2σ = 0.004‰ on δ238U (n=9 CRM-112a brackets) | N/A | None | Other: specify,Source: ICP-MS module,2026-08-26,standard x reported property,,,N,N,N,N,"External reproducibility at 2 sigma of the spiked ZrNIST measurements from each run, adopted as the uncertainty on each determination and stated to be similar to or slightly larger than the internal counting-statistics uncertainty",N,"Short-term reproducibility of standards analysed in a single analytical session, quoted as 2 standard deviations (2SD). Distinct from the within-run internal error, which the paper quotes separately as 2SE of the mean, 2SE = 2SD/n^0.5 with n = 45 for the Neptune and n = 50 for the Nu Plasma analyses","Short-term reproducibility of standards analysed in a single analytical session, quoted as 2 standard deviations (2SD). Distinct from the within-run internal error, which the paper quotes separately as 2SE of the mean, 2SE = 2SD/n^0.5 with n = 45 for the Neptune and n = 50 for the Nu Plasma analyses",N,N,N,N,N,N
Between-Session (Long-Term) Analytical Precision and Assessment Method,"Precision of measurements across multiple analytical sessions over weeks to months — long-term or intermediate precision — and the method used to assess it. Report both the assessment method and the precision values, specifying the reference material, the number of measurements and sessions, the time span covered, and the statistic reported.",Advanced,Basic,Text (free),2SD = 0.030‰ on δ56Fe (n=23 sessions; BHVO-1; Dauphas et al. 2009) | 2SD = 0.005‰ on δ238U (n > 50 analyses; CRM-112a) | N/A | None | Other: specify,Source: ICP-MS module,2026-08-26,standard x reported property,Long-term precision is normally poorer than within-session precision and is the figure a data user should carry when comparing results from different sessions.,,"External reproducibility from repeated BHVO-2 measurements: ±0.14 for ε97Mo to ±0.39 for ε92Mo (2 s.d., n = 24); Ba ±0.13 for ε135Ba to ±0.31 for ε138Ba (2 s.d., n = 14)","""Long-term reproducibility of S isotope compositions is typically 0.20‰ and 0.45‰ (2σ) for solution and laser""; long-term reproducibility of in-house solution standards within ±0.2‰",N,N,External reproducibility at 2σ of the spiked ZrNIST measurements from each run,N,N,N,"""the long-term reproducibility was ±0.01‰ (n = 40)"" from a pure Rb ICP-MS solution run as an external standard each session","Terrestrial RMs measured over 10 months (n = 13–99) give average 2SD of 0.3, 0.2 and 1.0 for ε91Zr, ε92Zr and ε96Zr; ""The external precision estimated from the geological sample measurements integrates the uncertainty introduced by the chemical separation procedure and mass spectrometry""",N,N,N,N
Analytical Accuracy and Assessment Method,"Offset between measured and accepted values for secondary reference materials, and the method used to assess it. Specify the reference material and the source of its accepted values, the number of analyses, and the quantities assessed. Report systematic biases and their likely causes. Express the offset in the form appropriate to what the procedure reports - percent relative bias for concentrations, or deviation in delta or ratio units for isotopic quantities.",Basic,Basic,Text (free),% deviation from published δ56Fe for BHVO-1 compilation value | Agreement with certified δ238U of IRMM-3636 spike solution | Z-score relative to interlaboratory consensus | N/A | None | Other: specify,Source: ICP-MS module,2026-08-26,standard x reported property,,,"""The εiMo values obtained for BHVO-2 are indistinguishable from the Alfa Aesar standard, demonstrating that the Mo isotopic data are accurate""",Assessed against IAEA and NBS reference materials on the V-CDT scale and against geological reference samples with known compositions,N,"Assessed in a dedicated ""Assessment of data accuracy"" section, using replicate matrix cuts and a processed geostandard",N,"NIST SRM984 treated as a sample, plus synthetic DTS-2b+SRM984 and PCC-1+SRM984 mixes, ""gave δ87Rb values of zero within error""; geostandards and Allende ""yielded reproducible results that agree with literature data""",N,N,"An aliquot of SRM984 passed through the full chemistry gave δ87Rb = 0.00 ± 0.03‰, ""confirming that no isotope fractionation is caused by the Rb purification procedure""; Allende duplicate splits agreed at 0.12 ± 0.02‰ and 0.14 ± 0.04‰","Terrestrial and meteorite reference materials measured repeatedly to verify data quality; doping tests with Ti, V, Cr, Mo, Hf and W showed ""the observed trace levels have no effect on the accuracy of the Zr isotope data""",BHVO2 and DTS-2b processed alongside the samples,"""The average d41K value for BHVO-2 was −0.448 ± 0.027‰ which is within error of its previously reported values, for example, −0.46 ± 0.09‰ (Wang et al., 2021)""","""To monitor data quality, the geostandard BHVO-2 was analysed alongside all sample analyses""","Reproducibility verified against measurements made ""under conditions similar to the methods used"", quoted as ±0.16 and ±0.26 ε50Ti (2 s.d.)"
Detection Limit,"Detection limit, one per reported concentration variable (one per analyte, these being the same set). State the units and whether the values are procedure-typical estimates or session-specific measured values. The calculation method is recorded separately in Detection Limit Method. Record 'N/A' where the procedure reports no concentrations.",Advanced,Basic,Numeric + unit / Text,,Source: Composition QC module,2026-08-27,reported property,,,N,N,N,N,N,N,N,N,N,N,N,N,N,N
Detection Limit Method,"Formula or approach used to calculate the detection limits, with a citation for the method where one exists. Must be consistent with the values reported in Detection Limit.",Basic,Read-Only,Controlled list / Text,3σ blank | 3σ background | 3σ counting statistics | 3× blank mean | Poisson statistics | N/A | None,Source: Composition QC module,2026-08-27,reported property,,,N,N,N,N,N,N,N,N,N,N,N,N,N,N
Limit of Quantification (LOQ) Method,Reference or description of the method used to calculate the limit of quantification (LOQ): the lowest concentration reliably measurable with acceptable precision and accuracy. Mandatory at analysis level when concentrations near the LOD are reported.,Advanced,Basic,Controlled list / Text,10σ blank | 10σ background | 10× LOD | 3.3× LOD | S/N ≥ 10 | N/A | None,Source: ICP-MS module,2026-08-26,reported property,,,N,N,N,N,N,N,N,N,N,N,N,N,N,N
Goodness-of-Fit or Dispersion Statistic,"The statistic reported to show whether scatter among the contributing analyses exceeds what analytical uncertainty alone predicts, together with its value. The procedure may still state an acceptance threshold, which belongs with the inclusion criteria.",N/A,Basic,Text (free),,Source: Aggregation module,2026-08-26,reported property,Answers whether a reported aggregate is defensible as a single population. The value cannot be known before the analysis.,,N,N,N,N,N,N,N,N,N,N,N,N,N,N
Additional Notes,"Any procedure- or analysis-specific information not captured by a structured field anywhere in this TAPP — including anomalies, deviations from the registered procedure, instrument modifications, and supplementary context. Scope is the whole document, not Group 6: this is the last field of the TAPP and covers all six groups. Use sparingly; a structured field is preferred for anything that can be formally categorised.",Advanced,Advanced,Text (free),,Source: Core module,2026-08-26,(none),,,N,N,N,N,N,N,N,N,N,N,N,N,N,N
