Metadata Item,Description,Procedure-Level Tier,Analysis-Level Tier,Data Type,Example / Allowed Content,Comments,Last Update,Keyed By,Purpose,Literature Assessment,Budde+etal2016 | Neptune Plus | IfP Münster,Craddock+etal2008 | Thermo NEPTUNE | WHOI,Hopp+etal2021 | Neptune (Plus spec) | Univ Chicago,Hu+etal2022 | Neptune Plus | Univ Chicago,IbanezMejia+Tissot2020 | Nu Plasma II | MIT,Nie+Dauphas2019 | Neptune | Univ Chicago,Nowell+etal2008 | Neptune | Durham AHIGL,Nowell+etal2008 | Nu Plasma | NIGL,Pringle+Moynier2017 | Neptune Plus | IPGP,Schönbächler+etal2025 | Neptune Plus | ETH Zurich,vanKooten+etal2026 | Thermo Neoma | Univ Copenhagen,Broussard+etal2026 | Neptune Plus | WUSTL,Barnes+etal2025 | Neptune Plus | WUSTL,Barnes+etal2025 | Neptune Plus | ETH Zurich
1. Procedure Identification,,,,,,,,,,N,N,N,N,N,N,N,N,N,N,N,N,N,N,N
Procedure Name,"A short descriptive name for this analytical procedure, including a version number. Should identify the instrument, the technique, and the scope of what is measured — target species, material, or feature.",Basic,Read-Only,Text (free),,Source: Core module,2026-09-01,(none),,,N,N,N,N,N,N,N,N,N,N,N,N,N,N
Technique,Top-level analytical technique identifier.,Basic,Read-Only,Controlled list,Solution MC-ICP-MS,Source: Core module,2026-06-18,(none),,,Solution MC-ICP-MS,Solution MC-ICP-MS,Solution MC-ICP-MS,Solution MC-ICP-MS,Solution MC-ICP-MS,Solution MC-ICP-MS,Solution MC-ICP-MS,Solution MC-ICP-MS,Solution MC-ICP-MS,Solution MC-ICP-MS,Solution MC-ICP-MS,Solution MC-ICP-MS,Solution MC-ICP-MS,Solution MC-ICP-MS
Procedure Author,Person(s) or laboratory responsible for developing and registering this procedure. ORCID recommended for individuals.,Basic,Read-Only,Text (free),,Source: Core module,2026-07-24,(none),,,N,N,N,N,N,N,N,N,N,N,N,N,N,N
Laboratory,Name of the laboratory or institution hosting the instrument.,Basic,Editable,Text (free),,Source: Core module,2026-06-18,(none),,,"Institut für Planetologie, University of Münster",Woods Hole Oceanographic Institution,University of Chicago,University of Chicago,Massachusetts Institute of Technology,University of Chicago,"Arthur Holmes Isotope Geology Laboratory, Durham",NERC Isotope Geosciences Laboratory (NIGL),Institut de Physique du Globe de Paris,ETH Zurich; sample digestion and separation at Tokyo Institute of Technology,"Centre for Star and Planet Formation, Globe Institute, University of Copenhagen",Washington University in St. Louis,Washington University in St. Louis,"Institute of Geochemistry and Petrology, ETH Zurich"
Laboratory ID,"Persistent identifier for the laboratory (e.g., ROR ID).",Advanced,Editable,URI / DOI,,Source: Core module,2026-06-18,(none),,,N,N,N,N,N,N,N,N,N,N,N,N,N,N
Procedure Start Date,First date this procedure configuration was used in production.,Basic,Read-Only,Date,,Source: Core module,2026-07-24,(none),,,N,N,N,N,N,N,N,N,N,N,N,N,N,N
Funding Source for Procedure Development,"Grants and other funding sources that supported instrument acquisition, major upgrades, procedure development, and associated personnel time. Include grant numbers and funding agencies where applicable.",Advanced,Read-Only,Text (free),,Source: Core module,2026-07-24,(none),,,N,N,N,N,N,N,N,N,N,N,N,N,N,N
Procedure Reference(s),"DOI or URL for peer-reviewed publications or technical reports describing, validating, or benchmarking this procedure.",Advanced,Read-Only,URI / DOI,,Source: Core module,2026-07-24,(none),,,N,N,N,N,N,N,N,N,N,N,N,N,N,N
Procedure DOI,"DOI or unique persistent identifier for the registered procedure used in this analysis, generated upon procedure submission to a data repository. If a DOI has been applied for but not yet minted, enter ""pending"".",N/A,Basic,URI / DOI,,Source: Core module,2026-08-25,(none),Encourages formal procedure registration and ensures traceability.,,N,N,N,N,N,N,N,N,N,N,N,N,N,N
Session Identifier,"Identifier for the analytical session this record describes — the laboratory's own run, sequence or batch identifier as generated by the instrument or acquisition software. Distinct from any persistent identifier a repository mints on submission.",N/A,Basic,Text (free),,Source: Core module,2026-08-25,(none),"The analysis record corresponds to one session, which may cover several samples, and this is the link back to the raw instrument files.",,N,N,N,N,N,N,N,N,N,N,N,N,N,N
Analyst,Name(s) of the analyst(s) who performed the analysis session. ORCID is recommended for persistent identification.,N/A,Basic,Text (free),,Source: Core module,2026-08-25,(none),,,N,N,N,N,N,N,N,N,N,N,N,N,N,N
Analysis Start Date,"Date on which the analytical session began. For sessions spanning multiple days, use the date of the first session. Format: YYYY-MM-DD.",N/A,Basic,Date,,Source: Core module,2026-08-25,(none),,,N,N,N,N,N,N,N,N,N,N,N,N,N,N
Analysis End Date,Date on which the analytical session ended. May equal Analysis Start Date for single-day sessions. Format: YYYY-MM-DD.,N/A,Basic,Date,,Source: Core module,2026-08-25,(none),,,N,N,N,N,N,N,N,N,N,N,N,N,N,N
Funding Source for Analysis,"Grants and other funding sources that supported the specific sample analyses and data collection reported here. Include grant numbers and funding agencies. Distinct from procedure development funding, which may have been awarded years earlier.",N/A,Basic,Text (free),,Source: Core module,2026-08-25,(none),,,N,N,N,N,N,N,N,N,N,N,N,N,N,N
Coupled Technique(s),"Other analytical techniques applied to the same sample(s) whose results are intended to be interpreted together with data from this procedure. Document coupling with any technique whose results are functionally linked to this dataset — providing calibration inputs, complementary spatial context, or required companion measurements. Name the instrument, laboratory or purpose alongside each technique where known, and join multiple techniques with '; '. Enter ""None"" if no coupling is intended.",Advanced,Editable,Text (free),"e.g., 'EPMA (Brown University CAMECA SX-100)' | 'FIB-SEM (Crossbeam 540) for 3D tomography; EDS for mineral analysis' | 'NanoSIMS; STXM; Raman' | 'None' | 'N/A'",Source: Core module,2026-08-31,(none),,,TIMS — Ba isotopes on a Thermo Scientific Triton Plus at the same institute; Hf-W on the same sample digestions,"Laser-ablation MC-ICP-MS — the same NEPTUNE, with a NewWave UP213 laser, ""such that laser ablation and solution aspiration can be operated simultaneously""","N — the Fe was measured on digestions previously analysed for Pt, Mo, Ni and/or W isotopes (Kruijer et al. 2017 and others)",N,"ID-TIMS U-Pb on an Isotopx X-62 at MIT, and solution Q-ICP-MS (Agilent 7700) for Zr and Hf concentrations, on aliquots of the same dissolutions",N,N,N,N,"Mg, K, Ca, Ti, Cr, Fe, Cu, Zn, Mo and Nd isotope data ""all obtained from the same sample digestions and are therefore directly comparable""",ICP-MS for Sr and Rb weathering assessment; Si isotopes on a separate NaOH-fusion aliquot,Laser-fluorination oxygen isotopes on a Thermo Finnigan MAT 253 Plus; K loss monitored by Thermo Fisher iCAP Q ICP-MS,"High-resolution ICP-MS (Thermo Element XR) at LLNL for bulk elemental abundances, on splits of the same digest",Coordinated dissolution shared with the WUSTL K/Cu/Zn procedure; SIMS oxygen isotopes
Coupling Description,"Description of how this procedure is coupled with the technique(s) listed above. Include: (1) the functional relationship — what data or context flows between techniques, or how results are combined (e.g. which output from the coupled technique serves as input to data reduction for this technique); and (2) the analytical sequence — which technique is performed first and why (e.g. non-destructive before destructive). Required when Coupled Technique(s) is not ""None"".",Advanced,Editable,Text (free),,Source: Core module,2026-08-25,(none),,,N,"Functional: the laser is connected directly to the spray chamber so ablated particles mix with 2% HNO3 and are ""effectively analyzed as a wet plasma ensuring that ablated aerosols are closely matrix-matched to solution standards"". Sequence: interchangeable — ""Our setup allows for interchangeable bulk and in situ S isotope measurement""",N,N,"Functional: 3 M HCl washes from the U-Pb anion chemistry were collected and became the Zr aliquots, so the same crystal yields a U-Pb date and a Zr isotopic composition. Sequence: U-Pb purification first, Zr purification from its washes",N,N,N,N,N,N,"Functional: pre-cut and post-cut fractions either side of the K collection were measured by Q-ICP-MS ""to monitor for K loss during column chemistry"". Sequence: Q-ICP-MS check before MC-ICP-MS measurement",N,N
Coupled Procedure DOI,"Registered procedure DOI for the coupled technique named above. If the coupled procedure has not yet been registered, enter the DOI of a publication describing the coupled method, or ""pending"". Enter ""None"" if no coupling is planned.",N/A,Advanced,URI / DOI,,Source: Core module,2026-08-25,(none),"Provides a stable, citable link to the companion method independent of whether a dataset has been deposited.",,N,N,N,N,N,N,N,N,N,N,N,N,N,N
Coupled Dataset or Publication Reference,"DOI or other persistent identifier for the co-registered dataset or publication where both datasets are reported together. Accepts: a dedicated dataset DOI (if separately deposited), a shared dataset DOI (if co-submitted in the same package), or a publication DOI. Use ""same submission"" if the coupled dataset is included in this data package, or ""pending"" if not yet assigned. If coupling is documented through a shared sample identifier only, that information is already captured in Sample Persistent Identifier (Group 2).",N/A,Advanced,URI / DOI / Text,,Source: Core module,2026-08-25,(none),,,N,N,N,N,N,N,N,N,N,N,N,N,N,N
,,,,,,,,,,,,,,,,,,,,,,,,
2. Samples,,,,,,,,,,N,N,N,N,N,N,N,N,N,N,N,N,N,N,N
Target Material,General description of the material type(s) this procedure is designed to analyse.,Basic,Read-Only,Controlled list / Text,Basalt | Chondrite | Seawater | Mineral separate | Synthetic solution | N/A | None,Source: Core module,2026-09-28,defines: target material,"Used for discoverability and procedure matching, and because the material type constrains sample preparation, calibration and matrix-matching requirements.",,chondrule; matrix; bulk chondrite — separates and bulk rock of the Allende CV3 chondrite,"sulfide; sulfate; elemental sulfur; seawater — Table 3: Ag2S, ZnS, pyrite, pyrrhotite, anhydrite, Fe(III) sulfate, elemental S and modern seawater",iron meteorite; basalt — 23 iron meteorites from nine groups; BHVO-2 and BCR-2,calcium-aluminium-rich inclusion — fine-grained CAIs from Allende slabs and one coarse-grained CAI (TS32); BCR-2 is the geostandard,zircon; baddeleyite; bulk rock — single crystals and bulk rock of the FC-1 anorthositic gabbro (Duluth Complex),"lunar rock; terrestrial rock; carbonaceous chondrite — lunar samples, geostandards (basalts, granites, peridotite mixes) and Allende","Os reference material solution — UMd, DTM, LOsST and DROsS",Os reference material solution — DTM and LOsST,"terrestrial rock; chondrite; achondrite; lunar rock — basalts, andesite, granite; CC, OC and EC chondrites; eucrite, angrite; Apollo basalts and norite","returned asteroid sample; carbonaceous chondrite; eucrite; terrestrial rock — Ryugu (A0106, A0106-A0107, C0108), Tagish Lake, Tarda, Ivuna, Colony, Bouvante, Bereba and terrestrial RMs",bulk chondrite; chondrule — anomalous and grouped carbonaceous chondrites; type I chondrules from Leoville (CV),CI chondrite — Oued Chebeika 002 (LAB24-2 fragments A and B); BHVO-2 is the geostandard,returned asteroid sample — Bennu aggregate OREX-803015,returned asteroid sample — Bennu aggregate OREX-803015-100
Sample Name,"Name or identifier of each sample analysed in this session, as used in the laboratory — a sample mount, section or aliquot counts as one entry where that is what the laboratory tracks. Should match the identifier used in associated publications or data tables.",N/A,Basic,Text (free),"e.g., 'Allende MS-1 digest A' | 'NWA 8657 aliquot 2' | 'BHVO-2 replicate 3'",Source: Core module,2026-08-25,defines: sample,The analysis record corresponds to one session and may cover several samples.,,"Three matrix separates, six chondrule fractions (C2, C3, C4; C3m, C3i, C3n) and two bulk rock samples of Allende; BHVO-2","IAEA-S-1, S-2, S-4, NBS-123; in-house standards S_Alfa and S_Spex; anhydrite mineral standard Sch-M-2; pyrite FVG-1","Toluca, Gibeon, Duchesne, Skookum, Tlacotepec and 18 further iron meteorites; BHVO-2, BCR-2; IRMM-524a","Group II CAIs including FG-FT-4, FG-FT-8 and FG-FT-9",FC-1 zircon and baddeleyite crystals; ZrNIST reference solution,"BHVO-2, BCR-2, BE-N, W-2, AGV-2, GSR-1, GS-N, G-A, G-3; DTS-2b and PCC-1 synthetic mixes; Allende; NIST SRM984","UMd, DTM, LOsST and DROsS Os isotope reference materials",DTM and LOsST Os isotope reference materials,"GS-N, AGV-2, BCR-2, BHVO-2, EW9309 10D, AHANEMO2 D20B; Allende (duplicate splits); NIST SRM984","Ryugu A0106, A0106-A0107 and C0108; Tagish Lake, Tarda, Ivuna (PB and high PT), Orgueil, Murchison, Colony; eucrites Bouvante and Bereba; BHVO-2, BCR-2, AGV-1, SCo-1; NIST SRM 3169",BHVO2 and DTS-2b processed alongside the samples,Oued Chebeika 002; geostandard BHVO-2; NIST SRM 3141a,OREX-803015-101 (LLNL split) and OREX-803015-100 (ETH split) of Bennu aggregate; BHVO-2,"OREX-803015-100, a 5.2 mg aliquot of Bennu aggregate"
Sampling Unit Type,"The kind of physical subdivision of the sample to which one row of reported values corresponds — the unit that is analysed and reported, as distinct from the sample as a whole. Where units nest (e.g. confined tracks within grains), state both levels. The units themselves are listed in Sampling Unit Name.",Basic,Read-Only,Controlled list / Text,Whole sample | Aliquot | Grain | Spot | Analysis point | Phase | Sub-volume | Region of interest | N/A | None,Source: Core module,2026-09-15,(none),,,"Digestion aliquot — ""All samples (0.3–0.5 g) were digested in closed Savillex beakers""; chondrule fractions ""comprise between 155 and ~3000 chondrules each""","Purified solution aliquot — ""Less than 50 mg of sample was accurately weighed""; ""A precise solution volume, corresponding to 500 µg of S"" taken for column purification","Solution aliquot of a digestion — ""the Fe isotopic compositions were analyzed on solution aliquots (~1-2 mg Fe) of digestions""; five meteorites cut as ""~50 mg pieces""","Fraction of a CAI digestion — ""Approximately 30% of the matrix cut"", ""equivalent to 24% fraction of the whole CAI""","Single crystal — ""Single zircon and baddeleyite crystals selected for analysis were individually handpicked""; each ""individually loaded into clean PFA microcapsules""","Digestion aliquot — ""Samples of about 100 mg or less were digested""","Reference material solution aliquot — 200 ng/ml to 2.5 µg/ml Os, ~300 µl consumed per analysis",Reference material solution aliquot — ~6400 µl consumed per analysis,"Weighed powder aliquot — ""An aliquot of <=125 mg of powdered sample was weighed depending on the Rb concentration of the sample; masses were calculated to yield >20 ng Rb""","Digestion aliquot — Ryugu ""aliquots of <25 mg were analyzed with ~40 to 70 ng Zr""; Tagish Lake 30 mg, Tarda 90 mg, Ivuna 40 and 44 mg ""from a larger homogenized powder (550 mg)""","Fraction of a bulk digestion — ""Another 5% fraction was used to determine Al/Mg ratios by multi-collector (MC)-ICPMS""",N,"Split of a single digest — ""The solution was then split two ways: about half stayed at WUSTL and half was sent to Lawrence Livermore National Laboratory ... the aliquot was further split into two aliquots""",A 5.2 mg aliquot of Bennu aggregate
Sampling Unit Name,"The name or label of each sampling unit analysed in this session, as the laboratory records it, together with the sample it belongs to — e.g. a spot number, a grain label, a map or region-of-interest name, or an aliquot identifier. Where units are too numerous to name individually, such as map pixels or reconstructed voxels, name the acquisition area they belong to instead.",N/A,Basic,Text (free),"e.g., NWA 8657-1: spots 1–24 | Zircon mount ZM-3: grains Z1–Z30 | Core 73001: map areas A1–A5 | Bennu aggregate OREX-803015-100: aliquot for Ti",Source: Core module,2026-09-15,defines: sample > sampling unit,"Gives every field keyed by sampling unit a row to attach its values to, and ties each unit to the sample it belongs to; without it those fields collapse to one value per session.",,"Labelled within Allende: bulk ""MS-A"", ""MS-B""; matrix ""M1"", ""M2"", ""M3""; chondrules ""C1"", ""C2"", ""C3m"", ""C3n"", ""C3i"", ""C4"" (Table 1, p.3). ""C3b"" and ""C2–C4c"" in the same table are weighted means, not units. BHVO-2 by name only","Sample name only — Table 3 lists ""IAEA-S-1"", ""IAEA-S-2"", ""IAEA-S-4"", ""NBS-123"" and the in-house standards Alfa and Spex (p.4); replicates are counted (""# of replicates""), not labelled","Sample name only — meteorites by name, e.g. ""Toluca, Gibeon, Duchesne, Skookum, Tlacotepec"" (p.5); the digestion aliquots and ~50 mg pieces carry no labels of their own","Labelled: each CAI by name under its specimen number — Table 1's ""Sample"" and ""CAI name"" columns give e.g. ME-3364-25.2 ""FG-FT-3"", ME-2639-16.2 ""FG-FT-4"", AL3S5 ""FG-FT-8"", AL4S6 ""FG-FT-9"", AL8S2 ""FG-FT-10"" (p.3); † marks a second analysis of FG-FT-4, -8 and -9. BCR-2 by name only","Labelled: single crystals of FC-1 — zircons ""z1""–""z16"" with ""3_z…"" and ""4_z…"" series (e.g. ""4_z15R"", ""4_z17""), baddeleyites ""b1""–""b8"" with ""3_b…"" and ""4_b…"" series, and bulk rock ""WR1"" (Table 1, pp.4–6); ""CA""/""Untr."" beside each label marks chemical abrasion, not identity","Labelled for the lunar rocks by Apollo sample and split number: ""12002.613"", ""12018.301"", ""12052.353"", ""10017.413"", ""74275.361"", ""77215.276"" (Table 1, p.2), the last a ""white-colored fragment""; terrestrial rocks by name only (BCR-2, BHVO-2 …)","Labelled for LOsST only: ""LOsST 17-03-06 (Aliq 1)"" (Table 8b, p.22) — the Neptune and Nu Plasma runs ""were made on two different aliquots of the LOsST RM"" (p.24); UMd, DTM and DROsS by name and session date","Labelled for LOsST only: ""23-05-06NIGL (Aliq 2)"" (Table 8b, p.22), the second of the ""two different aliquots of the LOsST RM"" (p.24); DTM by name only","Labelled for the one duplicated sample: ""Allende I"" and ""Allende II"" (Table 1, p.4), ""duplicate splits from the same powder aliquot"" (p.3); every other sample by name only","Labelled by digestion where a sample was digested more than one way: ""Ivuna PB"" and ""Ivuna high PT"", ""30 mg Tagish Lake (labeled high PT)"" and ""90 mg Tarda (high PT)"" (p.4); Ryugu A0106, A0106-A0107 and C0108 and the other samples by name only","Labelled where a meteorite was analysed twice: ""NWA 16569 (1)"", ""NWA 16569 (2)"", ""NWA 16554 (1)"", ""NWA 16554 (2)"" (Table 1, p.2); the other chondrites by name only","Labelled: two solutions of the OC002 fragment — ""Approximately 7 mg of sample from the LAB24-2 OC002A and OC002B solutions ... were used for potassium stable isotope analysis"" (p.3)","Labelled: split ""OREX-803015-0"" — ""An ~20.66 mg split of Bennu aggregate (OREX-803015-0) was dissolved at WUSTL"" (p.7); the half of the solution kept at WUSTL is given no identifier of its own. The paper states its scheme: splits take ""suffixes of -100, -101, -102"" on the parent's number (p.7)","Labelled: aliquot ""OREX-803015-100"" — ""a 5.2 mg aliquot of Bennu aggregate (OREX-803015-100)"" (p.7)"
Sample Persistent Identifier,"Globally unique, persistent identifier for each sample listed in Sample Name. IGSN (International Geo Sample Number) is the recommended standard for geological and cosmochemical samples, as used by Astromat, EarthChem and SESAR. Where a sample and its sub-samples are separately registered, record the identifier at the level actually analysed.",N/A,Advanced,URI / IGSN,,Source: Core module,2026-09-15,sample,,,N,N,N,N,N,N,N,N,N,N,N,N,Curatorial sample identifiers stated: OREX-803015-101 (LLNL) and OREX-803015-100 (ETH Zurich),OREX-803015-100
Sample Description,"Brief description of sample provenance, form, or preparation state relevant to this analysis.",N/A,Basic,Text (free),,,2026-06-18,(none),,,N,N,N,N,N,N,N,N,N,N,N,N,N,N
Sample Preparation Method,"The form in which the sample is presented to the instrument, and the preparation that brought it to that form — for example mounting, sectioning, polishing, coating, crushing, fusion, or extraction of an electron-transparent section. Record 'None' where the material is analysed as received.",Basic,Editable,Controlled list / Text,Whole-rock powder | Mineral separate | Biogenic material (cleaned) | Natural water | Leachate or partial-dissolution fraction | Dissolved residue | Pre-digested liquid | N/A | None,Source: Core module,2026-09-28,sample,,,"Chondrule, matrix and bulk rock separates; preparation detailed in the supplementary material","Less than 50 mg weighed, digested, S purified on AG50-X8 cation exchange and diluted with 2% HNO3 to a 50 ppm S stock; for laser work, a 2 mm thick polished section on a petrographic slide — §2.1–2.2","Iron meteorite pieces ""cut using a diamond saw, polished with SiC abrasive paper, and cleaned in ethanol""","CAIs extracted from Allende slabs with a stainless steel dental tool and powdered, digested, REEs recovered from the U/TEVA matrix cut, extracted on TODGA and separated by two-step FPLC on Ln-Spec — Materials and Methods, after Tissot et al. (34)","Crushing in a stainless steel mortar, sieving through 375 µm plastic mesh, washing in a plastic gold pan, hand magnet, Frantz LB-1 magnetic separation, methylene iodide heavy liquid, hand picking under high-purity ethanol",Whole-rock powder,"N/A — reference material solutions, no solid preparation","N/A — reference material solutions, no solid preparation","""Whole rock samples were crushed by hand using an agate mortar until a fine powder was obtained. A minimum of 0.5 g of terrestrial rock or meteorite and 100 mg of lunar samples was crushed in order to avoid non-representational sample analysis""","Homogenised powder — Ivuna aliquots taken ""from a larger homogenized powder (550 mg)""",Handpieces cut into 2 mm slabs with a diamond wire saw; saw dust and crushed fusion-crust-free pieces digested; chondrules drilled out with tungsten carbide bits — Methods,Two fragments (39.49 mg and 48.34 mg) digested; ~7 mg of sample from the digest solutions taken for K — Bulk chemistry analysis; Potassium isotope analysis,"One digest split two ways: about half at WUSTL for K, Cu and Zn, half to LLNL and on to ETH Zurich — coordinated dissolution of an ~20.66 mg split (OREX-803015-0) at WUSTL","A 5.2 mg aliquot of the coordinated digest (OREX-803015-100), sent from WUSTL via LLNL — coordinated dissolution of an ~20.66 mg split (OREX-803015-0) at WUSTL"
Digestion Acid(s),"Acid mixture used for sample dissolution. Record acid type(s) and concentration(s) where known (e.g., concentrated HF–HNO3 in Parr bombs is standard for silicate dissolution).",Basic,Read-Only,Text (free),"e.g., HF–HNO3 | HF–HNO3–HClO4 | HNO3–HCl | HNO3 only | Aqua regia | N/A | None",Source: Solution Introduction module,2026-08-31,preparation step,"For isotope-ratio work, complete matrix dissolution is required to avoid isotopic fractionation during partial dissolution.",,HF–HNO3(–HClO4) attack: HF + HNO3 (+ HClO4); inverse aqua regia: HNO3 + HCl — §2,HNO3 attack: 50% HNO3; HNO3–HCl digestion: concentrated HNO3 + 50% HCl; re-dissolution: 2% HNO3 — §2.2,iron aqua regia: 3:1 HCl–HNO3; basalt HF–HNO3: 2:1 HF–HNO3; basalt aqua regia: aqua regia; chloride conversion: 10 M HCl — §2.1,"HF–HNO3–HClO4 attack: 3:1 HF/HNO3 + HClO4; HCl–HNO3 attack: 2:1 HCl:HNO3; final uptake: concentrated HNO3, then 3 M HNO3","chemical abrasion: 29 M HF; U-Pb dissolution: 29 M HF; Zr-only dissolution: 20% HNO3, then 29 M HF; spike equilibration: N",HF–HNO3–HClO4 attack: 28 M HF + 15 M HNO3 + 10 M HClO4; HCl–HNO3 attack: 11 M HCl + 15 M HNO3; HNO3 attack: 15 M HNO3; Parr bomb: N,N/A — reference material solutions in 3 or 5 mol/l Teflon-distilled HCl,N/A — reference material solutions in Teflon-distilled 3 mol/l HCl,HF/HNO3 attack: concentrated HF/HNO3; HCl step: 6N HCl,"hotplate HF–HNO3: concentrated HF–HNO3; HNO3–HCl: HNO3–HCl; HNO3–H2O2 dissolution: HNO3–H2O2; high-PT HF–HNO3: concentrated HF–HNO3; Parr bomb: concentrated HF–HNO3; Ivuna high-PT: concentrated HF–HNO3, then concentrated HCl","Parr bomb: 3:1 7 M HNO3 : 28 M HF; aqua regia: aqua regia; NaOH fusion: NaOH, then Milli-Q water and HNO3",HF–HNO3 attack: 3:2 HF : HNO3; H2O2 step: concentrated HNO3 + H2O2; HCl step: HCl; final uptake: 2% HNO3,"HF–HNO3 attack: 3:1 concentrated HF : HNO3; HNO3–HCl flux: concentrated HNO3 and HCl, with H2O2; final uptake: 0.5 M HNO3","HF–HNO3 attack: 3:1 concentrated HF : HNO3; HNO3–HCl flux: concentrated HNO3 and HCl, with H2O2; final uptake: 0.5 M HNO3"
Digestion Vessel Type,Type of vessel used for acid digestion.,Basic,Read-Only,Text (free),"e.g., Savillex beaker | Parr bomb | TFE/TFM bomb | Carius tube | HPA-S | Open beaker | N/A | None",Source: Solution Introduction module,2026-08-31,(none),"Vessel type constrains maximum temperature and pressure and determines suitability for refractory mineral dissolution (e.g., Parr bombs required for complete silicate digestion at high temperatures).",,"""closed Savillex beakers""",15 ml PTFE digestion vessel,N — 'on a hot plate',N,"""clean Teflon microcapsules"" inside ""a large-volume Parr digestion vessel""",30 ml fluoropolymer vessel,N/A,N/A,"""closed Teflon bombs""","Octagonal-body Savillex vials; Parr bomb (Ivuna PB, BCR-2, AGV-1); hotplate (BHVO-2)",Parr bombs; silver crucibles for the NaOH fusion,PFA vials,Closed beaker,Closed beaker
Digestion Step,"Each distinct acid digestion step applied to dissolve the sample, listed in the order performed and named by its attack. A step is distinct when its acid mixture, vessel, temperature or duration differs from the one before; an evaporation or dry-down that carries no attack of its own is part of the step it follows, and an identical attack repeated on the residue is a repeat of that step rather than a new one. Enumerating the steps is what allows Digestion Acid(s), Digestion Temperature and Digestion Duration to be recorded per step. Record N/A where the sample is introduced without acid digestion.",Basic,Read-Only,Text (free),"e.g., '1: HF-HNO3, Parr bomb | 2: aqua regia reflux of the residue' | '1: HF-HNO3-HClO4 | 2: HNO3-HCl | 3: HNO3-H2O2' | 'Single step' | 'N/A (no acid digestion)'",Source: Solution Introduction module,2026-09-08,defines: preparation step,"Naming each step is what lets acid, temperature and duration be read per step; a bare count cannot say which conditions belong to which attack, and cannot settle whether a repeated attack or an intervening evaporation counts.",,HF–HNO3(–HClO4) attack (closed Savillex beakers on a hotplate); inverse aqua regia — §2,"HNO3 attack (5 ml 50% HNO3, hot plate below 70 °C, to dryness); HNO3–HCl digestion (3 ml concentrated HNO3 + 2 ml 50% HCl, sealed PTFE vessel, 70 °C, to dryness); re-dissolution (4 ml 2% HNO3, AgCl from Ag2S removed by centrifugation) — §2.2","iron aqua regia (iron meteorites, ~50 mg pieces, 3:1 HCl–HNO3, hot plate); basalt HF–HNO3 (basalts, 2:1, hot plate); basalt aqua regia (several steps); chloride conversion (redissolved in 0.25 ml 10 M HCl) — §2.1","HF–HNO3–HClO4 attack (3:1 HF/HNO3 with a few drops of HClO4, hot plate, 160 °C, 2 weeks); HCl–HNO3 attack (evaporated, then 2:1 HCl:HNO3, 1 week on a hot plate); final uptake (dried, dissolved in concentrated HNO3, diluted in 3 M HNO3 and centrifuged) — the two attacks 'were performed twice to ensure complete digestion'","chemical abrasion (19 zircons for U-Pb, annealed at 900 °C for 60 h, then leached in 29 M HF in a Parr vessel at 215 °C for 12 h); U-Pb dissolution (dated crystals, 29 M HF in microcapsules in a Parr vessel, 215 °C, 48 h); Zr-only dissolution (crystals not dated, fluxed in 20% HNO3 at 60 °C for 2 h, then 29 M HF in microcapsules in a Parr vessel, 215 °C, 60 h); spike equilibration (with the ⁹¹Zr–⁹⁶Zr spike, fluxed at 140 °C overnight, dried down twice and redigested) — Materials and Methods","HF–HNO3–HClO4 attack (4 ml 28 M HF + 2 ml 15 M HNO3 + 1 ml 10 M HClO4, closed 30 ml fluoropolymer beaker, 130 °C, 24 h); HCl–HNO3 attack (dried at 130 °C, 4.5 ml 11 M HCl + 1.5 ml 15 M HNO3, closed, 130 °C, 24 h, repeated twice); HNO3 attack (dried, 4 ml 15 M HNO3, closed, hotplate, 24 h); Parr bomb (undigested residue, 175–180 °C, at least 3 days) — A.1; the bomb step only when a sample was not fully digested","N/A - reference material solutions, no digestion.","N/A - reference material solutions, no digestion.","HF/HNO3 attack (concentrated HF/HNO3, closed Teflon bombs, 130 °C, >48 h); HCl step (after evaporation, 6N HCl at 130 °C to dissolve fluoride complexes, then evaporated to dryness) — §2.2","hotplate HF–HNO3 (Ryugu, 180 °C, 3–7 days); HNO3–HCl (120 °C, 12 h); HNO3–H2O2 dissolution; high-PT HF–HNO3 (Tagish Lake, Tarda, octagonal-body Savillex vials, 220 °C, about a week); Parr bomb (Ivuna PB, BCR-2, AGV-1, HF–HNO3, 170 °C); Ivuna high-PT (HF–HNO3 for 3 days, then HCl for 2 days, Savillex vial in an oven at 160 °C) — BHVO-2 in HF–HNO3 on a hotplate","Parr bomb (3:1 7 M HNO3 : 28 M HF, 1 day at 150 °C and 2 days at 210 °C); aqua regia (dried, taken up for two more days on a hotplate); NaOH fusion (Si portion, silver crucibles, 720 °C, 13 min) — Methods","HF–HNO3 attack (3:2 concentrated HF : double-distilled HNO3 in PFA vials, hotplate, 150 °C, ~1 week); H2O2 step (dried under a heat lamp, 1 mL concentrated HNO3 with 1 mL H2O2 added in 0.1 mL increments); HCl step (dried, dissolved in double-distilled HCl); final uptake (dried, 5 mL 2% HNO3) — after Lauretta et al. (2024)","HF–HNO3 attack (concentrated HF and HNO3 3:1, closed beaker, 170 °C, 48 h); HNO3–HCl flux (concentrated HNO3 and HCl, 1 ml H2O2 added slowly during the HNO3 flux to remove organics); final uptake (5 ml 0.5 M HNO3) — coordinated dissolution of an ~20.66 mg split (OREX-803015-0) at WUSTL","HF–HNO3 attack (concentrated HF and HNO3 3:1, closed beaker, 170 °C, 48 h); HNO3–HCl flux (concentrated HNO3 and HCl, 1 ml H2O2 added slowly during the HNO3 flux to remove organics); final uptake (5 ml 0.5 M HNO3) — coordinated dissolution of an ~20.66 mg split (OREX-803015-0) at WUSTL"
Digestion Temperature,Temperature at which acid digestion was carried out (°C).,Basic,Editable,Numeric (°C),"e.g., '90–120 °C (hotplate, Savillex beaker)' | '150–190 °C (Parr bomb, refractory phases)' | '220 °C (HPA-S)'",Source: Solution Introduction module,2026-08-25,preparation step,,,N,HNO3 attack: below 70 °C; HNO3–HCl digestion: 70 °C; re-dissolution: N — §2.2,iron aqua regia: 120 °C; basalt HF–HNO3: 150 °C; other: N — §2.1,HF–HNO3–HClO4 attack: 160 °C; other: N,"chemical abrasion: 900 °C (annealing), then 215 °C; U-Pb dissolution: 215 °C; Zr-only dissolution: 60 °C, then 215 °C; spike equilibration: 140 °C",HF–HNO3–HClO4 attack: 130 °C; HCl–HNO3 attack: 130 °C; HNO3 attack: N; Parr bomb: 175–180 °C,N,N,HF/HNO3 attack: 130 °C; HCl step: 130 °C,hotplate HF–HNO3: 180 °C; HNO3–HCl: 120 °C; high-PT HF–HNO3: 220 °C; Parr bomb: 170 °C; Ivuna high-PT: 160 °C; other: N,"Parr bomb: 150 °C, then 210 °C; aqua regia: N; NaOH fusion: 720 °C",HF–HNO3 attack: 150 °C; other: N,HF–HNO3 attack: 170 °C; other: N,HF–HNO3 attack: 170 °C; other: N
Digestion Duration,Duration of the primary acid digestion step (hours or days).,Basic,Editable,Text (free),"e.g., '12 h' | '24 h' | '48 h (refractory accessory phases)' | '3 days (multi-step with intermediate dry-down)'",Source: Solution Introduction module,2026-08-25,preparation step,,,N,N — 'taken to dryness',iron aqua regia: 24 h; basalt HF–HNO3: 48 h; other: N — §2.1,HF–HNO3–HClO4 attack: 2 weeks; HCl–HNO3 attack: 1 week; final uptake: N,"chemical abrasion: 60 h, then 12 h; U-Pb dissolution: 48 h; Zr-only dissolution: 2 h, then 60 h; spike equilibration: overnight","HF–HNO3–HClO4 attack: 24 h; HCl–HNO3 attack: 24 h, twice; HNO3 attack: 24 h; Parr bomb: at least 3 days",N,N,HF/HNO3 attack: >48 h; HCl step: N,"hotplate HF–HNO3: 3–7 days; HNO3–HCl: 12 h; high-PT HF–HNO3: about a week; Ivuna high-PT: 3 days, then 2 days; other: N",Parr bomb: 3 days; aqua regia: 2 days; NaOH fusion: 13 min,HF–HNO3 attack: ~1 week; other: N,HF–HNO3 attack: 48 h; other: N,HF–HNO3 attack: 48 h; other: N
Final Solution Matrix,"Acid type and concentration of the final dissolved sample solution introduced to the instrument. For isotope-ratio procedures, match acid molarity precisely between samples and bracketing standards. Procedures targeting HFSE may add trace HF to the final solution to keep those elements in solution.",Basic,Read-Only,Text (free),"e.g., 0.3 M HNO3 | 2% HNO3 | 0.5 M HCl | 3 M HCl | N/A | None",Source: Solution Introduction module,2026-09-08,acquisition pass,Directly affects instrument response and ion transmission. Mismatched molarity introduces matrix-induced mass bias offsets.,,N,all: 2% HNO3 — a 50 ppm S stock (§2.2); standards at 20 ppm S,"all: 10 µg/g Fe in 0.45 M HNO3 — §2.3; 'All sample and standard solutions were prepared with the same 0.3 M HNO3 solution', concentrations matched within ≤2%","N — standards 'diluted to the same concentration as the sample, in the same acid'; 15–25 ppb for the LREEs, 1.5–10 ppb for Eu and the HREEs",all: 0.59 M HNO3 + 0.28 M HF at 60 ng/g total Zr — samples and bracketing standards matched in concentration and acid matrix,"all: 0.3 M HNO3, ~15–25 ppb Rb — samples and standards matched in Rb concentration within 1%",all: Teflon-distilled 3 or 5 mol/l HCl — 200 ng/ml to 2.5 µg/ml Os,all: Teflon-distilled 3 mol/l HCl,"spray chamber: 0.1N HNO3, 10 ppb Rb; APEX: 0.1N HNO3, 4 ppb Rb — §2.2–2.3",all: 0.5 M HNO3–0.005 M HF at 30 ppb Zr — samples and standards,N — the Cr cut is eluted in 6 M HCl; the measurement matrix is not stated,all: 300 ppb K — the acid is not stated,K: 200 ppb; Cu: 100 ppb; Zn: 200 ppb — samples and standards; the acid is not stated,N
Sample Aliquot Mass or Volume,Mass (mg) of solid material digested or volume (mL) of liquid taken for dissolution.,Advanced,Editable,Numeric (mg or mL),"e.g., '50 mg (whole-rock silicate)' | '25 mg (mass-limited meteorite)' | '100 mg (low-abundance trace elements)' | '1–5 mL (aqueous sample)'",Source: Solution Introduction module,2026-08-25,sample,Used for yield calculations and concentration back-calculation.,,0.3–0.5 g digested; ~100 ng Mo consumed per measurement,<50 mg weighed; 500 µg S taken for column purification,~1-2 mg Fe per analysis; ~50 mg meteorite pieces,"N — ~30% of the U/TEVA matrix cut, equivalent to 24% of the whole CAI; CAIs of 15–440 mg",Single crystals; ~50 µl (5% of sample) taken for concentration measurement,~100 mg or less; ~40 ng Rb typical,Up to 600 ng Os consumed per analysis; ~300 µl of solution,~6400 µl of solution per analysis,"<=125 mg powder, calculated to yield >20 ng Rb",Ryugu <25 mg with ~40–70 ng Zr; 15 ng Zr consumed per 30 ppb analysis,~100–200 mg of saw dust and crushed pieces — 5% fractions for ICPMS and for Al/Mg,~7 mg of sample — from the OC002A and OC002B solutions,"~20.66 mg split, about half used at WUSTL",5.2 mg
Chromatographic Separation Applied,"Whether chromatographic separation of element groups (e.g., using ion exchange resin) was performed prior to analysis. Record resin type and elution matrix conditions if applied. Record 'None' if the direct digestion solution is analyzed.",Basic,Read-Only,Controlled list / Text,Yes | N/A | None,Source: Solution Introduction module,2026-08-31,(none),"Separation may be required to remove matrix elements that cause variable mass bias, to eliminate isobaric interferences, or to isolate an element group before measurement (e.g., Fe and Cu–Zn for isotope dilution, Hf separation from REE, removal of Cr and Ni from Fe fractions). It is usually mandatory for isotope-ratio procedures and optional for concentration measurement.",,"Yes, two-stage anion exchange for W, with Mo collected in 3 M HNO3 and further purified on Eichrom TRU Resin; Ba separated on AG50-X8","Yes, AG50-X8 (H+) cation exchange, 2.5 ml resin conditioned with 1.4 N HNO3; S and oxyanions pass, matrix retained; yield 98 ± 4% (§2.2)","Yes, AG1-X8 (200-400 mesh) anion resin, 3 ml, 10.5 cm PFA columns; repeated with new resin. Overall Fe yield >99%","Yes, U/TEVA, TODGA, then two-step FPLC on Ln-Spec resin (70 cm x 1.6 mm, 1.4 ml of 25–50 µm resin, 94 steps, 188 ml, 16 h at 70 °C, 0.17 ml/min). Overall yields >95%","Yes, AG-1X for U-Pb; Ln-Spec (~300 µl, 25–50 µm) for Zr, giving >95% Zr, undetectable REEs and <3% of initial Hf; TODGA first stage for bulk rocks","Yes, five steps: AG50W-X8 cation, a second cation column, AG1-X8 anion in 2 M HF for Ti, a 40 cm Eichrom Sr resin column for Rb-K, and an AG50W-X8 clean-up. Yields >95%",N/A — reference material solutions,N/A — reference material solutions,"Yes, DGA resin Ca removal (1.8 mL), then AG50 X12 (20 mL and 10 mL) in 3N HCl, then AG50 X8 (1 mL) in 0.5N HCl. Reduces K/Rb by a factor of 200 to K/Rb<2 and gives 88Sr/85Rb<0.005","Yes, four-step separation on anion exchange (AG 1-X8), DGA and LN resin; two-stage anion exchange for Ivuna; three-stage AG 1-X8 + LN for terrestrial samples","Yes, AG1-X8 anion (1 ml) for Fe, then AG50-X12 cation (1 ml) twice for Cr and Mg","Yes, twice through 1.5 mL Bio-Rad AG50W-X8 100–200 mesh cation resin, loading, matrix elution and K elution all in 0.5 M HNO3","Yes, K: triple-pass AG50W-X8 cation exchange; Cu and Zn: AG1-X8 anion exchange (Cu in 22 ml 6 M HCl, Zn in 10 ml 3 M HNO3), with a second pass for Cu and an HBr–HNO3 AG1-X8 step for Zn","Yes, three-step anion exchange chromatography after ref. 71; yields 75–100%"
Isotope Dilution Spike,"Isotopic spike material added to the sample before or during digestion for isotope dilution (ID) analysis or double-spike mass bias correction. For double-spike procedures, add and equilibrate the spike before digestion. For concentration ID, the spike must be added before digestion for complete equilibration. Record spike name or certificate reference, spike isotopes, and whether added pre- or post-digestion. Record 'None' if ID or double-spike technique is not used.",Basic,Read-Only,Text (free),"e.g., IRMM-3636 (233U–236U double spike) | 117Sn–122Sn double spike (in-house) | 57Fe–58Fe double spike | None | N/A",Source: Solution Introduction module,2026-08-31,(none),Spiking before digestion corrects for isotopic fractionation during dissolution and column chemistry.,,N/A — no isotope dilution spike; mass bias handled by standard-sample bracketing or internal normalization,N/A — no isotope dilution spike; mass bias handled by standard-sample bracketing or internal normalization,N/A — no isotope dilution spike; mass bias handled by standard-sample bracketing or internal normalization,N/A — no isotope dilution spike; mass bias handled by standard-sample bracketing or internal normalization,"In-house 91Zr-96Zr double spike, added at a 0.43:0.57 spike-to-sample Zr mass ratio",N/A — no isotope dilution spike; mass bias handled by standard-sample bracketing or internal normalization,N/A — no isotope dilution spike; mass bias handled by standard-sample bracketing or internal normalization,N/A — no isotope dilution spike; mass bias handled by standard-sample bracketing or internal normalization,N/A — no isotope dilution spike; mass bias handled by standard-sample bracketing or internal normalization,N/A — no isotope dilution spike; mass bias handled by standard-sample bracketing or internal normalization,N/A — no isotope dilution spike; mass bias handled by standard-sample bracketing or internal normalization,N/A — no isotope dilution spike; mass bias handled by standard-sample bracketing or internal normalization,N/A — no isotope dilution spike; mass bias handled by standard-sample bracketing or internal normalization,N/A — no isotope dilution spike; mass bias handled by standard-sample bracketing or internal normalization
,,,,,,,,,,,,,,,,,,,,,,,,
3. Instrument & Software,,,,,,,,,,N,N,N,N,N,N,N,N,N,N,N,N,N,N,N
Instrument Manufacturer,"Manufacturer of the instrument that performs the measurement, recorded as a controlled value. Where a procedure couples a sample-introduction system to an analysing instrument, this records the analysing instrument. Instrument Model gives the specific designation.",Basic,Read-Only,Controlled list,Thermo Fisher Scientific | Agilent | PerkinElmer | Nu Instruments | Analytik Jena | Shimadzu | Unknown | N/A | None,Source: Core module,2026-08-30,(none),Recording it as a controlled value lets procedures be found by vendor.,,Thermo Fisher Scientific,Thermo Fisher Scientific,Thermo Fisher Scientific,Thermo Fisher Scientific,"Nu Instruments — ""a Nu Plasma II MC-ICP-MS fitted with an enhanced sensitivity interface""",Thermo Fisher Scientific,Thermo Fisher Scientific,Thermo Fisher Scientific,Thermo Fisher Scientific,Thermo Fisher Scientific,Thermo Fisher Scientific,Thermo Fisher Scientific,Thermo Fisher Scientific,Thermo Fisher Scientific
Instrument Model,"Model designation of the instrument that performs the measurement, including any generation or configuration suffix. Conventionally written with the manufacturer name included; Instrument Manufacturer records the vendor separately, as a controlled value, so that procedures remain findable by vendor.",Basic,Read-Only,Text (free),"e.g., Thermo Scientific Neptune | Thermo Scientific Neptune Plus | Nu Instruments Nu Plasma II | Nu Instruments Nu Plasma 1700 | Nu Instruments Nu Sapphire | IsotopX Phoenix | N/A | None",Source: Core module,2026-08-31,(none),,,Neptune Plus,"NEPTUNE (""Thermo Electron NEPTUNE"")","Neptune ""upgraded to Neptune Plus specifications""","Neptune Plus ""with the addition of an OnTool booster""",Nu Plasma II,Neptune,Neptune,Nu Plasma,Neptune Plus,Neptune Plus,Neoma,Neptune Plus,Neptune Plus,Neptune Plus
ICP-MS Type,"Type of ICP-MS system - the mass analyser and, where the instrument has one, the collector configuration.",Basic,Read-Only,Controlled list,Multi-collector sector-field (MC-ICP-MS) | N/A | None,Source: ICP-MS module,2026-08-30,(none),"Multi-collector sector-field instruments combine a magnetic sector and electrostatic analyser with a fixed array of Faraday cups (and optionally ion counters) that simultaneously collect multiple isotope beams, enabling high-precision static multi-collection.",,"Multi-collector sector-field ICP-MS [all columns state ""multi-collector inductively coupled plasma mass spectrometer""]","Multi-collector sector-field ICP-MS [all columns state ""multi-collector inductively coupled plasma mass spectrometer""]","Multi-collector sector-field ICP-MS [all columns state ""multi-collector inductively coupled plasma mass spectrometer""]","Multi-collector sector-field ICP-MS [all columns state ""multi-collector inductively coupled plasma mass spectrometer""]","Multi-collector sector-field ICP-MS [all columns state ""multi-collector inductively coupled plasma mass spectrometer""]","Multi-collector sector-field ICP-MS [all columns state ""multi-collector inductively coupled plasma mass spectrometer""]","Multi-collector sector-field ICP-MS [all columns state ""multi-collector inductively coupled plasma mass spectrometer""]","Multi-collector sector-field ICP-MS [all columns state ""multi-collector inductively coupled plasma mass spectrometer""]","Multi-collector sector-field ICP-MS [all columns state ""multi-collector inductively coupled plasma mass spectrometer""]","Multi-collector sector-field ICP-MS [all columns state ""multi-collector inductively coupled plasma mass spectrometer""]","Multi-collector sector-field ICP-MS [all columns state ""multi-collector inductively coupled plasma mass spectrometer""]","Multi-collector sector-field ICP-MS [all columns state ""multi-collector inductively coupled plasma mass spectrometer""]","Multi-collector sector-field ICP-MS [all columns state ""multi-collector inductively coupled plasma mass spectrometer""]","Multi-collector sector-field ICP-MS [all columns state ""multi-collector inductively coupled plasma mass spectrometer""]"
Instrument Serial Number or Lab Identifier,Serial number or laboratory-internal identifier for the specific instrument unit.,Advanced,Editable,Text (free),,Source: ICP-MS module,2026-08-25,(none),Supports traceability to instrument service records.,,N,N,N,N,N,N,N,N,N,N,N,N,N,N
Torch Type,"Type of plasma torch installed (e.g. standard quartz, high-matrix, low-flow).",Advanced,Read-Only,Text (free),Standard quartz | High-matrix | Low-flow | N/A | None,Source: ICP-MS module,2026-08-30,(none),,,N,N,N,N,N,N,N,N,N,N,N,N,N,N
Interface Cone Configuration,Geometry and designation of the sampler and skimmer cones installed during analysis. State both cones.,Basic,Read-Only,Text (free),"e.g., Ni H-sampler + Ni H-skimmer (standard) | Ni H-sampler + Ni X-skimmer | Ni Jet-sampler + Ni X-skimmer (with interface pump) | N/A | None | For Neptune-type instruments, H-cones (standard) and X-cones (high-sensitivity, ~3× higher transmission) are common options.",Source: ICP-MS module,2026-08-31,(none),Jet cones combined with an interface pump upgrade are used on some instruments for enhanced sensitivity. The choice affects ion beam intensity.,,Standard sample and (H) skimmer cones,X-cones,H skimmer cones,N,N,Normal sampler and skimmer cones,N,N,Sample cone Jet; skimmer cone H,"""Normal skimmer and sampler cones were utilized""",Jet sampler and X skimmer cones — stated for the Cr measurements,N,N,N
Sampler and Skimmer Cone Material,Material composition of the sampler and skimmer cones. State both sampler and skimmer materials; a single statement is acceptable where they are identical.,Advanced,Read-Only,Controlled list / Text,Ni sampler and Ni skimmer | Pt sampler and Pt skimmer | Ni sampler and Pt skimmer | Al sampler and Al skimmer | N/A | None,Source: ICP-MS module,2026-08-31,(none),"Nickel is standard for most aqueous and nitric matrices; platinum is used for HCl-rich, high-TDS or organic matrices for its greater corrosion resistance; aluminium is used in some laboratories for high-purity work or enhanced sensitivity.",,Ni,Ni,"Pt sampler (wet plasma, MR) or Ni sampler (dry plasma, HR), with H skimmer cones — §2.3",N,N,Ni,N,N,N,N,N,N,N,N
Torch Depth,"Distance between the load coil and the sampling cone tip (mm), also called injector depth or torch position depending on the instrument manufacturer.",Advanced,Editable,Text (free),5 mm | Standard position (manufacturer default) | N/A | None,Source: ICP-MS module,2026-08-25,(none),"Affects ion transmission efficiency, oxide formation, and doubly-charged species production.",,N,N,N,N,N,N,N,N,N,N,N,N,N,N
Guard Electrode,"Whether a guard electrode - also called a grounded shield electrode, extraction lens, or Fassel torch shield - is installed and active on the torch assembly.",Basic,Read-Only,Controlled list,On | Off | Not installed | N/A | None,Source: ICP-MS module,2026-08-30,(none),"Capacitively decouples the plasma from the load coil, reducing secondary discharge and improving ion extraction efficiency.",,N,"""Pt-guard electrode: On, grounded""",N,N,N,N,N,N,N,N,N,N,N,N
Faraday Cup Array Configuration,"Description of the multi-collector Faraday cup array. Specify the total number of Faraday cup detectors (fixed and moveable), their labeled positions (e.g., L4, L3, L2, L1, Ax, H1, H2, H3, H4 for a 9-cup Neptune), and the presence and position of any ion counter (SEM) or Daly detector in the collector block.",Basic,Read-Only,Text (free),Neptune: 9 Faraday cups (L4–H4) + 1 SEM (axial or off-axis); Nu Plasma II: 16 Faraday cups + 3 ion counters | N/A | None,Source: MC-ICP-MS module,2026-08-30,(none),The number and span of cups constrains which isotope combinations can be simultaneously collected.,,N,"Nine Faraday cups — ""equipped with nine Faraday Cups"" (p.3); Table 1 gives detection system ""Faraday cups"" and acquisition mode ""Static, analogue detectors"" (p.3). No ion counter stated",N,N,N,"Nine Faraday collectors — ""The MC-ICPMS at the University of Chicago is equipped with nine Faraday collectors"" (p.8). No ion counter stated","""The Durham Neptune has a 9 Faraday collector array equipped with 10^11 Ω resistor amplifiers which allow a maximum beam of 50 V per channel"" (p.3). An SEM ion counter is also present — abundance sensitivity ""was determined by scanning the low mass tail of a 30 V 192Os beam using the SEM"" (p.3); its position is not stated","Seven Faraday cups — ""fitted with a 7 Faraday ‘U–Pb’ collector block and 10^11 Ω resistor amplifiers which permitted maximum beam sizes of 10 V per channel"" (p.4). No ion counter stated",N,N,N,N,N,N
Faraday Cup Amplifier Resistor Values,"Resistance values (Ω) of the feedback resistors in the Faraday cup amplifiers. Standard amplifiers use 10¹¹ Ω resistors, yielding 1 V per ~6.24 × 10⁶ ion counts per second. Report the resistor value per cup position, or note 'all 10¹¹ Ω' if uniform.",Basic,Read-Only,Text (free),"e.g., 10¹¹ Ω | 10¹³ Ω | N/A | None",Source: MC-ICP-MS module,2026-09-29,monitored property,"High-gain amplifiers (10¹² or 10¹³ Ω) are fitted to selected cups to improve signal-to-noise for very low-intensity beams (e.g., 234U, low-abundance spike isotopes).",,N,N,"56Fe: 10^10 Ω; 54Fe, 57Fe, 58Fe: 10^11 Ω; 53Cr, 60Ni: 10^12 Ω — §2.3",N,N,"85Rb, 87Rb, 88Sr: 10^11 Ω — 'All three collectors were equipped with the 10^11 Ω amplifiers'",all: 10^11 Ω — a maximum beam of 50 V per channel,N,all: 10^11 Ω — §2.3,"90Zr, 91Zr, 92Zr, 94Zr, 96Zr, 95Mo: 10^11 Ω; 99Ru, 101Ru: 10^12 Ω","24Mg, 25Mg, 26Mg: 10^11 Ω; other: N",N,N,48Ti: 10^11 Ω; other: N — 'a signal of around 40 V over a 10^11-Ω resistor on 48Ti'
Faraday Cup Gain Calibration Method,"Method used to calibrate the relative gain (amplification factor) of each Faraday cup amplifier at the start of or during each analytical session. Common approaches: instrument internal gain calibration routine (measures signal in each cup sequentially using a common beam), amplifier rotation procedure, or measurement of a known isotope ratio solution in each cup. For instruments with SEM detectors, also describes the SEM-to-Faraday cross-calibration sequence. Specify frequency (per session, per block, weekly).",Basic,Read-Only,Text (free),Instrument internal gain calibration routine; baseline and gain calibrated at session start and daily | SEM-to-Faraday cross-calibration measured per session using known ratio solution | N/A | None,Source: MC-ICP-MS module,2026-09-10,monitored property,Relative gain differences between amplifiers cause systematic errors in isotope ratios if uncorrected.,,N,N,N,N,N,N,"all: amplifier gains measured on peak with the line of sight valve closed at the start of each session, with the Virtual Amplifier in rotation mode to cancel them — §3.1",N,N,N,N,N,N,N
Mass Resolution Setting,"Operating mass resolution of the mass analyser. Where the analyser permits selection, state the mode; where individual target species are assigned to different modes, state each.",Basic,Editable,Controlled list / Text,"Unit resolution (quadrupole, fixed) | Low resolution (LR) | Medium resolution (MR) | High resolution (HR) | Multiple modes assigned per target species | N/A | None",Source: ICP-MS module,2026-09-01,(none),"MC-ICP-MS instruments allow selection of low resolution (LR; m/Δm ≈ 300–400), medium resolution (MR; m/Δm ≈ 3000–8000), or high resolution (HR; m/Δm ≈ 10,000–12,000). Most isotope ratio measurements use low resolution after chemical separation has removed interfering elements. Medium or high resolution is used when polyatomic interferences (e.g., ArN+, ArO+, ArOH+ on Fe isotopes) cannot be fully resolved by chemistry alone.",,N,"""High (entrance slit); Low (detector slit)""","MR or HR, on the flat-topped peak shoulder — §2.3",N,N,Low resolution,N,N,Low resolution — §2.3,N,"Medium resolution, M/ΔM > 6,000 — defined by the 5% to 95% peak edge width","Measured ""on the left 'shoulder' of the peak to resolve the difference between 40Ar1H+ and 41K+""","High-mass-resolution slit for K, low-mass-resolution slit for Cu and Zn","Medium mass resolution, R ≈ 6,600–7,000 (R = m/m0.95 − m0.05)"
Collision/Reaction Cell (CRC) Configuration,"Whether a collision or reaction cell is installed and its operating mode. In standard mode (STD), no cell gas is introduced and the cell acts only as an ion guide. In kinetic energy discrimination (KED) mode, helium thermalizes ions so that polyatomic interferences, which have a larger collision cross-section, are selectively retarded by a cell exit barrier voltage. In dynamic reaction cell (DRC) mode, a reactive gas selectively neutralizes specific interferences through ion-molecule reactions. Specific gas types, flow rates and cell voltages are documented in Group 4. Record 'Not installed' where the instrument has no collision/reaction cell.",Basic,Read-Only,Controlled list / Text,"Not installed | STD (standard mode, no gas) | KED (kinetic energy discrimination, He gas) | DRC (dynamic reaction cell, reactive gas) | KED+DRC | MS/MS (pre-cell mass filter) | N/A | None",Source: collision/reaction cell module,2026-09-10,monitored property,On MS/MS instruments a second mass filter preceding the cell enables precursor-ion selection.,,N,N,N,N,N,N,N,N,N,N,N,N,N,N
Nebulizer Type,Type and material of the pneumatic nebulizer used for sample introduction.,Basic,Read-Only,Text (free),"e.g., PFA self-aspirating MicroFlow (50–100 µL/min) | PFA-ST | Glass concentric | ESI Apex-HF nebulizer | N/A | None",Source: Solution Introduction module,2026-08-31,(none),Affects droplet size distribution and sample introduction efficiency.,,Savillex C-Flow PFA nebulizer,"PFA-50, Elemental Scientific, Inc.",N — introduced through a cyclonic glass spray chamber or an ESI Apex Ω system,N,N — introduction through a Cetac Aridus II desolvator nebulizer,N,ESI PFA-50 micro-flow nebuliser,GE Micromist — §3.2,ESI PFA MicroFlow nebulizer (100 µL/min) — §2.3,PFA nebulizer with an Aridus II desolvating nebulizer system,N,N — introduction through an Elemental Scientific APEX Omega desolvating nebulizer,N,N
Spray Chamber Type and Cooling Temperature,Type of spray chamber and cooling temperature if thermostatted (°C).,Basic,Read-Only,Text (free),"e.g., Stable Introduction System (SIS): cyclonic + Scott double-pass | Scott double-pass (glass) at 2°C | Cyclonic at 5°C | Spray chamber downstream of Aridus II | N/A | None",Source: Solution Introduction module,2026-08-31,(none),Chamber type and temperature control aerosol droplet size and the solvent vapor load reaching the plasma. In some procedures a spray chamber is placed downstream of a desolvating nebulizer to improve signal stability.,,N,"SSI cyclonic spray dual chamber, Elemental Scientific, Inc.; cooling not stated","Cyclonic glass spray chamber, for MR wet-plasma work — §2.3",N,N,"""a dual cyclonic-Scott-type quartz spray chamber""; cooling not stated","Glass Expansion micro-cyclonic ""Cinnabar"" spray chamber; cooling not stated",GE Cinnabar micro-cyclonic spray chamber,Quartz cyclonic spray chamber — §2.3,N,N,N,"Quartz glass dual cyclonic spray chamber, for Cu and Zn",N
Desolvation System,Desolvating nebulizer or membrane desolvator used upstream of the plasma to reduce solvent load. Record 'None' if not used.,Advanced,Read-Only,Controlled list / Text,Aridus I | Aridus II | Apex Q | Apex IR | Apex HF | None | N/A,Source: Solution Introduction module,2026-09-08,acquisition pass,"Lowers oxide production rates and increases sensitivity, and is commonly used for low-abundance target species or small sample sizes. Note the trade-off: desolvation can introduce additional instrumental mass bias instability relative to wet plasma introduction.",,all: Cetac Aridus II — with a Savillex C-Flow PFA nebulizer,all: none — 'passing solutions through a desolvating nebulizer to obtain dry plasma conditions is not viable for bulk analysis' (§2.3),"MR: none; HR: ESI Apex Ω, with no auxiliary N2 flow — §2.3",all: Apex Omega desolvating nebulizer — Materials and Methods,all: Cetac Aridus II — 'Analyses were conducted in dry plasma mode',all: none — a dual cyclonic-Scott-type quartz spray chamber,all: none — desolvating nebulisers 'have been shown to suffer severe memory problems for Os' (§3.1),all: none — GE Micromist nebuliser and Cinnabar spray chamber (§3.2),spray chamber: none; APEX: APEX desolvating introduction system — the APEX 'routinely yielded lower precisions (by ~0.03‰)',all: Aridus II,Fe: ESI Apex2HF with an actively cooled membrane unit; Cr: ESI Apex HF with an actively cooled membrane unit; Mg: ESI Apex Omega,all: Elemental Scientific APEX Omega — 'to improve sensitivity and minimize the generation of hydrides',K: Elemental Scientific APEX Ω; Cu: none; Zn: none,N
Sample Uptake Rate,Peristaltic pump speed or self-aspiration flow rate for sample introduction (µL/min or mL/min).,Basic,Editable,Numeric (µL/min or mL/min),"e.g., '50–100 µL/min (self-aspirating PFA nebulizer)' | '200–400 µL/min (micro-flow, peristaltic)' | '1 mL/min (conventional concentric)'",Source: Solution Introduction module,2026-08-26,(none),,,~50 µl/min,50 µL/min,~100 µl/min,N,N,100 µl/min,"~80 µl/min, free aspiration","~400 µl/min, free aspiration — §3.2; ~6400 µl over a ~16 min analysis",Peristaltic pump at 5 rpm,~0.05 mL/min,"30 µl/min — for Fe, Cr and Mg",N,N,N
Acquisition Software,"Instrument control, automation and data acquisition software used to collect the raw data, including version number. Distinct from Data Processing Software(s), which covers everything applied to the data after acquisition.",Basic,Editable,Text (free),,Source: Core module,2026-08-26,(none),,,N,N,N,N,N,N,N,N,N,N,N,N,N,N
Data Processing Software(s),"All software applied to the data after acquisition in order to produce the reported quantities, including version numbers. List every package used. Distinct from Acquisition Software, which controls the instrument and collects the raw data.",Basic,Editable,Text (free),,Source: Core module,2026-08-26,(none),,,N,N,N,N,"Mathematica — ""Data were reduced using a minimization approach implemented in Mathematica""",N,"Microsoft Excel — ""Following analysis all intensity data was exported and re-processed offline using Excel""","Online processing on the instrument — ""Samples were processed on-line for W and Re interferences and instrumental mass bias""",N,N,N,N,N,N
,,,,,,,,,,,,,,,,,,,,,,,,
4. Measurement Information,,,,,,,2026-08-26,,,N,N,N,N,N,N,N,N,N,N,N,N,N,N,N
Analytical Mode,Primary analytical mode(s) executed under this procedure. Records one value for a single-mode procedure and all applicable modes for a multi-mode one. Applies even where a procedure defines no mode flag columns.,Basic,Read-Only,Controlled list,Solution nebulisation (continuous) | Flow injection,Source: Core module,2026-08-26,(none),"Serves as the procedure-level declaration of measurement type, distinct from the mode flag columns, which state per-field applicability. Ensures every procedure record is self-describing and comparable across the library.",,Solution nebulisation (continuous),Solution nebulisation (continuous),Solution nebulisation (continuous),Solution nebulisation (continuous),Solution nebulisation (continuous),Solution nebulisation (continuous),Solution nebulisation (continuous),Solution nebulisation (continuous),Solution nebulisation (continuous),Solution nebulisation (continuous),Solution nebulisation (continuous),Solution nebulisation (continuous),Solution nebulisation (continuous),Solution nebulisation (continuous)
RF Power,"Radiofrequency forward power applied to the ICP, in watts.",Basic,Editable,Numeric (W),"e.g., 1200 | 1250 | 1300 | 1350",Source: ICP-MS module,2026-08-31,(none),Controls ionization efficiency and oxide production rates.,,N,~1150 W,N,N,N,N,N,N,1200 W,N,N — Cr measured 'at low radiofrequency power and sample gas inflow',N,N,N
Coolant (Plasma) Gas Flow Rate,"Flow rate of the outer (coolant/plasma) argon gas stream that sustains the ICP plasma, in L/min.",Basic,Editable,Numeric (L/min),13–16 L/min,Source: ICP-MS module,2026-08-26,(none),Influences plasma temperature and oxide ion formation.,,N,~15 L/min Ar,N,N,N,N,N,N,16 L/min,N,N,N,N,N
Auxiliary Gas Flow Rate,"Flow rate of the intermediate (auxiliary) argon gas stream, between the torch body and the injector tube, which positions the plasma relative to the load coil, in L/min. Distinct from the outer coolant (plasma) gas and from the gas stream that carries sample into the plasma.",Basic,Editable,Numeric (L/min),0.8–1.1 L/min,Source: ICP-MS module,2026-08-26,(none),,,N,~0.8 L/min Ar,N,N,N,N,N,N,1.01 L/min,N,N,N,N,N
Nebulizer Gas Flow Rate,Flow rate of the carrier argon gas delivered through the nebulizer (L/min).,Basic,Editable,Numeric (L/min),0.8–1.1 L/min,Source: Solution Introduction module,2026-08-26,(none),Controls aerosol transport and strongly influences signal sensitivity and stability.,,N,~0.8–0.9 L/min Ar (sample gas),N,N,N,N,N,N,1.03 L/min (sample gas),N,N,N,N,N
Make-up Gas and Flow Rate,"Supplementary gas added to the sample-carrying stream between the sample introduction system and the plasma, with its identity and the procedure-registered target flow rate. Record any small nitrogen or hydrogen addition with its own flow, whose unit commonly differs from the make-up flow. Record 'None' explicitly where no supplementary gas is added, to distinguish it from not reported.",Advanced,Editable,Numeric (L/min) / Text,"e.g., '0.25 (Ar, no desolvator fitted)' | '0.85 Ar + 4 ml/min N2 (sensitivity enhancement)' | 'None'",Source: ICP-MS module,2026-08-26,(none),"Argon make-up is standard and maintains total gas delivery where the carrier flow alone is insufficient — downstream of an ablation cell, or of a desolvation system that has removed solvent load. Small nitrogen or hydrogen additions enhance sensitivity for some elements.",,N,N,"None — the Apex Ω was run ""with no auxiliary N2 flow""",N,N,N,N,N,N,N,"None, no auxiliary gas to the introduction system for Cr — Cr 'measured without the use of an auxiliary gas to the introduction system to reduce gas-based interferences'",N,N,N
Plasma Thermal Mode,"Whether the ICP plasma is operated under cool plasma (<=900 W RF) or normal (hot) plasma (>1000 W RF) conditions, with the RF power that defines it. This field records the RF-POWER axis only. Solvent loading also affects plasma thermal state, but dry versus wet aerosol is recorded by Desolvation System — do not answer this field with 'dry plasma' or 'wet plasma'. Document independently of the RF Power field.",Basic,Read-Only,Controlled list / Text,Normal plasma (>1000 W RF) | Cool plasma (≤900 W RF) | N/A | None,Source: ICP-MS module,2026-09-29,acquisition pass,Normal plasma (>1000 W RF) is standard for solution MC-ICP-MS. Cool plasma is rarely used in MC-ICP-MS due to stability requirements for high-precision isotope ratio work.,,N,all: wet plasma — solutions 'introduced as a wet aerosol (in 2% HNO3)' (Fig. 1),MR: wet plasma; HR: dry plasma — §2.3,N,all: dry plasma,N,N,N,N,N,N,N,K: dry plasma; Cu: wet plasma; Zn: wet plasma — 'To lower the ArH+ peak and significantly increase the K signal intensity',N
ICP Tuning,"Description of the approach used to optimise ICP plasma conditions prior to analysis, including the reference material used for tuning and the acceptance criteria (e.g., oxide production threshold, sensitivity targets, mass calibration).",Advanced,Editable,Text (free),"e.g., 'Daily tune on the bracketing standard at run concentration; optimised for maximum intensity and peak flatness with UO+/U+ <0.5%' | 'Tuned on 100 ng/ml Nd; oxide production monitored on CeO+/Ce+'",Source: ICP-MS module,2026-08-26,(none),,,N,N,N,N,N,N,"""At the start of each analytical session the Neptune was tuned for maximum sensitivity and optimal peak shape using an Os solution, either the UMd or DTM RMs, and the mass calibration was updated by peak-centering on the centre-cup mass 187Os""",N,N,"""Tuning was performed to minimize interferences of 40Ar2 16O+ and 40Ar2 14N+ on 96Zr+ and 94Zr+ and with it the on-peak background corrections""","Measured ""at low radiofrequency power and sample gas inflow"" deliberately, to reduce gas-based interferences",N,N,N
Instrument Warm-up / Session Duration Limit,"Minimum warm-up time required after plasma ignition before analyses begin, and any maximum session duration enforced to maintain stable operating conditions.",Advanced,Read-Only,Text (free),"e.g., '>=1 h warm-up after plasma ignition; sessions <=12 h' | '30 min warm-up; no session duration limit'",Source: ICP-MS module,2026-08-26,(none),,,N,N,N,N,N,N,"""Instrument electronic baselines and amplifier gains were then measured ... while the Neptune was allowed to warm up for half an hour""",N,N,N,N,N,N,N
Instrument Sensitivity,"Instrument sensitivity achieved in the session, with the isotope or monitored property it was measured on and the conditions it applies to. May be expressed either as detected signal per unit concentration or per unit mass of target species delivered — counts per second per ppb, volts per ppm, counts per picogram — or as useful yield, the percentage of sampled atoms ultimately detected as ions, with the method used to derive it cited. A sensitivity the procedure requires before analyses may begin belongs with the tuning acceptance criteria.",N/A,Advanced,Numeric + unit / Text,"e.g., '572 V/ppm' | '~2.5 x 10^6 cps/ppb' | '0.04 count pg-1 ml' | '0.1% useful yield' | 'N/A'",Source: ICP-MS module,2026-09-29,monitored property,"Useful yield is the more comparable of the two wherever the amount of material consumed varies between procedures, as it does with spot size, fluence and repetition rate.",,N — total ion beam ~1.3 × 10⁻¹⁰ A for a ~100 ppb Mo solution at ~50 µl/min,N,"56Fe: 1.4 nA (wet plasma, MR) to 2 nA (dry plasma, HR) — §2.3","140Ce: 10 V; 142Nd: 4 V; 152Sm: 3.5 V; 151Eu, 158Gd: 2 V; 164Dy: 3 V; 166Er, 174Yb: 1.5 V; other: N — at 15–25 ppb (LREE) or 1.5–10 ppb; the text prints '151Er' for ¹⁵¹Eu",N — 'around 572 V/ppm of total Zr',85Rb: ~1–1.5 V at 15–25 ppb in low resolution,N — ~50 V for a 1 µg/ml Os solution at ~80 µl/min free aspiration,N — ~20 V for a 1 µg/ml Os solution at ~400 µl/min,85Rb: ~1.0 V — at 10 ppb (spray chamber) or 4 ppb (APEX); high beams avoided for memory,N — total Zr ion beams 3.5–13 V at 30 ppb,"24Mg, 25Mg, 26Mg: 80–90 V; other: N — typical signal intensities",N,N,48Ti: ~40 V — about 0.3 µg Ti consumed per measurement
Target Species,"The chemical species this procedure is designed to determine, recorded at whatever resolution the chemistry is resolved — element(s) for this technique; valence species where a procedure resolves oxidation state; compounds where it resolves molecules. Isotopes are not target species: isotopes of an element are the same chemical species. The subset actually measured may be narrower than the registered suite where species were excluded due to interferences or scope reduction.",Basic,Editable,Text (free),,Source: Target Species module,2026-09-01,defines: target species,,,Mo — Ba by TIMS (Triton Plus) on the same digestions,S,Fe,"Ce, Nd, Sm, Eu, Gd, Dy, Er, Yb — isotopic compositions; concentrations of all REEs were also measured",Zr,Rb,Os,Os,Rb,Zr,"Fe, Cr, Mg — Si isotopes come from a separate NaOH-fusion procedure",K,"K, Cu, Zn",Ti
Monitored Masses,"Specific masses monitored in this procedure, grouped by the target species element they serve where they serve one. Covers atomic isotopes and, where a reaction cell shifts an target species onto a different mass, the product mass actually measured. Includes interference-monitor and internal-standard masses, which serve no target species and so have no parent element. The target species list is given by the Target Species field and is never inferred from the element symbols appearing here.",Basic,Read-Only,Text (free),"e.g., ⁷Li | ²⁵Mg | ⁵⁶Fe | ²⁰⁸Pb | N/A | None",,2026-09-10,defines: monitored property per target species,,,"92Mo, 94Mo, 95Mo, 96Mo, 97Mo, 98Mo, 100Mo → Mo; 91Zr, 99Ru → none — the εⁱMo ratios to ⁹⁶Mo with ⁹⁸Mo/⁹⁶Mo normalisation; ⁹¹Zr and ⁹⁹Ru monitor the isobars","32S, 33S, 34S → S — §2.4; ³⁶S not reported because of its low abundance and Ar interferences","54Fe, 56Fe, 57Fe, 58Fe → Fe; 53Cr, 60Ni → none — §2.3; ⁵³Cr and ⁶⁰Ni monitor ⁵⁴Cr and ⁵⁸Ni","140Ce, 142Ce → Ce; 142Nd, 144Nd, 146Nd → Nd; 148Sm, 152Sm → Sm; 151Eu, 153Eu → Eu; 156Gd, 158Gd → Gd; 162Dy, 163Dy, 164Dy → Dy; 166Er, 168Er → Er; 172Yb, 174Yb → Yb — the ratios of Table 1, ¹⁴²Nd and ¹⁶³Dy named in the text; the full cup configurations are in table S2","90Zr, 91Zr, 92Zr, 94Zr, 96Zr → Zr; mass 93, 95Mo, 98Mo → none — 'Masses 90, 91, 92, 93, 94, 95, 96, and 98 were measured ... allowing direct monitoring of all Zr isotopes and Mo interferences (masses 95 and 98)'; the use of mass 93 is not stated","85Rb, 87Rb → Rb; 88Sr → none — ⁸⁸Sr monitors ⁸⁷Sr on ⁸⁷Rb","184Os, 186Os, 187Os, 188Os, 189Os, 190Os, 192Os → Os; 182W, 185Re → none — Table 2a; ¹⁸²W and ¹⁸⁵Re are the monitor isotopes","184Os, 186Os, 187Os, 188Os, 189Os, 190Os, 192Os → Os; 183W, 185Re → none — Table 2b; ¹⁸³W and ¹⁸⁵Re are the monitor isotopes","85Rb, 87Rb → Rb; 84Sr, 86Sr, 88Sr → none — Table 2; 'Strontium was monitored using the 88Sr ion beams'","90Zr, 91Zr, 92Zr, 94Zr, 96Zr → Zr; 95Mo, 99Ru, 101Ru → none","54Fe, 56Fe, 57Fe, 58Fe → Fe; 50Cr, 52Cr, 53Cr, 54Cr → Cr; 24Mg, 25Mg, 26Mg → Mg; 60Ni, 49Ti, 51V → none — ⁶⁰Ni and ⁵³Cr monitored in the Fe run, ⁴⁹Ti, ⁵¹V and ⁵⁶Fe in the Cr run","39K, 41K → K — δ⁴¹K from ⁴¹K/³⁹K","39K, 41K → K; 63Cu, 65Cu → Cu; 64Zn, 66Zn → Zn — the ratios of the δ definitions","46Ti, 47Ti, 48Ti, 49Ti, 50Ti → Ti; 44Ca, 51V, 52Cr, 53Cr → none — ⁴⁴Ca in configuration 1; ⁵¹V, ⁵²Cr, ⁵³Cr in configuration 2"
Reported Variables and Units,"The final variable(s) this procedure reports and their units — distinct from the fields recording what was *acquired* rather than what is reported. Record every reported variable, including intermediate quantities reported alongside final ones (e.g. both the 206Pb/238U ratio and the 206Pb/238U date). Where a reported variable is a nominal property with no magnitude (e.g. a mineral identification), record the variable and give the unit as 'N/A — nominal property'.",Basic,Read-Only,Text (free),"e.g., 'Element concentration (ppm); oxide (wt%)' | 'd56Fe (permil vs IRMM-014); d57Fe (permil vs IRMM-014)' | '206Pb/238U date (Ma); 207Pb/206Pb date (Ma)' | 'Mineral identity (N/A — nominal property); match score (0-1)'",Source: Core module,2026-08-26,defines: reported property,A procedure may acquire many channels and report a small number of derived quantities; without this field a data consumer cannot tell which.,,"ε92Mo, ε94Mo, ε95Mo, ε97Mo, ε100Mo — εⁱMo = [(ⁱMo/⁹⁶Mo)sample/(ⁱMo/⁹⁶Mo)standard − 1] × 10⁴, relative to the Alfa Aesar standard","δ34S, δ33S — ‰ on the V-CDT scale (§2.4)","""μ54Fe(7/6)"", ""μ58Fe(7/6)"", ""μ56Fe(7/4)"", ""μ58Fe(7/4)"", δ56Fe — μ in ppm (Eq. 1), δ in ‰ (Eq. 2), relative to IRMM-524a","φCe, φNd, φSm, φEu, φGd, φDy, φEr, φYb — ‰/amu relative to the OL-REE standards (Eq. 1)","δ91/90Zr, δ92/90Zr, δ94/90Zr, δ96/90Zr — ‰ relative to ZrNIST; δ⁹⁴/⁹⁰Zr is the one discussed",δ87Rb — ‰ relative to NIST SRM984,"190Os/188Os, 189Os/188Os, 187Os/188Os, 186Os/188Os, 184Os/188Os — Table 7a","187Os/188Os, 186Os/188Os, 184Os/188Os — Table 7a (NIGL row)",δ87Rb — ‰ relative to the bracketing standard (Eq. 1),"ε91Zr, ε92Zr, ε96Zr — relative to NIST SRM 3169 (Eq. 1)","μ54Fe, μ53Cr, μ54Cr, μ26Mg* — μ relative to IRMM-014, SRM979 and DTS-2b; μ³⁰Si from the separate Si procedure",δ41K — ‰ relative to NIST SRM 3141a,"δ41K, δ65Cu, δ66Zn — ‰ relative to the bracketing standards","ε46Ti, ε48Ti, ε50Ti — parts per 10⁴ relative to an in-house Alfa Aesar Ti wire standard"
Mass Resolution Assignment,"Mass resolution mode used for acquisition. One target species may be acquired at more than one resolution, so the assignment is per acquired mass rather than per element. The overall mode(s) used in the procedure are recorded in Mass Resolution Setting (Group 3).",Basic,Read-Only,Text (free),"e.g., LR | MR | HR | N/A | None",,2026-09-29,acquisition pass,The selected resolution determines which polyatomic interferences are physically resolved by the magnetic sector.,,,,MR: medium resolution; HR: high resolution — §2.3,,,,,,,,all: medium resolution — 'to resolve gas-based interferences on the high-mass side',,K: high resolution; Cu: low resolution; Zn: low resolution,
Collector Configuration,"Assignment of isotope masses to Faraday cup or ion counter detector positions for this procedure, and the target species each position serves. Lists the mass number monitored in each collector position with its target species element where it has one — e.g. 'L3=116Sn (Sn); L2=117Sn (Sn); Ax=120Sn (Sn); H1=121Sb (interference monitor, no target species)'. Interference-monitor and internal-standard positions serve no target species and carry no parent element; the target species list itself is given by the Target Species field and is never inferred from the mass labels here. For static multi-collection procedures, one configuration applies throughout the measurement. For multi-dynamic procedures, list all configurations and the cycling sequence.",Basic,Read-Only,Text (free),,Source: MC-ICP-MS module,2026-09-10,monitored property,Different element systems require different mass assignments within the collector array span.,,N,32S: L3; 33S: C; 34S: H3 — Table 1,"54Fe, 56Fe, 57Fe, 58Fe, 53Cr, 60Ni: Faraday collectors, static mode — §2.3; cup assignments not stated","N — static mode for most REEs, a subconfiguration for Dy and Yb; the cup configurations are in table S2","90Zr, 91Zr, 92Zr, mass 93, 94Zr, 95Mo, 96Zr, 98Mo: static mode at 0.5 amu spacing in the Nu Plasma II collector block",85Rb: L2; 87Rb: axial (A); 88Sr: H1 — A.3,182W: L4; 184Os: L3; 185Re: L2; 186Os: L1; 187Os: Ax; 188Os: H1; 189Os: H2; 190Os: H3; 192Os: H4 — Table 2a,"183W: L2; 184Os: L1; 185Re: Ax; 186Os: H1; 187Os: H2; 188Os: H3 (sequence 1), L2 (sequence 2); 189Os: H4 (sequence 1), L1 (sequence 2); 190Os: Ax; 192Os: H2 (sequence 2) — Table 2b",84Sr: L2; 85Rb: L1; 86Sr: C; 87Rb: H1 (with 87Sr); 88Sr: H2 — Table 2,N — cup positions not stated; amplifiers under Faraday Cup Amplifier Resistor Values,N — cup positions not stated; Fe set-up follows Schiller et al.,N,N,"46Ti, 47Ti, 48Ti, 44Ca: configuration 1; 51V, 52Cr, 53Cr: configuration 2; 49Ti, 50Ti: both configurations — cup positions not stated"
Number of Blocks per Measurement,"Number of measurement blocks acquired per sample or standard solution introduction. In MC-ICP-MS, data are structured as blocks of cycles; each block typically begins with a baseline (on-peak zero) measurement before the analytical cycles. Adjust for samples with low signal or where higher precision is required.",Basic,Editable,Integer,"e.g., 1 | 2 | 3 | 5",Source: MC-ICP-MS module,2026-08-31,(none),Multiple blocks per sample allow inspection of signal stability and within-measurement drift.,,N,N,N,N,N,A single block,9 blocks,1 block,N — 'blocks of 20 cycles',N,N,N,N,N
Number of Cycles per Block,Number of measurement cycles acquired per block. One cycle corresponds to a single set of simultaneous Faraday cup readings integrated for the duration specified in Integration Time per Cycle. Total integration time per sample = (Number of Cycles per Block) × (Integration Time per Cycle) × (Number of Blocks per Measurement).,Basic,Editable,Integer,"e.g., 25 | 40 | 50 | 80",Source: MC-ICP-MS module,2026-09-08,acquisition pass,,,"all: 100 isotope ratio measurements, preceded by 40 baseline integrations — §2","all: 20 cycles — Table 1, §2.4",HR: 25 cycles; MR: 50 cycles — §2.3,"main configuration: 40 cycles; subconfiguration: 2, measured at the beginning — Materials and Methods",all: 50 cycles,all: 25 cycles — a single block,all: 5 cycles — 9 blocks (§3.1),all: 50 cycles — 1 block,all: 20 cycles,all: 60 ratios — static collection,Fe: 200 cycles; Cr: 100 cycles; Mg: 100 cycles,N — 'Each sample was measured approximately 20 times',N,all: 40 cycles
Integration Time per Cycle,Duration of signal integration per measurement cycle (seconds).,Basic,Editable,Numeric (s),"e.g., 4.194 s | 8 s | 10 s | 16.8 s",Source: MC-ICP-MS module,2026-09-10,monitored property,"Determines counting statistics per cycle. Longer integration times improve shot-noise precision but increase the impact of signal drift within the integration window. For high-gain (10¹² or 10¹³ Ω) amplifier channels, longer integration times are often required to accumulate sufficient charge.",,all: 8.4 s — §2,"all: 8.5 s — Table 1, §2.4",all: 8.369 s — §2.3,all: 8.184 s — 4.142 s in the subconfiguration,all: 5 s,all: 4.194 s,all: 4 s,"183W, 184Os, 185Re, 186Os, 187Os: 8 s; 190Os, 192Os: 4 s; 188Os, 189Os: 8 s (sequence 1), 4 s (sequence 2) — Table 2b",all: 8.389 s,all: 4.2 s,"54Fe, 56Fe, 57Fe, 58Fe, 50Cr, 52Cr, 53Cr, 54Cr: 8.3 s; 24Mg, 25Mg, 26Mg: 16.7 s; other: N",N,N,"46Ti, 47Ti, 48Ti, 44Ca: 8.39 s; 51V, 52Cr, 53Cr: 4.19 s; 49Ti, 50Ti: 8.39 s (configuration 1), 4.19 s (configuration 2)"
Baseline Measurement Approach,"Method and timing for measuring the ion beam baseline (on-peak zero) during acquisition, and the portion of the acquisition it is taken from. Three approaches are in use: deflecting the ion beam (beam-off or electrostatic deflector); aspirating an acid blank; or collecting a defined number of laser-off cycles at the start of the same block. State which, and how many cycles or how long.",Basic,Read-Only,Text (free),"e.g., Beam deflector on-peak zero; 1 baseline block of 1 cycle (4.194 s) per measurement block | On-peak zero measured before each sample by aspirating 0.3 M HNO3 for 10 cycles | N/A | None",Source: MC-ICP-MS module,2026-08-31,(none),"The choice depends on how sample reaches the plasma — an acid blank applies only to solution introduction, and for laser ablation no blank can be aspirated mid-ablation.",,40 on-peak-zero baseline integrations of 8.4 s preceding each measurement,5 s at the beginning of each analysis with the ion beams deflected — §2.4,"""On peak zero intensities from a blank solution measured at the beginning of each sequence were subtracted from all individual measurements""","60 s baseline after 60 s take-up, per measurement — idle time zero between cycles of one configuration, 10 s after a configuration change","""On-peak-zero correction was done using the mean acid blank intensities before data processing to account for blank contribution as well as any 'memory' effects from the Aridus II sample introduction system during the run""",N,"Electronic baselines ""measured, on peak with the line of sight valve closed""; peak centering and baselines ""were not carried out at the start of each analysis to reduce measurement time and conserve sample but were repeated several times during an analytical session""",N,N,"Both: ""Electronic baselines were measured for 30 s prior to each analysis. An on-peak background correction was performed.""","On-peak baseline before each analysis: 25 × 16.7 s for Fe and Mg, 75 s for Cr",N,N,N
Wash Time Between Samples,Duration of instrument rinse between successive sample solutions (seconds).,Basic,Read-Only,Numeric (s),"e.g., 120 | 180 | 210 | 300",Source: Solution Introduction module,2026-08-31,(none),"Controls carryover and memory effects. For isotope-ratio work, complete washout is critical to prevent cross-contamination between samples with differing isotopic compositions.",,N,2 min — Table 1; 4 min after laser analyses,210 s,300 s rinsing between bracketed measurements,N,60 s with 0.45 M HNO3 — take-up time 90 s,"""Teflon-distilled (TD) 3 or 5 mol/l HCl acid was aspirated between analyses until the 192Os beam decreased to acceptable background levels""; not required in single-RM sessions",TD 3 mol/l HCl aspirated between analyses until the Os beam decreased to acceptable background levels,N,N,N,N,N,N
Analysis Sequence,"The repeating order in which calibration or bracketing standards, quality-control and secondary reference materials, blanks and unknowns are interleaved within a measurement session. Adjustments must maintain the bracketing strategy defined in the procedure.",Basic,Editable,Text (free),"e.g., SSB: sample bracketed by two standards (Std1–Sample–Std2) | Double-spike: spiked standards bracketing spiked samples | SSB + secondary RM every 5 samples | N/A | None | For SSB procedures, each sample is bracketed by two standards (standard–sample–standard); the bracketing standard is the same isotopic material as the zero-delta reference.",Source: ICP-MS module,2026-08-31,(none),,,"Bracketing runs of the Alfa Aesar solution standard; BHVO-2 digestions ""analyzed together with each set of samples""","Each sample bracketed by standards analysed immediately before and after, with 2% HNO3 blanks aspirated periodically through the session — §2.4, §3.2","""Sample analyses were bracketed by measurements of the reference material IRMM-524a""","Standard-sample bracketing — ""On average, LREEs were measured nine times bracketed by OL-REE isotope standard spaced apart by 300-s rinsing time""","""Each sample measurement was individually bracketed by measurements of the ZrNIST solution spiked at the same level as our samples and matched in concentration (60 ng/g) as well as acid matrix""; each measurement preceded by an acid blank","Standard-sample bracketing, with the 0.3 M HNO3 dilution acid measured before and after each sample and standard under identical conditions — A.3",N,N,"Standard-sample bracketing; an external pure Rb ICP-MS solution ""analyzed as an external standard during each analytical session to monitor the reproducibility""","Standard sample bracketing against NIST SRM 3169; ""The Zr standard material NIST SRM 3169 was analyzed in each session""","Standard-sample bracketing, ""ten individual standard-bracketed sample analyses"" per reported value",Standard-sample bracketing against NIST SRM 3141a; BHVO-2 measured alongside the samples,"Standard-sample bracketing for all analyses; BHVO-2 ""analysed alongside all sample analyses""",N
Collision Gas Type,"Type of collision gas introduced into the collision/reaction cell for PHYSICAL energy discrimination (KED), where an inert gas thermalizes ions and polyatomic interferences are retarded by their larger collision cross-section. Typically He. Record a gas here when it is used without intended chemistry; where the same gas is also used to drive a mass shift, record that use under Reaction Gas Type — O2 is attested in both roles. Record 'None' if the cell is in STD mode, and 'N/A' where Collision/Reaction Cell (CRC) Configuration does not include KED or the instrument has no cell.",Basic,Read-Only,Controlled list / Text,He | H2 | He+H2 | O2 | N/A | None,Source: collision/reaction cell module,2026-09-10,monitored property,"Helium (He) is the standard collision gas for kinetic energy discrimination, being low in mass and chemically inert.",,N,N,N,N,N,N,N,N,N,N,N,N,N,N
Collision Gas Flow Rate,"Flow rate of the collision gas, typically He, introduced into the collision/reaction cell in KED mode, in mL/min. Record 'None' if the cell is in STD mode, and 'N/A' where Collision/Reaction Cell (CRC) Configuration does not include KED or the instrument has no cell.",Basic,Editable,Numeric (mL/min),"e.g., 0.5 | 4.5 | 5.2 | N/A",Source: collision/reaction cell module,2026-09-01,(none),Controls the degree of ion thermalization and KED efficiency; higher flow rates give greater interference suppression at the cost of target species sensitivity.,,N,N,N,N,N,N,N,N,N,N,N,N,N,N
Cell Exit Discrimination Voltage,"Bias voltage applied at the collision/reaction cell exit to discriminate between target species ions and low-energy polyatomic interferences in KED mode, in volts (V). Record 'None' if the cell is in STD mode, and 'N/A' where Collision/Reaction Cell (CRC) Configuration does not include KED or the instrument has no cell.",Basic,Editable,Numeric (V),"e.g., −2 | −5 | N/A",Source: collision/reaction cell module,2026-09-01,(none),"A negative bias preferentially retards slow polyatomic ions while transmitting faster target species ions, controlling the degree of polyatomic suppression.",,N,N,N,N,N,N,N,N,N,N,N,N,N,N
Reaction Gas Type,"Type of reactive gas introduced into the cell for interference removal through ION-MOLECULE CHEMISTRY, either on-mass or by mass shift. Common reaction gases include NH₃ (e.g., for Fe, Ca, K isotopes), O₂ (e.g., for As, Ge, Te mass shift) and CH₄. The distinction from Collision Gas Type is the mechanism, not the gas: record a gas here when a reaction is intended. Record 'None' if no reactive gas is used, and 'N/A' where Collision/Reaction Cell (CRC) Configuration does not include a reaction mode or the instrument has no cell.",Advanced,Read-Only,Controlled list / Text,NH3 | O2 | CH4 | N/A | None,Source: collision/reaction cell module,2026-09-10,monitored property,,,N,N,N,N,N,N,N,N,N,N,N,N,N,N
Reaction Gas Flow Rate,"Flow rate of the reactive gas introduced into the dynamic reaction cell (DRC), in mL/min. Record 'None' if DRC mode is not used, and 'N/A' where Collision/Reaction Cell (CRC) Configuration does not include DRC or the instrument has no cell.",Advanced,Editable,Numeric (mL/min),N/A,Source: collision/reaction cell module,2026-08-27,(none),,,N,N,N,N,N,N,N,N,N,N,N,N,N,N
Internal Standard Element,"Element(s) used as the internal standard, the monitored isotope, and how the internal-standard concentration was established for unknowns. Where the element serves isotope-ratio work it must have a known isotopic composition and a mass close to the target species's. Record 'None' together with the alternative used where no internal standard is applied.",Basic,Read-Only,Text (free),"e.g., Cu (65Cu/63Cu for Fe procedures) | Ni (62Ni/58Ni for Fe procedures) | Tl (205Tl/203Tl for Pb procedures) | Cd (113Cd/111Cd for Sb procedures) | None | N/A",Source: ICP-MS module,2026-09-08,acquisition pass,,,"N/A — mass bias corrected by standard-sample bracketing, internal normalization or a double spike rather than by an added internal standard element","N/A — mass bias corrected by standard-sample bracketing, internal normalization or a double spike rather than by an added internal standard element","N/A — mass bias corrected by standard-sample bracketing, internal normalization or a double spike rather than by an added internal standard element","N/A — mass bias corrected by standard-sample bracketing, internal normalization or a double spike rather than by an added internal standard element","N/A — mass bias corrected by standard-sample bracketing, internal normalization or a double spike rather than by an added internal standard element","N/A — mass bias corrected by standard-sample bracketing, internal normalization or a double spike rather than by an added internal standard element","N/A — mass bias corrected by standard-sample bracketing, internal normalization or a double spike rather than by an added internal standard element","N/A — mass bias corrected by standard-sample bracketing, internal normalization or a double spike rather than by an added internal standard element","N/A — mass bias corrected by standard-sample bracketing, internal normalization or a double spike rather than by an added internal standard element","N/A — mass bias corrected by standard-sample bracketing, internal normalization or a double spike rather than by an added internal standard element","N/A — mass bias corrected by standard-sample bracketing, internal normalization or a double spike rather than by an added internal standard element","N/A — mass bias corrected by standard-sample bracketing, internal normalization or a double spike rather than by an added internal standard element","N/A — mass bias corrected by standard-sample bracketing, internal normalization or a double spike rather than by an added internal standard element","N/A — mass bias corrected by standard-sample bracketing, internal normalization or a double spike rather than by an added internal standard element"
Internal Standard Concentration,Target concentration of internal standard element(s) in all measured solutions (µg/L or ppb). Record 'N/A' where Internal Standard Element is 'None'.,Advanced,Read-Only,Numeric (µg/L),"e.g., '5 µg/L In' | '10 µg/L Rh' | '1–10 µg/L (In, Rh, Re multi-element)' | '20 µg/L (high-dilution runs)'",Source: Solution Introduction module,2026-08-26,(none),,,N/A — no added internal standard element,N/A — no added internal standard element,N/A — no added internal standard element,N/A — no added internal standard element,N/A — no added internal standard element,N/A — no added internal standard element,N/A — no added internal standard element,N/A — no added internal standard element,N/A — no added internal standard element,N/A — no added internal standard element,N/A — no added internal standard element,N/A — no added internal standard element,N/A — no added internal standard element,N/A — no added internal standard element
Oxide Production Method and Threshold,"Method used to quantify plasma oxide production and the acceptance threshold applied before commencing analysis. Record both the monitored mass ratio(s) and the maximum allowed threshold(s). Measured values are recorded in Oxide Production. The monitored ratio is procedure-dependent: ThO+/Th+ (m/z 248/232), UO+/U+ (254/238), CeO+/Ce+ (156/140) and BaO+/Ba+ are all in use.",Basic,Read-Only,Text (free),"e.g., CeO+/Ce+ (m/z 156/140) < 0.5% | CeO+/Ce+ < 0.3%; BaO+/Ba+ (m/z 154/138) < 0.1% | N/A | None",Source: ICP-MS module,2026-09-01,(none),"Stricter oxide thresholds may be required for target species sensitive to oxide interferences (e.g., BaO+ on REE isotopes).",,N,N,N,N,N,N,N,N,N,Argide and Ar-Ar-oxide interferences on 94Zr and 96Zr minimised by tuning; no numeric threshold stated,N,N,N,N
Oxide Production,"Measured oxide production ratio obtained during session-start tuning, for the proxy specified in Oxide Production Method and Threshold. Record the measured value and confirm whether the procedure threshold was met.",N/A,Basic,Text (free),CeO+/Ce+ = 0.3% (threshold < 0.5% met) | BaO+/Ba+ = 0.07% (threshold < 0.1% met),Source: ICP-MS module,2026-08-26,(none),,,N,N,N,N,N,N,N,N,N,N,N,N,N,N
Peak Flatness Method and Threshold,"Method used to verify that every collector sits on a flat region of its peak top simultaneously, and the acceptance threshold applied before analysis begins. Typically assessed by scanning across the peak plateau, or by comparing ratios measured at slightly offset mass positions.",Basic,Read-Only,Text (free),,Source: MC-ICP-MS module,2026-08-26,(none),"Specific to simultaneous collection: a sequential instrument centres one mass at a time, whereas a multi-collector array must have all cups on flat peak tops at once or the measured ratio carries a peak-shape bias that no downstream correction removes.",,N,N,"Measurements made ""on the flat-topped peak shoulder"" in MR or HR mode; no numeric threshold stated",N,N,N,"Tuned for ""optimal peak shape""; mass calibration updated by peak-centering on the centre-cup mass 187Os. No numeric threshold stated","N — ¹⁸⁸Os used for peak-centering in both sequences, zoom quad adjusted for optimal peak alignment",N,N,N,"Measurements taken ""on the left 'shoulder' of the peak""; no numeric threshold stated",N,N
Peak Flatness,"Peak flatness actually achieved in the session, assessed against the criterion registered by the procedure.",N/A,Basic,Text (free),,Source: MC-ICP-MS module,2026-08-26,(none),"Companion measured value to Peak Flatness Method and Threshold, following the criterion-versus-measurement split used for Oxide Production.",,N,N,N,N,N,N,N,N,N,N,N,N,N,N
Ion Counter Dead Time,"Dead time of the ion-counting detector(s), used in the dead-time correction applied to high count rates. Distinct from pulse/analog cross-calibration, which relates the two detector modes rather than correcting counting losses within the pulse-counting mode.",Basic,Editable,Numeric (ns),"e.g., '23 ns (SEM behind L4)' | '20 ns each on the four ion counters' | 'N/A (Faraday cups only)'",,2026-09-10,monitored property,,,N,N,N,N,N,N,N,N,N,N,N,N,N,N
Collision/Reaction Gas Mixture Ratio,"Where the collision or reaction cell is supplied with a mixture of gases rather than a single gas, the identities and proportions of that mixture. Recorded separately from the gas identity. Record 'N/A' where a single gas is used.",Advanced,Editable,Text (free),"e.g., 'He:H2 92% : 8%' | 'N/A (single gas)' | 'None'",Source: collision/reaction cell module,2026-09-10,monitored property,The proportions change reaction efficiency and interference suppression independently of which gases are used.,,,,,,,,,,,,,,,
Reaction Product Ion / Mass-Shift Transition,"Where a monitored mass is produced by a reaction in the collision/reaction cell, the precursor ion, the reagent gas and the product ion measured. Records the mass-shift chemistry relating the mass measured to the target species it reports, which the monitored mass alone does not state. Record 'N/A' where the target species is measured on its own mass.",Advanced,Read-Only,Text (free),"e.g., '125Te + 16O -> 141TeO+' | '77Se + 16O -> 93SeO+' | 'N/A (on-mass measurement)'",Source: collision/reaction cell module,2026-09-10,monitored property,,,,,,,,,,,,,,,,
Acquisition Pass,"The acquisition passes the procedure is divided into, named and described so that fields keyed by acquisition pass can point at them. A pass is a sub-procedure: a distinct traversal of the measurement with its own configuration, run in sequence on the same material. State what distinguishes each pass — resolution mode, cup or cell configuration, plasma or introduction path, spot size — since that differs by technique. Identical repeats of one configuration are replicates, not passes, and belong in Number of Replicates.",Basic,Read-Only,Text (free),"e.g., 'Pass 1 (LR, M/dm 300); Pass 2 (MR, M/dm 4000)' | 'Pass 1 (KED, He, on-mass); Pass 2 (MS/MS, O2 mass-shift)' | 'Pre-ablation; Run 1 (major, MR, 30 um); Run 2 (trace, LR, 130 um)' | 'Single pass'",Source: ICP-MS module,2026-09-29,defines: acquisition pass,,,,,"MR; HR — 'either a cyclonic glass spray chamber (wet plasma, MR-mode, Pt cones) or an ESI Apex Ω desolvating nebulizer system (dry plasma, HR-mode, Ni cones)' (§2.3)",main configuration; subconfiguration — for Dy and Yb 'a subconfiguration was used to monitor isobaric interferences'; the cup configurations are in table S2,,,,sequence 1; sequence 2 — 'masses 183W to 189Os collected in the first sequence and 188Os to 192Os collected in the second sequence with a 4 s magnet settle time between sequences' (§3.2),spray chamber; APEX — 'measured using both the spray chamber and the APEX sample introduction systems' in most cases (§2.3),,Fe; Cr; Mg — separate introduction systems and acquisition settings (Methods),,"K; Cu; Zn — K in dry plasma with high mass resolution, Cu and Zn in wet plasma with low resolution",configuration 1; configuration 2 — 'Titanium isotopes were collected in two cup configurations'
Number of Acquisition Passes,"Number of acquisition passes the procedure runs. A count of the passes enumerated in Acquisition Pass, recorded separately so multi-pass procedures are findable without parsing that field.",Basic,Read-Only,Integer,"e.g., 1 | 2 | 3",Source: ICP-MS module,2026-09-08,(none),,,,,2 — alternative configurations; samples marked (HR) in Table 1,2 — the subconfiguration only for Dy and Yb,,,,2,2,,3,,3,2
Doubly-Charged Species Monitor,The mass ratio monitored to estimate doubly-charged ion (M²⁺) formation during instrument tuning. The monitor species and the mass positions monitored should be stated explicitly. Analogous to Oxide Production Method and Threshold for oxide monitoring.,Advanced,Editable,Text (free),"e.g., Ba²⁺/Ba⁺ (m/z 69/138) | Ce²⁺/Ce⁺ (m/z 70/140) | ²³⁸U²⁺/²³⁸U⁺ (m/z 119/238) | N/A | None",Source: ICP-MS module,2026-09-11,(none),Doubly-charged ions appear at half the mass of the parent ion and can cause isobaric interferences on target species in that mass region.,,N,"N — ⁶⁴Zn²⁺, ⁶⁶Zn²⁺ and ⁶⁸Zn²⁺ are listed as interferences on the S masses, Table 2, p.4, and resolved by mass resolution, p.5; no M²⁺ tuning monitor or production ratio is stated",N,N,N,N,N,N,"N — ""double-charged Er or Yb isotopes"" are named as interferences that the chemistry separates from Rb, p.2; no M²⁺ tuning monitor or production ratio is stated",N,N,N,N,N
Doubly-Charged Species Production,Measured percentage of doubly-charged ion production for the monitored species at the time of instrument tuning. The acceptable threshold is typically <1% or <3%. Record both the threshold and the measured value.,Advanced,Editable,Text (free),"e.g., Ce²⁺/Ce⁺ < 3% (threshold); 1.8% (measured) | N/A | None",Source: ICP-MS module,2026-09-11,(none),Elevated doubly-charged production indicates incomplete ionization and potential interference on elements at approximately half the mass of abundant matrix components.,,N,N,N,N,N,N,N,N,N,N,N,N,N,N
,,,,,,,,,,,,,,,,,,,,,,,,
5. Data Processing,,,,,,,2026-08-26,,,N,N,N,N,N,N,N,N,N,N,N,N,N,N,N
Mass Bias Correction Strategy,Primary strategy used to correct for instrumental isotopic mass fractionation. Four main strategies: (1) Sample-standard bracketing (SSB): alternating sample and isotopic standard measurements; bias interpolated linearly between bracketing measurements. (2) Double-spike: a mixture of two enriched isotopes of the target species element added before digestion provides an internal monitor of both instrumental and chemical mass fractionation. (3) Internal normalization: an element of known isotopic composition added to samples and standards; measured ratio of normalizing element used to calculate the mass bias factor applied to target species ratios. (4) SSB + internal normalization: both strategies applied simultaneously for redundant bias correction.,Basic,Read-Only,Text (free),"e.g., SSB | Double-spike | Internal normalization | SSB + internal normalization | N/A | None",,2026-09-01,(none),"In solution MC-ICP-MS, instrumental mass bias is typically 3–5%/amu and must be corrected before isotope ratios can be interpreted geochemically.",,"Internal normalization to 98Mo/96Mo = 1.453173 using the exponential law, plus bracketing against the Alfa Aesar standard","Standard-sample bracketing with matrix-matched purified S solutions, linear interpolation between the biases of two neighbouring standards, sample and standard matched within ~20% in intensity at ~10 V — §2.4, §3.1","Internal normalization to 57Fe/56Fe = 0.023095 or 57Fe/54Fe = 0.362549 using the exponential law, with IRMM-524a bracketing","Standard-sample bracketing, each sample ratio normalised to the average of the two bracketing OL-REE standards, diluted to the same concentration in the same acid — 'SSB is advantageous over the double-spike approach because one can distinguish mass-dependent fractionation from isotopic anomalies'","91Zr-96Zr double spike inversion, with ZrNIST bracketing after inversion",Standard-sample bracketing against NIST SRM984,"Internal normalisation, applied offline in Excel with the abundance-sensitivity and W/Re corrections — §3.1, §3.5","Internal normalisation, processed on-line with the W and Re corrections — §3.2","""Measurements were made using standard-sample bracketing to correct for instrumental mass bias""",Internal normalization to 94Zr/90Zr = 0.3381 using the exponential law; an initial Mo correction uses a mass bias relative to 91Zr/90Zr = 0.21798; results reported by standard sample bracketing to NIST SRM 3169,"Standard-sample bracketing — against IRMM-014, SRM979 and DTS-2b; the normalisation is not restated (Fe follows Schiller et al.)",Standard-sample bracketing against NIST SRM 3141a,"""To correct for instrument mass bias, the sample–standard bracketing technique was used for all analyses""","Internal normalisation to 49Ti/47Ti = 0.749766 with the exponential law, reported relative to the bracketing in-house Alfa Aesar Ti wire standard"
Mass Fractionation Law,"Mathematical law used to parameterize instrumental isotope mass fractionation as a function of mass difference. The linear law assumes fractionation proportional to mass difference. The power law is an alternative formulation. For double-spike procedures, the law is embedded in the inversion algorithm and must be consistent between spike calibration and sample data reduction.",Basic,Read-Only,Controlled list,Exponential | Linear | Power | N/A | None,Source: MC-ICP-MS module,2026-08-30,(none),The exponential law (Maréchal et al. 1999) is most widely used and theoretically best justified for MC-ICP-MS.,,Exponential law,N,Exponential law,N,Power-law form used in the double-spike inversion equation,N,Exponential law — §3.5,Exponential law — 'was also used for the Nu Plasma measurements' (§3.5),N,Exponential law,N,N,N,Exponential law
Double-Spike Isotope Pair,The pair of enriched isotopes used to construct the double spike. Both isotopes must be naturally rare and free from isobaric interferences. The double spike composition must be accurately calibrated before use. Specify both isotope masses and the spike certificate or calibration reference. Record 'N/A' where the procedure does not use a double spike.,Basic,Read-Only,Text (free),233U–236U (IRMM-3636) | 117Sn–122Sn (in-house calibrated) | 57Fe–58Fe | 61Ni–62Ni | 204Pb–207Pb | N/A | None,Source: MC-ICP-MS module,2026-08-30,(none),The pair is chosen to minimise error magnification in the inversion.,,N/A — no double spike used,N/A — no double spike used,N/A — no double spike used,N/A — no double spike used,91Zr-96Zr,N/A — no double spike used,N/A — no double spike used,N/A — no double spike used,N/A — no double spike used,N/A — no double spike used,N/A — no double spike used,N/A — no double spike used,N/A — no double spike used,N/A — no double spike used
Double-Spike Mixing Ratio,"Target proportion of double-spike signal relative to total target species signal in the spiked mixture, expressed as spike fraction (0–1) or spike:sample ratio. The optimum is target species-system specific and is typically determined using the Double Spike Toolbox or equivalent. The achieved mixing ratio may deviate from the target within acceptable bounds (typically ±20% of optimal); the double-spike inversion corrects for actual mixing ratios. Record 'N/A' where the procedure does not use a double spike.",Advanced,Editable,Text (free),~0.40 (spike fraction; optimal for 117Sn–122Sn) | ~0.5 spike:sample | N/A | None,Source: MC-ICP-MS module,2026-09-01,(none),An optimal mixing ratio minimises error propagation through the double-spike inversion.,,N/A — no double spike used,N/A — no double spike used,N/A — no double spike used,N/A — no double spike used,"0.43:0.57 spike-to-sample Zr mass ratio, described as optimal",N/A — no double spike used,N/A — no double spike used,N/A — no double spike used,N/A — no double spike used,N/A — no double spike used,N/A — no double spike used,N/A — no double spike used,N/A — no double spike used,N/A — no double spike used
Double-Spike Inversion Algorithm,"Mathematical algorithm used to simultaneously solve for the true sample isotope ratio and the mass fractionation factor from the measured spike-sample mixture. Common implementations: iterative Newton-Raphson solution, matrix algebraic approach, or published software (e.g., Rudge et al. 2009 Double Spike Toolbox). Specify the algorithm or software reference and version. Record 'N/A' where the procedure does not use a double spike.",Basic,Read-Only,Text (free),Rudge et al. (2009) Double Spike Toolbox | Iterative Newton-Raphson (Compston & Oversby 1969) | In-house spreadsheet implementing exponential-law inversion | N/A | None,Source: MC-ICP-MS module,2026-08-30,(none),,,N/A — no double spike used,N/A — no double spike used,N/A — no double spike used,N/A — no double spike used,"""a minimization approach implemented in Mathematica, taking into account all ratios (i.e., 91/90Zr, 92/90Zr, 94/90Zr, and 96/90Zr) with different weighs being assigned to each based on their associated uncertainty"", cross-checked against two exact three-ratio solutions",N/A — no double spike used,N/A — no double spike used,N/A — no double spike used,N/A — no double spike used,N/A — no double spike used,N/A — no double spike used,N/A — no double spike used,N/A — no double spike used,N/A — no double spike used
Internal Normalization Element and Isotope Ratio,"Element and isotope ratio used as the internal normalization standard for mass bias correction. Specify the element, the monitored isotope ratio (e.g., 113Cd/111Cd for Sb measurements), and the certified or consensus value used for correction. Record 'N/A' where the procedure does not use internal normalization.",Basic,Read-Only,Text (free),"e.g., 60Ni/58Ni = 0.38579 (from IUPAC 2021) for Fe-Ni doping | 65Cu/63Cu = 0.44561 for Fe-Cu doping | 113Cd/111Cd = 0.95542 (Abouchami et al. 2012) for Sb | 205Tl/203Tl = 2.38714 for Pb | N/A | None",Source: MC-ICP-MS module,2026-09-01,(none),"The measured ratio of the normalizing element is used to calculate the mass bias factor β using the chosen mass fractionation law, which is then applied to correct the target species isotope ratios assuming β_norm ≈ β_species.",,98Mo/96Mo = 1.453173,N,"57Fe/56Fe = 0.023095 or 57Fe/54Fe = 0.362549, the certified ratios of IRMM-014",N,N,"N/A — Rb has two stable isotopes, so internal normalization is not possible; bracketing used instead",192Os/188Os = 3.083 — 189Os/188Os = 1.21978 also used for comparison,192Os/188Os = 3.083 — Table 7a,N/A — Rb has two stable isotopes; bracketing used instead,94Zr/90Zr = 0.3381 (Minster & Ricard 1981),N,N,N,49Ti/47Ti = 0.749766 — ref. 72
Isotope Ratio Reported,"Specific isotope ratio pair(s) reported as primary data output. The denominator isotope is typically the reference mass used in the delta notation (e.g., 54Fe for Fe isotopes, 235U for U isotopes). Report all ratio pairs routinely calculated and reported.",Basic,Read-Only,Text (free),"e.g., 56Fe/54Fe and 57Fe/54Fe | 238U/235U | 122Sn/118Sn | 123Sb/121Sb | 206Pb/204Pb; 207Pb/204Pb; 208Pb/204Pb | N/A | None",,2026-08-31,reported property,,,ε92Mo: 92Mo/96Mo; ε94Mo: 94Mo/96Mo; ε95Mo: 95Mo/96Mo; ε97Mo: 97Mo/96Mo; ε100Mo: 100Mo/96Mo — normalised to ⁹⁸Mo/⁹⁶Mo = 1.453173,δ34S: 34S/32S; δ33S: 33S/32S — §2.4,"""μ54Fe(7/6)"": 54Fe/56Fe normalised to 57Fe/56Fe; ""μ58Fe(7/6)"": 58Fe/56Fe normalised to 57Fe/56Fe; ""μ56Fe(7/4)"": 56Fe/54Fe normalised to 57Fe/54Fe; ""μ58Fe(7/4)"": 58Fe/54Fe normalised to 57Fe/54Fe; δ56Fe: 56Fe/54Fe — Eqs 1–2 and Table 1 notes; (k/j) names the normalising ratio",φCe: 142Ce/140Ce; φNd: 146Nd/144Nd; φSm: 152Sm/148Sm; φEu: 153Eu/151Eu; φGd: 158Gd/156Gd; φDy: 164Dy/162Dy; φEr: 168Er/166Er; φYb: 174Yb/172Yb — Table 1 caption; 'the two most abundant isotopes for each REE',δ91/90Zr: 91Zr/90Zr; δ92/90Zr: 92Zr/90Zr; δ94/90Zr: 94Zr/90Zr; δ96/90Zr: 96Zr/90Zr,δ87Rb: 87Rb/85Rb,190Os/188Os: 190Os/188Os; 189Os/188Os: 189Os/188Os; 187Os/188Os: 187Os/188Os; 186Os/188Os: 186Os/188Os; 184Os/188Os: 184Os/188Os — normalised to ¹⁹²Os/¹⁸⁸Os = 3.083,187Os/188Os: 187Os/188Os; 186Os/188Os: 186Os/188Os; 184Os/188Os: 184Os/188Os,δ87Rb: 87Rb/85Rb,ε91Zr: 91Zr/90Zr; ε92Zr: 92Zr/90Zr; ε96Zr: 96Zr/90Zr — normalised to ⁹⁴Zr/⁹⁰Zr = 0.3381,N,δ41K: 41K/39K,δ41K: 41K/39K; δ65Cu: 65Cu/63Cu; δ66Zn: 66Zn/64Zn,ε46Ti: 46Ti/47Ti; ε48Ti: 48Ti/47Ti; ε50Ti: 50Ti/47Ti
delta or epsilon Value Reference Standard,"International or community-accepted isotopic reference standard used as the zero-delta anchor for expressing isotopic compositions in delta (δ, per mil) or epsilon (ε, per ten thousand) notation: δⁱX = [(ⁱX/ʲX)sample / (ⁱX/ʲX)reference − 1] × 1000‰. The reporting reference is a per-study or per-publication decision. Specify the standard name, lot or batch number where applicable, and the certified or consensus isotope ratio used for normalization.",N/A,Basic,Text (free),"e.g., IRMM-014 (Taylor et al. 1992) | CRM-112a / SRM-960 | NIST SRM 981 | NIST SRM 3102a | Sn_IPGP (in-house standard) | JMC Lyon | N/A | None",,2026-09-29,target species,,,Mo: Alfa Aesar Mo solution standard — mean of bracketing runs,"S: V-CDT, through in-house S_Spex and S_Alfa calibrated against IAEA-S-1 (δ34S = −0.3‰) — §2.4",Fe: IRMM-524a — 'that has an identical isotopic composition to IRMM-014' (§2.3),"Ce, Nd, Sm, Eu, Gd, Dy, Er, Yb: OL-REE series — prepared in-house from high-purity ESPI oxide powders",Zr: ZrNIST — a NIST gravimetric Zr solution being calibrated as an isotopic reference material,Rb: NIST SRM984,N,N,Rb: NIST SRM984 RbCl — BCR-2 as the bracketing standard in some sessions,Zr: NIST SRM 3169,Fe: IRMM-014; Cr: SRM979; Mg: DTS-2b,K: NIST SRM 3141a,K: NIST-SRM 3141a; Cu: NIST-SRM 976; Zn: JMC-Lyon,Ti: in-house Alfa Aesar Ti wire standard
Calibration Strategy per Target Species,"Approach used to convert measured ion signals to reported concentrations, and specifically any case where different target species or target species groups within one procedure are calibrated differently - different primary standards for different mass ranges or phases, or one element serving as internal standard while others are externally calibrated. Where a single strategy applies to all target species, record that strategy. Where the procedure reports isotope ratios only and no concentrations, record 'Not applicable (isotope ratios only)'.",Basic,Read-Only,Text (free),"e.g., External calibration | Isotope dilution | Isotope dilution (67Zn spike) | External calibration + standard addition | N/A | None",Source: ICP-MS module,2026-09-29,target species,,,N,N,N,"Ce, Nd, Sm, Eu, Gd, Dy, Er, Yb: standard-sample bracketing against the OL-REE standard of the same element",N,N,N,N,N,N,Fe: bracketing against IRMM-014; Cr: bracketing against SRM979; Mg: bracketing against DTS-2b,N,K: bracketing against NIST-SRM 3141a; Cu: bracketing against NIST-SRM 976; Zn: bracketing against JMC-Lyon,N
Signal Integration Interval Method,"Method used to define which portion of the acquired signal is integrated for each reported measurement, and the rule for excluding unstable or anomalous portions. State whether the interval is the full acquisition, a stable sub-interval selected by inspection, or selected by an automated criterion, and name the criterion.",Basic,Read-Only,Controlled list / Text,Full acquisition | Stable interval selected by inspection | Automated threshold | Automated outlier rejection | Fixed time window | N/A | None,Source: ICP-MS module,2026-08-26,(none),,,N,N,N,N,N,N,N,N,N,N,N,N,N,N
Signal Integration Time,"The integration time actually used for the reported signal, in seconds - the time retained after the signal-integration interval has been applied, and therefore equal to or shorter than the total acquisition. Where the procedure computes it from an acquisition structure, record that basis.",N/A,Basic,Numeric (s),Calculated from blocks × cycles per block × integration time per cycle.,Source: ICP-MS module,2026-08-26,(none),,,N,N,N,N,N,N,N,N,N,N,N,N,N,N
Blank / Background Correction Method,"Method used to subtract background and, where relevant, procedural blank from the measured signal. State what is subtracted - instrument background acquired with no sample reaching the plasma, an on-peak zero acquired on the same matrix, or a separately measured procedural blank - over what interval it is measured, and at what granularity it is applied.",Basic,Read-Only,Controlled list / Text,Gas blank | On-peak zero | Solution blank | Procedural blank | On-peak zero + procedural blank | N/A | None,Source: ICP-MS module,2026-08-26,(none),"For isotope ratio procedures where procedural blank is minor relative to the sample signal, on-peak zero is often sufficient.",,On-peak-zero baseline integrations subtracted,"Average on-peak-zero background from periodic 2% HNO3 blanks, measured on the low-mass shoulder, subtracted per isotope off-line — ~30–50 mV on ³²S (§2.4, §3.1)",On-peak zero from a blank solution subtracted from all measurements,"Background corrected off-line in a spreadsheet, from the 60 s baseline — 'correcting for background and isobaric interferences'",On-peak-zero correction using mean acid blank intensities,Average intensity of the two bracketing 0.3 M HNO3 blank measurements subtracted from each sample and standard — background 0.001–0.003 V on ⁸⁵Rb,"Abundance sensitivity (0.5–1 ppm, from the low-mass tail of a 30 V 192Os beam on the SEM) corrected offline — §3.1",N,Instrumental background measured at the beginning of and throughout each session (typically < 1 mV on 85Rb) and subtracted — §2.3,"""An on-peak background correction was performed""; background corrections averaged 0.3, 2 and 98 ppm for 91Zr/90Zr, 92Zr/90Zr and 96Zr/90Zr",On-peak baseline measured before each analysis,N,N,N
Spike / Outlier Filtering Approach,"Criteria used to identify and exclude anomalous data - signal spikes, individual cycles, or whole replicate measurements - before the reported value is calculated. State where in the reduction sequence the filter is applied.",Advanced,Editable,Text (free),2σ exclusion on per-cycle ratios | Grubbs test | Visual inspection | None | N/A,Source: ICP-MS module,2026-08-30,(none),,,N,"None, no automatic 2σ rejection of outlying cycles — 'Automatic rejection of outlying cycles (2σ outlier criterion) offered within the NEPTUNE software is not performed' (§2.4)",N,N,N,N,N,N,"""any ratio outside 2σ was discarded""",N,N,N,N,N
Spectral Interference Corrections Applied,"Whether mathematical corrections for isobaric, polyatomic or residual interferences are applied in data reduction, supplementary to any suppression already achieved by chemical separation, mass resolution, or a collision/reaction cell. Detail for each affected mass is carried by Interfering Species and Interference Correction Method.",Basic,Read-Only,Controlled list / Text,"e.g., 'Yes — ⁸⁷Rb on ⁸⁷Sr, corrected from the ⁸⁵Rb monitor' | 'Yes — doubly-charged Er and Yb on the Sr and Rb masses' | 'No explicit corrections applied; medium resolution resolves the polyatomic interferences' | N/A | None",Source: ICP-MS module,2026-08-27,(none),"In solution MC-ICP-MS, chemical separation is the primary interference mitigation; mathematical corrections address residual contributions.",,"Y, Zr and Ru on the Mo masses, corrected by monitoring 91Zr and 99Ru — §2; details in the supplementary material","Y, molecular interferences resolved in high resolution — ³²S¹H on mass 33 unresolved","Yes, 54Cr on 54Fe and 58Ni on 58Fe, plus argide molecular interferences","Yes, Er on Dy, and neighbouring-element isotopes generally","Yes, Mo on Zr","Yes, 87Sr on 87Rb","Yes, W and Re on Os","Yes, W and Re on Os","Yes, 87Sr on 87Rb, Sr isotopes monitored","Yes, Mo and Ru on Zr, plus Fe- and Cr-argides and Ar-Ar-oxides","Yes, 49Ti, 51V and 56Fe monitored to correct interferences on Cr","Yes, 40Ar1H+ on 41K+, resolved by peak-shoulder measurement","N — ArH⁺ on K lowered by dry plasma and a high-resolution slit, not corrected",N
Interfering Species,"The isobaric, polyatomic and doubly charged species that overlap the measured masses and are corrected in data reduction - direct isobars, oxides and argides, hydrides, and abundance-sensitivity tailing from an adjacent large beam. Name each species and the mass it affects.",Basic,Read-Only,Text (free),"e.g., 54Cr+ | 58Ni+ | 204Hg+ (corrected via the 202Hg monitor) | 238U abundance-sensitivity tail | 238UH+ | None | N/A",Source: ICP-MS module,2026-09-29,monitored property,,,N — Zr and Ru isobars; the affected masses are listed only in the supplementary material,"32S: 16O16O, 64Zn2+, 15N16O1H; 33S: 17O16O, 16O16O1H, 32S1H, 66Zn2+; 34S: 18O16O, 17O16O1H, 33S1H, 68Zn2+ — Table 2","54Fe: 54Cr+ and argides; 58Fe: 58Ni+ and argides; 56Fe, 57Fe: argides; other: N — argides 40Ar13C+, 40Ar14N+, 40Ar16O+, 40Ar16O1H+ and 40Ar18O+ (§2.3)",162Dy: 162Er; 164Dy: 164Er; other: N — isobars of neighbouring elements in general,"N — Mo isobars, monitored on masses 95 and 98",87Rb: 87Sr; other: N — monitored on ⁸⁸Sr,184Os: 184W; 186Os: 186W; 187Os: 187Re; other: N — Table 2a,184Os: 184W; 186Os: 186W; 187Os: 187Re; other: N — Table 2b,87Rb: 87Sr; other: N — doubly charged Er and Yb are separated chemically (§2.2),"94Zr: 40Ar2 14N+; 96Zr: 40Ar2 16O+; other: N — Mo and Ru isobars, corrected from masses 95, 99 and 101; the affected masses are not listed","54Fe: 54Cr; 58Fe: 58Ni; other: N — isobars on the Cr masses from Ti, V and Fe, monitored on ⁴⁹Ti, ⁵¹V and ⁵⁶Fe",41K: 40Ar1H+; other: N,41K: ArH+; other: N — 'To lower the ArH+ peak',"46Ti, 48Ti: Ca; 50Ti: V and Cr; other: N"
Interference Correction Method,"Equation or procedure used to calculate and remove each interference contribution, together with how its magnitude was established - a monitor mass measured simultaneously and scaled by natural abundance ratios, a production-rate factor measured on a reference material or interference standard solution, or a tailing factor measured on a pure standard. Name the reference material used.",Basic,Read-Only,Text (free),"e.g., Monitor mass correction: 202Hg signal × (204Hg/202Hg)natural to correct 204Pb | Abundance sensitivity tailing factor measured weekly from pure U standard | None | N/A",Source: ICP-MS module,2026-09-10,monitored property,,,N — corrected by monitoring ⁹¹Zr and ⁹⁹Ru; details in the supplementary material,"32S, 34S: resolved in high resolution on the interference-free low-mass shoulder, hydride effects corrected by standard-sample bracketing; 33S: as for 32S, but 32S1H (>10% of mass 33) is unresolved — hydride rate checked per measurement from (³³S + ³²SH)/³²S against ³⁴S/³²S (§3.1)","54Fe: 54Cr monitored on 53Cr, argides resolved on the peak shoulder; 58Fe: 58Ni monitored on 60Ni, argides resolved on the peak shoulder; 56Fe, 57Fe: argides resolved on the flat-topped peak shoulder in MR or HR; other: N — after purification Cr/Fe ≤ 1.7 × 10⁻⁶ and Ni/Fe ≤ 2 × 10⁻⁶ (§2.2)","162Dy, 164Dy: 166Er from the subconfiguration, scaled through 166Er/163Dy to the main configuration and multiplied by 162Er/166Er and 164Er/166Er; other: monitoring another isotope of the interfering element and subtracting its intensity at natural abundance — Materials and Methods",N — the reported data 'are uncorrected for residual Mo',87Rb: 87Sr subtracted from 88Sr assuming a constant 87Sr/88Sr = 0.085; other: N — 0.0835–0.0885 shifts δ⁸⁷Rb by 0.008‰ at most,"184Os, 186Os: W subtracted from the 182W monitor with 182W/184W and 182W/186W interference ratios; 187Os: Re from the 185Re monitor with 185Re/187Re; other: N — ratios from doping experiments (§3.6.1, Table 3), e.g. ¹⁸⁵Re/¹⁸⁷Re = 0.598120","184Os, 186Os: W from the 183W monitor; 187Os: Re from the 185Re monitor; other: N — on-line; abundance sensitivity not measured, likely > 1 ppm at ~2 × 10⁻⁸ mbar",87Rb: 87Sr corrected from the 88Sr monitor; other: N — final ⁸⁸Sr/⁸⁵Rb < 0.005,"94Zr, 96Zr: argide interferences minimised by tuning, with an on-peak background correction; other: Mo and Ru corrected from the signals on masses 95, 99 and 101, with an initial Mo correction using a mass bias relative to 91Zr/90Zr = 0.21798 — after Schönbächler et al. (2004)","54Fe: 54Cr corrected from 53Cr; 58Fe: 58Ni corrected from 60Ni; other: N — Ti, V and Fe on Cr corrected from ⁴⁹Ti, ⁵¹V and ⁵⁶Fe",41K: resolved by measuring on the left shoulder of the peak; other: N,41K: lowered by dry plasma and the high-mass-resolution slit; other: N,"46Ti, 48Ti: corrected from 44Ca; 50Ti: corrected from 51V, 52Cr and 53Cr; other: N"
Isotope Dilution Data Reduction Method,"Mass balance approach used to calculate sample mass fractions, and where applicable isotope ratios, from spike-sample isotope ratio measurements. For double-spike procedures the ratios and concentrations are co-determined through the spike inversion; for conventional isotope dilution the IUPAC ID equations are used. Record 'None' where neither isotope dilution nor double-spike methods are applied.",Basic,Read-Only,Controlled list / Text,IUPAC isotope dilution equations | Double-spike inversion | ID-IS (isotope dilution internal standardisation) | N/A | None,Source: ICP-MS module,2026-08-31,(none),,,N/A — no isotope dilution applied,N/A — no isotope dilution applied,N/A — no isotope dilution applied,N/A — no isotope dilution applied,"Double-spike inversion, Rmeas = [p·RSpike + (1−p)·RStd·(Mx/Mn)^α]·(Mx/Mi)^β, solved by weighted minimisation over four ratios",N/A — no isotope dilution applied,N/A — no isotope dilution applied,N/A — no isotope dilution applied,N/A — no isotope dilution applied,N/A — no isotope dilution applied,N/A — no isotope dilution applied,N/A — no isotope dilution applied,N/A — no isotope dilution applied,N/A — no isotope dilution applied
Memory Effect Mitigation,"Procedure applied to identify and minimise carry-over of high-concentration or isotopically distinct material from a preceding measurement into the current one. Mitigation is applied primarily at measurement time, by allowing sufficient washout or rinse between successive introductions. At data processing level, record any flagging or exclusion of measurements where the required washout may not have been achieved.",Advanced,Editable,Text (free),"e.g., Extended acid rinse between samples; first measurement excluded if preceded by high-signal sample | Blank measurement inspected before each sample; session halted if blank > 0.5% of sample signal | None required for this target species suite | N/A | None",Source: ICP-MS module,2026-09-01,(none),,,N,Wash-out 2 min for solution,210 s washout between all measurements,N,"On-peak-zero acid blank before each sample ""to account for blank contribution as well as any 'memory' effects from the Aridus II sample introduction system during the run""",60 s wash in 0.45 M HNO3,"Desolvating nebulisers deliberately avoided because of ""severe memory problems for Os""; ESI PFA-50 low-uptake nebuliser and GE Cinnabar micro-cyclonic spray chamber chosen ""in the hope these would reduce the long Os washout times and poor memory usually associated with solution introduction of Os""; wash acid aspirated until the 192Os beam fell to background — a 99.99% decrease reached after 220 s for DTM",TD 3 mol/l HCl aspirated between analyses until the Os beam decreased to acceptable background levels,N,N,N,N,N,N
Uncertainty Level,"The convention at which reported uncertainties are quoted — 1-sigma, 2-sigma, or a 95% confidence interval — and whether a measured spread is reported as a standard error or a standard deviation. State the convention applying to all values reported under this procedure, and state each separately where different reported quantities use different conventions. Distinct from Uncertainty Propagation Method, which addresses how component uncertainties are combined rather than how the result is quoted.",Basic,Read-Only,Controlled list / Text,2σ (95% confidence) | 1σ (68% confidence) | 95% confidence interval | 2 standard errors (2SE) | 1 standard deviation (1SD) | N/A | None,Source: ICP-MS module,2026-08-26,(none),A reported uncertainty is not interpretable without it: the same numeric value means different things at 1-sigma and at 95% confidence.,,"2 s.d. for external reproducibility (n = 24 for Mo, n = 14 for Ba)","1σ internal precision for individual analyses, 2σ external reproducibility for replicates — §2.4",95% confidence interval from Student's t — over n = 10–35 repeat measurements of each sample solution (§2.3),"95% confidence interval — Student's t, from the sample's own φE values with six or more brackets, otherwise from standards bracketed by standards","""the external reproducibility (at 2σ) of the spiked ZrNIST measurements from each run, which in all cases was similar in magnitude or slightly larger than the internal uncertainty determined from counting statistics""","2σ/√n — σ from the standards treated as samples, n the replicates of the sample","2SD for short- and long-term reproducibility; within-run errors as ""2 standard errors of the mean (2SE = 2SD/n^0.5; where n = 45 for the Neptune analyses""","2SD and 2SE, with n = 50 for the Nu Plasma analyses","""the 2 standard error (2se) is reported unless stated otherwise""; for samples analysed fewer than 3 times, ""the largest 2 se reported for a sample analyzed multiple times has been used""","Both quoted: ""external precision expressed as 2 standard deviations (2SD)"" and 2SE per analysis","""the mean and 2 x standard error (SE) of ten individual standard-bracketed sample analyses""",N — ± values on δ⁴¹K without a stated convention,2 s.d. — Bennu values carry 2 s.e. in the main text,2 s.d.
Uncertainty Propagation Method,"The approach used to propagate analytical uncertainty through the data reduction chain to the final reported value. State which sources are included in the propagation: counting statistics, calibration standard uncertainty, internal standard uncertainty, drift correction, and any systematic contributions. Distinct from Uncertainty Level, which states the convention at which the resulting uncertainty is quoted.",Advanced,Editable,Text (free),2σ of bracketing standard reproducibility propagated to sample | Monte Carlo simulation through double-spike inversion | ISO GUM quadrature propagation | N/A | None,Source: ICP-MS module,2026-08-30,reported property,,,N,N,N,N,"all: the 2σ external reproducibility of the spiked ZrNIST in each run, assigned to each determination — 'similar in magnitude or slightly larger than the internal uncertainty determined from counting statistics'",N,N,N,"δ87Rb: 2 se from repeated measurements, with the largest 2 se of a multiply analysed sample used for samples run fewer than 3 times — §2.3",N,N,N,N,N
Normalization / Standards-Based Correction,"Post-acquisition normalization applied to the reported data beyond the primary calibration — for example correction to a reference value derived from secondary reference materials, or correction for a systematic bias those materials reveal. Record 'None' if no additional normalization is applied.",Advanced,Editable,Text (free),Spike isotope decay correction applied | Age correction for U-series disequilibrium | None | N/A,Source: Composition QC module,2026-08-30,reported property,,,N,N,N,N,N,N,N,N,N,N,N,N,N,N
Calibration Factor and Determination Method,"An externally-calibrated factor that converts the measured quantity into the reported quantity, how it was determined, and its uncertainty. Applies where the conversion depends on a factor calibrated against a reference of independently known value, rather than on the instrument response alone. Distinct from the fields that name the calibration material and that state which approach applies to which target species, where the technique has them: this field records the resulting factor itself.",Basic,Editable,Text (free),,Source: Calibration Factor module,2026-09-01,reported property,,,N,N,N,N,N,N,N,N,N,N,N,N,N,N
Procedural Blank Level,"The measured level of the analytical blank in the session, and — where the reported quantity is a ratio — its composition, since a blank subtracted from a ratio biases the result unless its own composition is known. Companion to the blank correction method.",N/A,Basic,Text (free),,Source: Blank module,2026-09-01,target species,Follows the criterion-versus-measurement split the library applies wherever a procedure sets a threshold and an analysis reports a value against it.,,"Mo: 0.7–1.2 ng — 'negligible, given that several hundred ng of Mo were analyzed for each sample'",S: ~0.05% (~0.25 µg per 500 µg S) — §2.2,Fe: ~70 ng — 'negligible considering that 1-2 mg Fe was purified for each sample' (§2.2),"Ce, Nd, Sm, Eu, Gd, Dy, Er, Yb: < 0.25 ng — 'negligible compared to the amounts of REEs in the samples'",N — the blank comparison stated concerns non-radiogenic Pb in the U-Pb work,Rb: ~0.14 ng — less than 0.5% of the Rb of a typical sample (40 ng),N,N,N,"Zr: 0.08–0.24 ng — 0.08 and 0.24 ng with Tarda and Tagish Lake, 0.09 and 0.13 ng with Ivuna",N,N,N,Ti: 3.7 ng — a maximum blank contribution of 0.18%
Analysis Inclusion and Rejection Criteria,"The rules determining which individual results contribute to a combined result, together with the outcome of applying them: how many results were obtained, how many were included, and on what grounds any were excluded. An individual result is the value of the reported quantity obtained from one acquisition: a replicate measurement of the same solution or location, a spot or grain within a sample, or an independently prepared aliquot or digestion, whichever the procedure combines. Distinct from filtering the acquired signal during data reduction (removing spikes, cycles or scans, or discarding an acquisition whose signal is compromised): this field records which finished results enter the combined result, and on what grounds.",Basic,Basic,Text (free),,Source: Aggregation module,2026-09-28,combined result,"Criteria and outcome are combined in one field because neither is interpretable without the other, following the precision/accuracy precedent.",,"Partially — ""For samples analyzed several times, reported values represent the mean of pooled solution replicates"". No acceptance or rejection rule stated",Rule: data showing mass-bias drift greater than ~0.5‰ during an individual sample are discarded; no count stated — 'Data that show clear and large mass bias drift (greater than ∼0.5‰) during individual samples should be discarded',"Rule: samples with ε196Pt(8/5) > 0.16 are left out of the low-exposure group averages; four samples excluded — 'we, therefore, excluded four samples that have ε196Pt(8/5) >0.16 to calculate low-exposure averages' (p.9); Table 1 note g","Partially — ""On average, LREEs were measured nine times""; replicate matrix cuts were measured but ""are not used, however, for data interpretation to avoid unnecessary influence of stable isotopic fractionation potentially induced by Mo chemistry"" — an explicit exclusion, on chemical rather than statistical grounds","Partially — Table 1 records ""Number of times the same purified Zr solution was measured independently in the MC-ICP-MS"" and ""Reported values are weighted means of all replicate"" analyses. No rejection rule stated",Rule: the norite is left out of the bulk-Moon regression for its very light Rb isotopic composition — Fig. 1 caption: 'excluded from the regression due to its very light Rb isotopic composition (this sample is heterogeneous ...)',Partially — n = 45 per analysis. No rejection rule stated,Partially — n = 50 per analysis. No rejection rule stated,"N — no result-level rule is stated. Reported values are ""averages of repeated measurements of each sample when multiple analyses were possible"", with no criterion for admitting or rejecting a measurement; the ""any ratio outside 2σ was discarded"" rule acts within a measurement and is recorded under Spike / Outlier Filtering Approach",Rule: data outside the 2SD uncertainty are rejected as outliers; n stated per sample (n = 13–99 for terrestrial RMs; n = 17–38 for eucrites and Colony) — Table 1 note: 'An outlier rejection was carried out with rejection of data that falls outside the 2SD uncertainty',"Partially — ""the mean ... of ten individual standard-bracketed sample analyses""; ""Samples were typically analysed two to four times"". No rejection rule stated","Partially — ""Each sample was measured approximately 20 times"". No rejection rule stated",N,N
Error Correlation Between Reported Quantities,"The correlation coefficient between pairs of reported quantities whose uncertainties are not independent, together with the pair it applies to and how it was obtained.",Advanced,Basic,Numeric (dimensionless) / Text,"e.g., '0.83, from the data reduction software error propagation' | '0.31 (double-spike inversion covariance)'",,2026-09-29,pair: reported property,Concordia and isochron regressions cannot be reconstructed without it.,,N,N,N,N,N,N,N,N,N,N,N,N,N,N
Combination Method,"Whether the reported variable is an individual result or combines several, and if combined, how: the statistical model used, including any criteria governing which model is applied, and what the individual results are combined over (for example per grain, per phase within a sample, or per sample). Record 'Not combined' where each individual result is reported on its own. Record the model only; the software implementing it belongs in Data Processing Software.",Basic,Editable,Text (free),"e.g., Arithmetic mean per phase within each sample | Weighted mean with MSWD-based uncertainty expansion | York (1969) isochron regression | Not combined",Source: Aggregation module,2026-09-28,reported property,"A methodological choice that changes the result: an arithmetic and a weighted mean of the same data, or a Model-1 and a Model-3 regression, give different values and different uncertainties.",,"all: mean of pooled solution replicates per sample, and weighted averages of recombined separates — §2; Table 1 notes b and c","δ34S, δ33S: over the replicate analyses of each standard — Table 3 '# of replicates', with 2σ external precision","all: average of n = 10–35 sample-standard bracketed measurements per sample solution, and weighted averages per group over the low-exposure samples (ε196Pt(8/5) ≤ 0.16), with York-regression intercepts for IC and IIAB — §2.3; Table 1 notes g, h","all: per sample, over 1 to 12 (typically 5) STD-SMP-STD bracketings — 'The reported φE values were calculated based on 1 to 12 (typically 5) STD-SMP-STD bracketings'; Fig. 1 also shows the mean of seven CAIs",all: weighted mean of all replicate measurements of each fraction — Table 1 note †: 'Reported values are weighted means of all replicate measurements for each fraction',δ87Rb: average of 5–12 repeat measurements per sample solution — bulk Moon and Earth from regressions against La/U (Fig. 1),all: average of the reference-material analyses in each session and over all sessions — Table 7a; 'Average Os ratios for the 94 UMd and 121 DTM RM analyses from all analytical sessions',all: average of the reference-material analyses — Tables 7b and 8b,"δ87Rb: average of repeated measurements per sample, and averages per sample group — §2.3; Table 3",all: average of the individual measurements of each sample — Fig. 1: 'the average of each sample with the corresponding uncertainty given as the 2 sd calculated from the individual sample measurements',"all: mean of ten standard-bracketed analyses per measurement, samples typically analysed two to four times, and weighted means per grouplet",δ41K: average of approximately 20 repeat measurements — 'The average d41K value for BHVO-2 was −0.448 ± 0.027‰',"N — the Bennu values carry '(2 s.e.)' (p.2), but how replicate analyses are combined is not stated","all: average of four repetitions over two days — Bennu +0.27 ± 0.08 ε⁴⁶Ti, −0.02 ± 0.05 ε⁴⁸Ti, +1.98 ± 0.08 ε⁵⁰Ti (2 s.e.)"
Combined Results,"The reported values that are obtained by averaging or otherwise combining several individual results, each named with what it combines and the individual results that contribute to it.",N/A,Basic,Text (free),"e.g., 'Olivine, sample A, 8 points' | 'Zircon weighted-mean date, sample B, 236 of 246 spots' | 'Isochron, sample C, 36 runs'",Source: Aggregation module,2026-09-28,defines: combined result,"Gives the inclusion outcome and the dispersion statistics a row to attach to when a session reports more than one combined value of the same variable, such as FeO in olivine and FeO in pyroxene.",,"per-sample means where N > 1 (Table 1, 'N: number of analyses'); chondrule fraction C3 (C3m, C3n, C3i); chondrule fractions combined (C2, C3m, C3n, C3i, C4) — Table 1 and notes b, c","the reference materials and in-house standards of Table 3, each over its stated number of replicates (3–20) — Table 3",per-sample averages (n = 10–35 each); IC low-exposure weighted average; IC intercept; IIAB low-exposure weighted average; IIAB intercept; IIC weighted average; IID low-exposure weighted average; IIIAB weighted average; IVA weighted average; IVB weighted average — Table 1,per-CAI values (1 to 12 bracketings each); mean of the seven CAIs — Table 1; Fig. 1,"each FC-1 zircon and baddeleyite fraction, over its replicates — Table 1, 'Replicates': 'Number of times the same purified Zr solution was measured independently'",per-sample averages (5–12 measurements each); bulk Moon δ87Rb (+0.03 ± 0.03‰); bulk Earth δ87Rb (−0.13 ± 0.01‰) — Table 1; Fig. 1 caption,UMd and DTM per-session averages; UMd average (94 analyses); DTM average (121 analyses); stable Os ratio averages (215 analyses); LOsST and DROsS averages — Tables 7a and 8a,DTM average; LOsST average — Tables 7b and 8b,per-sample averages; terrestrial average; low-Ti and high-Ti lunar averages; lunar average; Allende average; carbonaceous chondrite average; enstatite chondrite average — Table 1,per-sample averages (n = number of measurements); BHVO-2 average of two digestions; Ryugu average (all); Ryugu average (samples); Allende average — Table 1,per-sample means (ten analyses each); CL grouplet weighted mean; CT grouplet weighted mean; CO average; CM-an average; CT average — Methods; Figs 2 and 4,BHVO-2 δ41K average — p.4; whether the sample values average the ~20 measurements is not stated,N,"Bennu ε46Ti, ε48Ti and ε50Ti average (four repetitions) — p.2 and Methods"
Constants and Reference Values Used,"Physical constants and reference values used in data reduction to calculate the final reported quantity (e.g., decay constants for age calculation, standard isotope ratios, or other citable reference values used in a correction or calculation), together with their source. Distinct from the Group 6 reference-material fields, which document accepted values for specific calibration/validation materials rather than universal physical constants. Record ""None"" if no citable, revisable physical constants feed into this procedure's data reduction.",Basic,Editable,Text (free),"e.g., ""λ238U = 1.55125×10⁻¹⁰ yr⁻¹, λ235U = 9.8485×10⁻¹⁰ yr⁻¹ (Jaffey et al. 1971); 238U/235U = 137.818 (Hiess et al. 2012)"" | ""None""",Source: Core module,2026-08-26,(none),,,98Mo/96Mo = 1.453173 for internal normalization; 134Ba/136Ba = 0.3078 (Carlson et al. 2007) for the TIMS half,N,"57Fe/56Fe = 0.023095 and 57Fe/54Fe = 0.362549, ""the certified ratios of IRMM-014"" (Craddock and Dauphas, 2010)",N,"N — the constants stated (²³⁸U/²³⁵U = 137.818, ¹⁸O/¹⁶O = 0.00205, α = 0.18%/amu) belong to the coupled ID-TIMS U-Pb work","87Sr/88Sr = 0.085, ""which is the terrestrial Sr ratio"", used for the 87Sr interference correction; sensitivity tested at 0.0835 and 0.0885",N,N,N,"94Zr/90Zr = 0.3381 and 91Zr/90Zr = 0.21798, both Minster & Ricard (1981)",N,N,N,N
,,,,,,,,,,,,,,,,,,,,,,,,
6. Quality Control & Uncertainty,,,,,,,2026-08-26,,,N,N,N,N,N,N,N,N,N,N,N,N,N,N,N
Primary Calibration Standard Name,"Name and reference material identifier of the primary reference material(s) against which the instrument is calibrated — converting raw signal intensities to concentrations, or anchoring an isotope ratio as the bracketing standard or zero-delta reference. Give the material name, its source or supplier, and a citation for the accepted values used. Where calibration instead uses the vendor's stored library or theoretical response factors rather than measured reference materials — 'standardless' or 'semi-quantitative' quantification — record that here, naming the library or model used. 'None' means no calibration was performed at all, which is a different answer.",Basic,Editable,Text (free),"e.g., IRMM-014 (Taylor et al. 1992) | CRM-112a / SRM-960 | NIST SRM 981 | JMC Lyon Zn standard | NIST SRM 3102a | In-house single-element standard solution: specify | N/A | None",Source: Composition QC module,2026-09-29,target material x target species,Results calibrated against different published values for the same material are not directly comparable.,,all [Mo: Alfa Aesar Mo solution standard] — bracketing runs (§2),"all [S: in-house S_Spex and S_Alfa 20 ppm S solutions, from Spex CertiPrep and Alfa Aesar Specpure stocks] — §2.1; calibrated against IAEA-S-1",all [Fe: IRMM-524a] — bracketing standard (§2.3),"all [Ce, Nd, Sm, Eu, Gd, Dy, Er, Yb: OL-REE series]","all [Zr: ZrNIST, spiked at the same level as the samples]",all [Rb: NIST SRM984],N — internal normalisation; the four Os RMs are the materials measured,N — internal normalisation; DTM and LOsST are the materials measured,"all [Rb: NIST SRM984 RbCl, with BCR-2 in some sessions]",all [Zr: NIST SRM 3169],all [Fe: IRMM-014; Cr: SRM979; Mg: DTS-2b],all [K: NIST SRM 3141a],all [K: NIST-SRM 3141a; Cu: NIST-SRM 976; Zn: JMC-Lyon],all [Ti: in-house Alfa Aesar Ti wire standard]
Calibration Standard Measurement Frequency,"How often the primary calibration or bracketing standard is measured relative to unknown samples within a session. Specify the bracketing scheme where a fixed one is used, such as one standard measurement before and after each sample.",Basic,Read-Only,Text (free),"e.g., SSB: one standard before and one after every sample | One standard every 3 samples | Start and end of session only | N/A | None",Source: ICP-MS module,2026-08-31,(none),,,N,N,N,"Every sample, spaced by 300 s rinsing","Every sample — ""Each sample measurement was individually bracketed""",N,N,N,"Every sample (bracketing), plus an external pure Rb solution ""during each analytical session""","Each session — ""The Zr standard material NIST SRM 3169 was analyzed in each session""",N,Every sample (bracketing),N,N
Secondary Reference Materials,"Quality-control reference material(s) measured as unknowns alongside samples to assess accuracy independently and to monitor drift. Give the material name, its source, and a citation for the accepted or reference values used for comparison.",Basic,Editable,Text (free),"e.g., BHVO-2 (Fe isotopes; Dauphas & Rouxel 2006 compilation) | BCR-2 | NIST SRM 960 or equivalent U standard | NIST SRM 981 (Pb) | AGV-2 | N/A | None",Source: Composition QC module,2026-08-31,defines: standard,,,BHVO-2 — 'several digestions of which were processed through the full analytical protocol and analyzed together with each set of samples',"IAEA-S-1, IAEA-S-2, IAEA-S-4, NBS-123, Alfa, Sch-M-2, SW-Woods Hole, FeIII-sulfate, GAV-18, Ward's Py, Ward's Po — Table 3","BHVO-2, BCR-2 — §2.1",BCR-2 — 'processed with the CAIs',N,"BHVO-2, BCR-2, BE-N, W-2, AGV-2, GSR-1, GS-N, G-A, G-3, SRM984 as a sample, DTS-2b + SRM984, PCC-1 + SRM984, Allende — A.4","UMd, DTM, LOsST, DROsS","DTM, LOsST","BCR-2, AGV-2, BHVO-2, GS-N, SRM984 through chemistry, Allende, pure Rb ICP-MS solution — §2.3","BHVO-2, BCR-2, AGV-1, SCo-1, Bouvante, Bereba, Colony","BHVO2, DTS-2b — 'processed alongside the samples'",BHVO-2,BHVO-2,"BHVO-2, Agua Zarcas — Agua Zarcas is a CM2 chondrite"
Counting Statistics Error,"Uncertainty predicted from counting statistics — the theoretical limit set by the Poisson distribution of the counts accumulated — for each reported quantity per analysis, with the sigma level stated. Derived from the counts on the target species together with those on any background or blank subtracted from it. Distinct from the scatter actually observed within a measurement or between repeated measurements, which is recorded separately.",Advanced,Basic,Text (free),"e.g., '2SE predicted from counting statistics over 45 cycles' | '~0.6% (1 sigma), counting statistics plus propagated uncertainties' | 'N/A'",Source: Composition QC module,2026-09-01,sample > sampling unit x reported property,"Where a procedure reports both, agreement indicates the measurement is shot-noise limited, and a larger observed scatter indicates a further source of variance.",,N,N,N,N,N — the internal counting-statistics uncertainty is used for comparison but not tabulated,N,N,N,N,N,N,N,N,N
Internal (Within-Measurement) Analytical Precision and Assessment Method,"Precision of a single measurement, derived from the scatter of the cycles, sweeps or integrations that make it up, together with the method used to assess it. State the statistic (2SE, 2SD, 1s RSD), the number of cycles it is computed over, and the reported quantity it applies to. Distinct from Counting Statistics Error, which records the uncertainty predicted from the counts rather than the scatter observed; where a procedure reports both, record the observed value here and the predicted value there.",Advanced,Basic,Text (free),"e.g., '2SE = 2SD/sqrt(n), n = 45 cycles' | '+/-0.001-0.002 (2SE)' | '~2.6% (2SE)' | 'N/A'",Source: ICP-MS module,2026-09-29,sample > sampling unit x reported property,"This is the finest of the three precision levels the library records, below within-session and between-session precision: it describes the repeatability of one analysis rather than agreement between analyses, and is normally the smallest of the three.",,N,N,N,N,all: internal uncertainty from counting statistics — similar in magnitude to or slightly smaller than the external reproducibility assigned to each determination,N,"all: 2SE = 2SD/n^0.5, n = 45 cycles — within-run errors (§3)","all: 2SE = 2SD/n^0.5, n = 50 cycles — within-run errors (§3)",N,N,N,N,N,N
Within-Session Analytical Precision and Assessment Method,"Precision of repeated measurements within a single analytical session and the method used to assess it. Report both the assessment method and the precision values. The assessment method must specify the reference material or standard measured, the number of replicates n, and the statistic reported (1s RSD, 2s RSD, 2SD, 2SE, 95% CI). Distinct from the internal precision of a single measurement, which derives from counting statistics over the cycles of that measurement rather than from repeated analyses.",Basic,Basic,Text (free),"e.g., 2SD = 0.03‰ (n = 10) | 2σ = 0.004‰ (n = 9 brackets) | N/A | None",Source: ICP-MS module,2026-09-29,standard x reported property,,,N,N,N,N,ZrNIST [all: 2σ external reproducibility of the spiked ZrNIST measurements in each run],N,"UMd, DTM [all: 2SD of the analyses in each session] — Table 7a","DTM [187Os/188Os: 0.173910 ± 21 (2SD, n = 9)] — session 23-05-06 (Table 7a)",N,all [ε91Zr: 0.35; ε92Zr: 0.21; ε96Zr: 1.00] — 2SD of NIST SRM 3169 for an average session at 30 ppb (n = 32),N,N,N,N
Between-Session (Long-Term) Analytical Precision and Assessment Method,"Precision of measurements across multiple analytical sessions over weeks to months — long-term or intermediate precision — and the method used to assess it. Report both the assessment method and the precision values, specifying the reference material, the number of measurements and sessions, the time span covered, and the statistic reported.",Advanced,Basic,Text (free),"e.g., 2SD = 0.030‰ (n = 23 sessions; Dauphas et al. 2009) | 2SD = 0.005‰ (n > 50 analyses) | N/A | None",Source: ICP-MS module,2026-09-29,standard x reported property,Long-term precision is normally poorer than within-session precision and is the figure a data user should carry when comparing results from different sessions.,,"BHVO-2 [all: ±0.14 (ε97Mo) to ±0.39 (ε92Mo), 2 s.d., n = 24] — external reproducibility (§2, Table S2); Ba by TIMS ±0.13–0.31 (n = 14)","Alfa [δ34S: ±0.21‰, 2σ, 20–30 replicates]; Sch-M-2 [δ34S: ±0.45‰, 2σ, 12 replicates, laser] — §3.2; S_Spex ±0.18‰; δ³³S an order of magnitude worse",N,N,N,N,"UMd [187Os/188Os: 0.113795 ± 25 (2SD, n = 94)]; DTM [187Os/188Os: 0.173923 ± 26 (2SD, n = 121)] — 9 sessions over 11 months (Table 7a)",N,pure Rb ICP-MS solution [δ87Rb: ±0.01‰ (n = 40)] — run as an external standard each session,"BHVO-2, BCR-2, AGV-1, SCo-1, Bouvante, Bereba, Colony [ε91Zr: 0.3; ε92Zr: 0.2; ε96Zr: 1.0] — average 2SD over 10 months, n = 13–99 (eucrites and Colony n = 17–38)",N,N,N,BHVO-2 [ε46Ti: ±0.17; ε48Ti: ±0.09; ε50Ti: ±0.16] — 2 s.d. of 9 analyses
Analytical Accuracy and Assessment Method,"Offset between measured and accepted values for secondary reference materials, and the method used to assess it. Specify the reference material and the source of its accepted values, the number of analyses, and the quantities assessed. Report systematic biases and their likely causes. Express the offset in the form appropriate to what the procedure reports - percent relative bias for concentrations, or deviation in delta or ratio units for isotopic quantities.",Basic,Basic,Text (free),"e.g., % deviation from the published compilation value | Agreement with the certified value of the spike solution | Z-score relative to interlaboratory consensus | N/A | None",Source: ICP-MS module,2026-09-29,standard x reported property,,,BHVO-2 [all: εⁱMo indistinguishable from the Alfa Aesar standard] — §2,"IAEA-S-1, IAEA-S-2, IAEA-S-4, NBS-123 [δ34S: consistent with published consensus values within uncertainty] — §2.4, Table 3","BHVO-2, BCR-2 [""μ54Fe(7/6)"": average 2 ± 2 (95% c.i.); ""μ58Fe(7/6)"": average 4 ± 6 (95% c.i.); other: normal within uncertainties] — §3; agreeing with Schiller et al. (2020)","BCR-2 [all: zero within error bars, typically < 0.05‰/amu] — Assessment of data accuracy; replicates from the Mo-chemistry matrix cut agree, with LREEs shifted ~0.1‰/amu",N,"SRM984 as a sample, DTS-2b + SRM984, PCC-1 + SRM984 [δ87Rb: zero within error]; BHVO-2, BCR-2, BE-N, W-2, AGV-2, GSR-1, GS-N, G-A, G-3, Allende [δ87Rb: reproducible, agree with published results] — A.4, Fig. 8",UMd [187Os/188Os: +26 ppm; 186Os/188Os: −125 ppm]; DTM [187Os/188Os: −12 ppm; 186Os/188Os: −108 ppm] — offset from Durham N-TIMS (Table 7a),DTM [187Os/188Os: compared with Durham N-TIMS 0.173927 ± 5] — Table 7a,SRM984 through chemistry [δ87Rb: 0.00 ± 0.03‰]; Allende [δ87Rb: duplicate splits 0.12 ± 0.02‰ and 0.14 ± 0.04‰] — §2.3,"BHVO-2, BCR-2, AGV-1, SCo-1, Bouvante, Bereba, Colony [all: measured repeatedly to verify data quality] — doping tests with Ti, V, Cr, Mo, Hf and W 'have no effect on the accuracy of the Zr isotope data'",N — BHVO2 and DTS-2b results are in Supplementary Dataset 2,"BHVO-2 [δ41K: −0.448 ± 0.027‰, within error of reported values such as −0.46 ± 0.09‰ (Wang et al. 2021)]",N — 'the geostandard BHVO-2 was analysed alongside all sample analyses'; results in Supplementary Table 9,"BHVO-2, Agua Zarcas [all: analysed alongside Bennu to verify accuracy and reproducibility]"
Detection Limit,"Detection limit, one per reported concentration variable (one per target species, these being the same set). State the units and whether the values are procedure-typical estimates or session-specific measured values. The calculation method is recorded separately in Detection Limit Method. Record 'N/A' where the procedure reports no concentrations.",Advanced,Basic,Numeric + unit / Text,,Source: Composition QC module,2026-09-01,reported property,,,N,N,N,N,N,N,N,N,N,N,N,N,N,N
Detection Limit Method,"Formula or approach used to calculate the detection limits, with a citation for the method where one exists. Must be consistent with the values reported in Detection Limit.",Basic,Read-Only,Controlled list / Text,3σ blank | 3σ background | 3σ counting statistics | 3× blank mean | Poisson statistics | N/A | None,Source: Composition QC module,2026-08-27,reported property,,,N,N,N,N,N,N,N,N,N,N,N,N,N,N
Limit of Quantification (LOQ) Method,Reference or description of the method used to calculate the limit of quantification (LOQ): the lowest concentration reliably measurable with acceptable precision and accuracy. Required when concentrations near the LOD are reported.,Advanced,Basic,Controlled list / Text,10σ blank | 10σ background | 10× LOD | 3.3× LOD | S/N ≥ 10 | N/A | None,Source: ICP-MS module,2026-08-27,reported property,,,N,N,N,N,N,N,N,N,N,N,N,N,N,N
Goodness-of-Fit or Dispersion Statistic,"The statistic reported to show whether scatter among the individual results contributing to a combined result exceeds what analytical uncertainty alone predicts, together with its value. The procedure may still state an acceptance threshold, which belongs with the inclusion criteria.",N/A,Basic,Text (free),,Source: Aggregation module,2026-09-28,combined result x reported property,Answers whether a combined result is defensible as a single population. The value cannot be known before the analysis.,,N,"δ34S, δ33S: two standard deviations of the replicates — Table 3 note",N,N,N,N,all: 2SD — Table 7a: 'All quoted errors are 2SD',all: 2SD — 'Reported errors are 2SD unless otherwise stated',N,all: 2SD of the individual measurements — Fig. 1: 'the 2 sd calculated from the individual sample measurements',N,N,N,N
Other Statistics,"Any statistic reported for a combined result beyond the dispersion statistic, with the statistic named and its value.",N/A,Advanced,Text (free),"e.g., 'Standard error of the mean' | '95% confidence interval' | 'Probability of fit, p = 0.12'",Source: Aggregation module,2026-09-28,combined result x reported property,,,all: 95% confidence interval for samples with N > 3 — Table 1 note: 'the 95% confidence interval (95% CI) for samples with N > 3'; otherwise the uncertainty is BHVO-2's external 2 s.d.,N,all: 95% confidence interval from Student's t — 'using the average value and Student's t-value for a two-sided 95% confidence interval (95% c.i.)'; group averages '±95% c.i.' (Table 1 note g),"all: 95% confidence interval from Student's t — from the sample's own dispersion with six or more bracketings, otherwise from the bracketed standards",N,"δ87Rb: 2σ/√n, with σ from the bracketed standards — 'The uncertainty for a sample was calculated using the formula of 2×σ/√n'",N,N,"δ87Rb: 2 standard errors per sample, and 2 standard deviations per group average — Table 1 notes",all: 2SE — Table 1 gives '2SD 2SE' for each sample average,all: 2SE — 'the mean and 2 × standard error (SE)',N,N,all: 2 s.e. — p.2
Additional Notes,"Any procedure- or analysis-specific information not captured by a structured field anywhere in this TAPP — including anomalies, deviations from the registered procedure, instrument modifications, and supplementary context. Scope is the whole document, not Group 6: this is the last field of the TAPP and covers all six groups. Use sparingly; a structured field is preferred for anything that can be formally categorised.",Advanced,Advanced,Text (free),,Source: Core module,2026-08-26,(none),,,N,"Laser half: NewWave UP213 (213 nm), He carrier, 60 µm spot, 180 × 80 µm raster, 5 µm/s, 10 Hz, ~9–10 J/cm², ablated aerosol mixed with 2% HNO3 in the spray chamber — Table 1",N,N,"Mo doping test: Offset δ94/90ZrNIST = −63.4 · x, x the Mo/Zr atomic ratio — used to show the residual Mo is negligible",N,N,N,Extraction voltage −2000 V; peristaltic pump 5 rpm (Table 1),N,N,N,N,N
