Metadata Item,Description,Procedure-Level Tier,Analysis-Level Tier,Data Type,Example/Allowed Content,Comments,Last Update,Spot,Transect,Mapping,Literature Assessment,"Zhang et al. 2022
(GCA 323)
Iron meteorites
Raster mapping + Spot (Ge)
ns-LA-SF-ICP-MS
Florida State University","Chernonozhkin et al. 2021
(Chem Geol 562)
Pallasite olivine
Raster mapping (2D)
ns-LA-SF-ICP-MS
Ghent University","Chernonozhkin et al. 2021
(Chem Geol 562)
Pallasite olivine
Line scan (Run 1: major) +
Spot (Run 2: trace)
[Multi-run]
ns-LA-SF-ICP-MS
Ghent University","Chernonozhkin et al. 2021
(Chem Geol 562)
Pallasite phosphate
Spot analysis
ns-LA-SF-ICP-MS
Ghent University","Mittlefehldt 2024
Appendix A
Pallasite olivine
Spot analysis
ns-LA-SF-ICP-MS
Johnson Space Center","Nakanishi et al. 2022
(GCA 319)
CR chondrite metal (HSE)
Spot analysis
fs-LA-Q-ICP-MS
Tokyo Institute of Technology","Navarro et al. 2024
(ACS ESC 8)
Iron meteorites
Spot analysis
ns-LA-SF-ICP-MS
University of Campinas","Navarro et al. 2024
(ACS ESC 8)
Iron meteorites
Raster mapping (2D)
ns-LA-SF-ICP-MS
University of Campinas","Liu et al. 2024
(JAAS 39)
Extraterrestrial samples
(Li-borate flux glass)
Spot analysis
fs-LA-Q-ICP-MS
Chinese Academy of Sciences","Liu et al. 2025
(GCA 393)
Experimental silicate glass
Spot analysis
ns-LA-Q-ICP-MS
Guangzhou Inst. Geochemistry","Liu et al. 2025
(GCA 393)
Experimental sulfide
Spot analysis
ns-LA-Q-ICP-MS
Guangzhou Inst. Geochemistry","Liu et al. 2016
(M&PS 51)
Tissint martian meteorite
Silicates, oxides & glass
Spot analysis
LA-Q-ICP-MS
Virginia Tech","Liu et al. 2016
(M&PS 51)
Tissint martian meteorite
Phosphate (merrillite)
Spot analysis
LA-Q-ICP-MS
Virginia Tech"
1. Procedure Identification,,,,,,,,N,N,N,N,,,,,,,,,,,,N,N
Procedure Name,"A short descriptive name for this analytical procedure, including a version number. Should identify the instrument, the technique, and the scope of what is measured — analyte, material, or feature.",Basic,Read-Only,Text (free),"e.g., 'LA-ICP-MS Trace Elements Silicate Glass v1.2' | 'fs-LA-ICP-MS Major and Trace Elements Sulfide v1'",,2026-08-08,Y,Y,Y,,Zhang et al. (2022) Iron Meteorite LA-ICP-MS v1,Chernonozhkin et al. (2021) Pallasite Olivine 2D Mapping v1,Chernonozhkin et al. (2021) Pallasite Olivine Multi-run Spot/Transect v1,Chernonozhkin et al. (2021) Pallasite Phosphate Spot v1,Mittlefehldt (2024) Pallasite Olivine Spot v1,Nakanishi et al. (2022) CR Chondrite Metal HSE fs-LA-ICP-MS Spot v1,Navarro et al. (2024) Iron Meteorite Spot v1,Navarro et al. (2024) Iron Meteorite Raster Mapping v1,Liu et al. (2024) Extraterrestrial Flux Glass fs-LA-ICP-MS Spot v1,Liu et al. (2025) Experimental Silicate Glass LA-ICP-MS Spot v1,Liu et al. (2025) Experimental Sulfide LA-ICP-MS Spot v1,N,N
Technique,Top-level analytical technique identifier.,Basic,Read-Only,Controlled list,LA-ICP-MS | LA-ICP-OES | LA-MC-ICP-MS | LA-ICP-ToF-MS | LA-ICP-MS/MS | Other: specify,,2026-05-06,Y,Y,Y,,LA-SF-ICP-MS,LA-SF-ICP-MS,LA-SF-ICP-MS,LA-SF-ICP-MS,LA-SF-ICP-MS,fs-LA-Q-ICP-MS,LA-SF-ICP-MS,LA-SF-ICP-MS,fs-LA-Q-ICP-MS,LA-Q-ICP-MS,LA-Q-ICP-MS,LA-ICP-MS (193 nm excimer laser + ICP-MS; top-level technique) [P4],LA-ICP-MS (same as silicate protocol) [P4]
Procedure Author,Person(s) or laboratory responsible for developing and registering this procedure. ORCID recommended for individuals.,Basic,Read-Only,Text (free),"e.g., 'J. Smith (ORCID: 0000-0001-2345-6789)' | 'Isotope Geochemistry Lab, University of X'",,2026-08-08,Y,Y,Y,,"Zhang, Chabot, Rubin, Humayun et al.","Chernonozhkin, Pittarello, Goderis, Vanhaecke et al.","Chernonozhkin, Pittarello, Goderis, Vanhaecke et al.","Chernonozhkin, Pittarello, Goderis, Vanhaecke et al.",Mittlefehldt,"Nakanishi, Yokoyama, Okabayashi, Iwamori, Hirata","Navarro, Enzweiler, Crósta et al.","Navarro, Enzweiler, Crósta et al.","Liu, Xue, Li, Wang et al.","Liu, Li, Xu, Xiong et al.","Liu, Li, Xu, Xiong et al.",N,N
Laboratory,Name of the laboratory or institution hosting the instrument.,Basic,Editable,Text (free),"e.g., 'Geo-/Cosmochemistry Lab, University of Cologne'",,2026-05-06,Y,Y,Y,,"Plasma Analytical Facility, Florida State University, Tallahassee FL, USA","Dept. of Chemistry, Atomic & Mass Spectrometry, Ghent University, Belgium","Dept. of Chemistry, Atomic & Mass Spectrometry, Ghent University, Belgium","Dept. of Chemistry, Atomic & Mass Spectrometry, Ghent University, Belgium","ICP-MS Laboratory, NASA Johnson Space Center, Houston TX, USA","Dept. of Earth and Planetary Sciences, Tokyo Institute of Technology, Japan","Isotope Geology Laboratory, University of Campinas (UNICAMP), Brazil","Isotope Geology Laboratory, University of Campinas (UNICAMP), Brazil","State Key Laboratory of Lithospheric Evolution and Environmental Coevolution, IGGCAS, Beijing, China","State Key Laboratory of Isotope Geochemistry, Guangzhou Institute of Geochemistry, CAS, China","State Key Laboratory of Isotope Geochemistry, Guangzhou Institute of Geochemistry, CAS, China","Department of Geosciences, Virginia Tech [P4]","Department of Geosciences, Virginia Tech [P4]"
Laboratory ID,"Persistent identifier for the laboratory (e.g., ROR ID).",Advanced,Editable,URI / DOI,ROR ID or equivalent URI (https://ror.org/),,2026-08-08,Y,Y,Y,,N,N,N,N,N,N,N,N,N,N,N,N,N
Procedure Start Date,First date this procedure configuration was used in production.,Basic,Read-Only,Date,"YYYY-MM-DD, e.g., 2022-04-22",,2026-07-24,Y,Y,Y,,N,N,N,N,N,N,N,N,N,N,N,N,N
Funding Source for Procedure Development,"Grants and other funding sources that supported instrument acquisition, major upgrades, procedure development, and associated personnel time. Include grant numbers and funding agencies where applicable.",Advanced,Read-Only,Text (free),"e.g., 'NSF EAR-2142500; DFG INST 216/1019-1 FUGG no. 665508' | 'None'",,2026-07-24,Y,Y,Y,,N,"Planet Topers (BELSPO Interuniversity Attraction Poles); FWO postdoctoral fellowship for SCh; FWO ""Excellence of Science"" (ET-HoME ID 30442502); FWO/BOF-UGent; Alexander von Humboldt Foundation; FWO/BELSPO/VUB for SG and PC",Planet Topers (BELSPO); FWO; Alexander von Humboldt Foundation; FWO/BOF-UGent,Planet Topers (BELSPO); FWO; Alexander von Humboldt Foundation; FWO/BOF-UGent,N,JSPS KAKENHI; Tokyo Institute of Technology,FAPESP (São Paulo Research Foundation); CNPq,FAPESP; CNPq,NSFC; Chinese Academy of Sciences,"Strategic Priority Research Program (B) CAS; NSFC 92062222, 42073057, 42250710679, 42250202, 42273023","Strategic Priority Research Program (B) CAS; NSFC 92062222, 42073057, 42250710679, 42250202, 42273023",N,N
Procedure Reference(s),"DOI or URL for peer-reviewed publications or technical reports describing, validating, or benchmarking this procedure.",Advanced,Read-Only,URI / DOI,"e.g., doi:10.1016/j.oregeorev.2011.11.001",,2026-07-24,Y,Y,Y,,"Zhang et al. (2022) GCA 323, 202–219; Humayun (2012) for standardization",Chernonozhkin et al. (2021) Chem. Geol. 562; Liu et al. (2008) for IS method,Chernonozhkin et al. (2021) Chem. Geol. 562; Liu et al. (2008) for IS method,Chernonozhkin et al. (2021) Chem. Geol. 562; Liu et al. (2008) for IS method,Mittlefehldt (2024) GCA; Lee (Rice University) Excel data reduction spreadsheet,"Nakanishi et al. (2022) GCA 319, 254; Walker et al. (2008) for IVB standards","Navarro et al. (2024) ACS Earth Space Chem. 8, 281; Longerich et al. (1996)","Navarro et al. (2024) ACS Earth Space Chem. 8, 281; Longerich et al. (1996)","Liu et al. (2024) JAAS 39, 2728; Pettke et al. (2012) for LOD","Liu et al. (2025) GCA 393, 170; Xu et al. (2022) for experimental protocol","Liu et al. (2025) GCA 393, 170; Xu et al. (2022)",Udry et al. (2012) and Pernet-Fisher et al. (2014) cited as broad references for the analytical procedure [P4],Same as silicate protocol [P4]
Procedure DOI,"DOI or unique persistent identifier for the registered procedure used in this analysis, generated upon procedure submission to a data repository. This field is mandatory when submitting analytical data, to encourage formal procedure registration and ensure traceability. If a DOI has been applied for but not yet minted, enter ""pending"".",N/A,Basic,URI / DOI,"e.g., http://doi.org/10.60520/IEDA/114187 | pending",,2026-08-08,Y,Y,Y,,N,N,N,N,N,N,N,N,N,N,N,N,N
Analyst,Name(s) of the analyst(s) who performed the analysis session. ORCID is recommended for persistent identification.,N/A,Basic,Text (free),"e.g., 'J. Smith (ORCID: 0000-0001-2345-6789)'",,2026-08-08,Y,Y,Y,,N,N,N,N,N,N,N,N,N,N,N,N (Allan Patchen and Luca Fedele assisted with data collection per acknowledgments; not explicitly named as analysts in methods) [P20-Ack],N (same as silicate protocol) [P20-Ack]
Analysis Start Date,"Date on which the analytical session began. For sessions spanning multiple days, use the date of the first session. Format: YYYY-MM-DD.",N/A,Basic,Date,"YYYY-MM-DD, e.g., 2022-04-22",,2026-08-08,Y,Y,Y,,N,N,N,N,N,N,N,N,N,N,N,N,N
Analysis End Date,Date on which the analytical session ended. May equal Analysis Start Date for single-day sessions. Format: YYYY-MM-DD.,N/A,Basic,Date,"YYYY-MM-DD, e.g., 2022-04-22",,2026-05-06,Y,Y,Y,,N,N,N,N,N,N,N,N,N,N,N,N,N
Funding Source for Analysis,"Grants and other funding sources that supported the specific sample analyses and data collection reported here. Include grant numbers and funding agencies. Distinct from procedure development funding, which may have been awarded years earlier.",N/A,Basic,Text (free),"e.g., 'NASA 80NSSC21K0153; DFG WE 2850/5-1' | 'None'",,2026-07-24,Y,Y,Y,,"NASA Grants 80NSSC19K1238 (BZ), 80NSSC19K1613 (NLC), 80NSSC18K0595 (MH), NNX17AE77G (AER); NSF Cooperative Agreement DMR-1644779 and State of Florida [Acknowledgements]",Planet Topers (BELSPO); FWO; Alexander von Humboldt Foundation; FWO/BOF-UGent,Planet Topers (BELSPO); FWO; Alexander von Humboldt Foundation; FWO/BOF-UGent,Planet Topers (BELSPO); FWO; Alexander von Humboldt Foundation; FWO/BOF-UGent,N (no funding section in this appendix document; funding would be in the parent paper which was not assessed),"JSPS Grant-in-Aid for Scientific Research (grants 26106002, 26220713, 16H04081, 19H00715, 19H01081, 20H04609)",M.S.N.: Educorp (Unicamp) and International Association of Geoanalysts for Geoanalysis 2022 presentation; J.E.: CNPq grant 316191/2021-3,M.S.N.: Educorp (Unicamp) and International Association of Geoanalysts; J.E.: CNPq grant 316191/2021-3,Strategy Priority Research Program (Category B) of Chinese Academy of Sciences (XDB0710000); NSFC 42073022,"Strategic Priority Research Program (B) of CAS (XDB0840200); NSFC 92062222, 42073057, 42250710679, 42250202, 42273023","Strategic Priority Research Program (B) of CAS (XDB0840200); NSFC 92062222, 42073057, 42250710679, 42250202, 42273023",NASA Cosmochemistry grants NNX11AG58G (to L.A.T.) and NNN13D465T (to Y.L.); NSF EAR-1226270 (to P.D.A.) and EAR-1019770 (to R.J.B.); Y.L. supported by Jet Propulsion Laboratory [P20-Ack],Same as silicate protocol [P20-Ack]
Coupled Technique(s),"Other analytical techniques applied to the same sample(s) whose results are intended to be interpreted together with data from this procedure. Document coupling with any technique whose results are functionally linked to this dataset — providing calibration inputs, complementary spatial context, or required companion measurements. Use the same controlled vocabulary as the Technique field. Enter ""None"" if no coupling is intended.",Advanced,Editable,Controlled list / Text,EPMA | SIMS | ICP-MS (solution) | Noble Gas MS | Other: specify | None | N/A,,2026-07-24,Y,Y,Y,,EPMA (Brown University CAMECA SX-100),N,N,N,N,EPMA (electron probe microanalysis),N,N,N,N,N,EPMA (EMP) [P4],EPMA (EMP) [P4]
Coupling Description,"Description of how this procedure is coupled with the technique(s) listed above. Include: (1) the functional relationship — what data or context flows between techniques, or how results are combined (e.g. which output from the coupled technique serves as input to data reduction for this technique); and (2) the analytical sequence — which technique is performed first and why (e.g. non-destructive before destructive). Required when Coupled Technique(s) is not ""None"".",Advanced,Editable,Text (free),"e.g., 'EPMA provides major element concentrations (SiO₂ as internal standard) used in LA-ICP-MS data reduction; EPMA performed first because LA-ICP-MS ablation is destructive' | 'SIMS isotope ratios cross-validated against LA-ICP-MS; SIMS performed first due to shallower beam penetration'",,2026-07-24,Y,Y,Y,,"Quantitative analysis, mixed WDS/EDS element mapping, and characterization of mineral phases from NWA 1911 and Zinder [Section 2.5]",N,N,N,N,"EPMA used to measure Ni concentration at the exact LA-ICP-MS analysis spot location, required for internal standardization of HSE data [Section 2.3]",N,N,N,N,N,EPMA provides major element concentrations for comparison with LA-ICP-MS oxide-sum normalization results; agreement within <10% verified [P4],"EPMA provides CaO concentration at exact analysis spot, used as internal standard for LA-ICP-MS data reduction (LA-ICP-MS 40Ca counts normalized to EMP CaO) [P4]"
Coupled Procedure DOI,"Registered procedure DOI for the coupled technique named above. Provides a stable, citable link to the companion method independent of whether a dataset has been deposited. If the coupled procedure has not yet been registered, enter the DOI of a publication describing the coupled method, or ""pending"". Enter ""None"" if no coupling is planned.",N/A,Advanced,URI / DOI,"e.g., 'http://doi.org/10.60520/IEDA/114187' | pending | None",,2026-07-24,Y,Y,Y,,N,N,N,N,N,N,N,N,N,N,N,N,N
Coupled Dataset or Publication Reference,"DOI or other persistent identifier for the co-registered dataset or publication where both datasets are reported together. Accepts: a dedicated dataset DOI (if separately deposited), a shared dataset DOI (if co-submitted in the same package), or a publication DOI. Use ""same submission"" if the coupled dataset is included in this data package, or ""pending"" if not yet assigned. If coupling is documented through a shared sample identifier only, that information is already captured in Sample Persistent Identifier (Group 2).",N/A,Advanced,URI / DOI / Text,"e.g., 'doi:10.26022/IEDA/112969' | same submission | pending | None",,2026-05-09,Y,Y,Y,,N,N,N,N,N,N,N,N,N,N,N,N,N
,,,,,,,,,,,,,,,,,,,,,,,,
2. Samples,,,,,,,,N,N,N,N,,,,,,,,,,,,N,N
Target Material,General description of the material type(s) this procedure is designed to analyse. Used for discoverability and procedure matching.,Basic,Read-Only,Controlled list / Text,Silicate glass | Feldspar | Pyroxene | Olivine | Oxide | Sulfide | Carbonate | Phosphate | Native metal | Iron meteorite | Fluid inclusion | Melt inclusion | Whole rock | Other: specify | N/A | None,,2026-07-24,Y,Y,Y,,Iron meteorite metal (kamacite + taenite); pyroxene-bearing pallasite metal,"Pallasite olivine ([Mg,Fe]₂SiO₄)","Pallasite olivine ([Mg,Fe]₂SiO₄)","Pallasite Ca-phosphate (merrillite, stanfieldite, farringtonite)","Pallasite olivine ([Mg,Fe]₂SiO₄)","CR chondrite metal grains (interior, margin, and isolated types)",Iron meteorite metal (kamacite + taenite),Iron meteorite metal (kamacite + plessite),Li-borate flux fusion glass (extraterrestrial sample preparation),Experimental dacitic silicate glass (quench product),Experimental pyrrhotite (Fe₁₋ₓS) sulfide (quench product),"Martian meteorite (Tissint) silicates, oxides, and glass: olivine, low-Ca pyroxene, augite, maskelynite, Fe-Ti-Cr oxides, shock melt glass, fusion crust [P4]","Martian meteorite (Tissint) phosphate: sodium-merrillite [P4, P12]"
Sample Form / Analytical Substrate,"Physical form of the material as it enters the ablation cell. Editable to accommodate legitimate variations (e.g., thin section vs. mount) that do not alter the analytical procedure.",Basic,Editable,Controlled list,In situ — polished thin section | In situ — polished epoxy mount | In situ — polished thick section | Pressed powder pellet | Li-borate fused glass disc | Nano-particulate pressed pellet | Liquid | Other: specify,,2026-07-24,Y,Y,Y,,Polished metal slab (in situ),In situ — polished epoxy thick section (HELEX II two-volume cell),In situ — polished epoxy thick section; pre-ablated before trace element run,In situ — polished epoxy thick section,In situ — polished grain mount (olivine grain fragments),"In situ — polished epoxy thick section (petropoxy 154 resin, 0.5 µm diamond finish)","In situ — polished epoxy mount (~1 cm fragments in epoxy, etched with Nital)",In situ — polished epoxy mount (same Augusto Pestana fragment as spot protocol),"Li-borate flux fusion glass disc (10 mg sample + 350 mg Li₂B₄O₇, 35:1 dilution)",In situ — polished epoxy mount (experimental capsule half-section),In situ — polished epoxy mount (same capsule section as glass protocol),"In situ — polished thin section (Tissint sections: Tata-2-C3, Tata-3-C2, UT1, UT3) [P4, P5-P11]",In situ — polished thin section (same sections as silicate protocol) [P4]
Sample Name,"Name or identifier of the sample analysed, as used in the laboratory. Should match the identifier used in associated publications or data tables.",N/A,Basic,Text (free),"e.g., 'NWA 10597 ol-1' | 'Imilac PMG section 3 grain 2'",,2026-05-06,Y,Y,Y,,N,N,N,N,N,N,N,N,N,N,N,Tissint Martian meteorite [P4],Tissint Martian meteorite [P4]
Sample Persistent Identifier,"Globally unique, persistent identifier for the analysed sample. IGSN (International Geo Sample Number) is the recommended standard for geological and cosmochemical samples, as used by Astromat, EarthChem, and SESAR.",Advanced,Advanced,URI / IGSN,"e.g., IGSN: IEDA-100001 (https://www.igsn.org/) | Smithsonian NMNH catalog number",,2026-08-08,Y,Y,Y,,N,N,N,N,N,N,N,N,N,N,N,N,N
Fusion Flux and Dilution Ratio,"For procedures using fused glass, the flux type and sample:flux dilution ratio used to prepare the analytical glass.",Advanced,Editable,Text (free),"e.g., 'Li-tetraborate, 1:2 (sample:flux)' | 'Li-metaborate/tetraborate 50:50, 1:5' | 'Not applicable (in situ)'",,2026-07-24,Y,Y,Y,,N/A,N/A,N/A,N/A,N/A,N/A,N/A,N/A,Li₂B₄O₇ flux; sample:flux = 1:35 (10 mg sample + 350 mg flux),N/A,N/A,N/A (in situ),N/A (in situ)
Sample Preparation Method,"Description of how samples were prepared for analysis (mounting, polishing, coating, fusion procedure, etc.).",Basic,Editable,Text (free),"e.g., 'Polished thin section, uncoated' | '25 mm epoxy mount, polished to 0.25 µm diamond' | 'Double-fused Li-tetraborate bead, polished to 1 µm'",,2026-05-22,Y,Y,Y,,Polished metal slabs and thin sections; no acid treatment described,PMG thick sections polished; HELEX II two-volume cell; C-coated for SEM then coating removed before LA,"PMG thick sections polished; pre-ablation pass (2 J cm⁻², 20 Hz, 150 µm square, 300 µm s⁻¹) before trace element run",PMG thick sections polished; same as olivine mapping preparation,"Olivine grain fragments repeatedly washed in dilute HCl and triply distilled H₂O, hand-picked, polished grain mounts","Thick sections in petropoxy 154 resin, polished to 0.5 µm diamond paste, C-coated for EPMA then surface polished before LA","Fragments ~1 cm mounted in epoxy resin, polished, cleaned with ultrapure water",Same Augusto Pestana fragment etched with Nital solution (2% v/v HNO₃ in ethanol) to reveal kamacite and plessite,Li-borate fusion: 350 mg Li₂B₄O₇ + 10 mg powdered sample fused in Pt-Au crucible (M4 automatic fluxer); glass surface cleaned with ethanol before LA,Experimental capsule longitudinally sectioned with wire saw; half mounted in epoxy for analysis,Same capsule section as silicate glass; sulfide grains ≥20 µm selected by SEM-BSE,N (not described; sections mentioned; polished implied) [P4],N (same as silicate protocol) [P4]
Pre-Ablation Surface Treatment,"Procedure applied immediately before each analysis to remove surface contamination or condition the sample surface. Distinct from general sample preparation. For spot analysis, pre-ablation pulses are discarded before signal acquisition begins. For mapping, this step is typically omitted as the large area ablated averages out surface effects.",Advanced,Editable,Text (free),"e.g., '10 pre-ablation pulses discarded before acquisition (50 µm, 10 Hz, 2 J cm⁻²)' | '150 µm square spot, 2 J cm⁻², 20 Hz, 300 µm s⁻¹ pre-ablation pass (Chernonozhkin et al. 2021)' | 'None'",,2026-07-24,Y,Y,Y,,N,N (mapping; surface effects average out over large area),"Pre-ablation pass: 150 µm square, 2 J cm⁻², 20 Hz, 300 µm s⁻¹ scan before trace element spot run; removes surface contamination and re-deposited material",N,N (grains imaged by SEM to locate inclusion-free regions),N,N,N,Surface cleaning with ethanol before analysis,N,N,N (not stated) [P4],N (not stated) [P4]
Target Selection Criteria,"The rules governing which part of the sample is analysed, and why. Covers the criteria applied when choosing grains, aliquots, spots, or a region of interest — size, morphology, clarity, freedom from inclusions or alteration, phase identity, or spatial position. Distinct from Target Material, which states the material type the procedure is designed for: this field states how, within such a sample, the analysed portion is picked out. Generalised from Lab-XCT's 'VOI Selection Criteria', which implements this concept for a single technique.",Basic,Editable,Text (free),"e.g., 'Euhedral, crack- and inclusion-free grains 80-150 um; oscillatory-zoned rims targeted, inherited cores avoided on CL' | 'All grains in the separate analysed (detrital provenance)'",,2026-08-08,Y,Y,Y,,,,,,,,,,,,,,
Pre-Analysis Imaging and Screening,"Imaging or other characterisation performed before the measurement in order to select or locate the analysed target, including the technique, instrument and settings used, and how individual analyses are linked back to the images. Distinct from any imaging the procedure performs as its own measurement. Where the imaging is performed on a separate instrument, it should also be recorded in the Group 1 coupling fields.",Advanced,Editable,Text (free),"e.g., 'CL imaging on Zeiss Sigma SEM at 10 kV before spot placement; every dated grain imaged and spot positions annotated' | 'BSE and CL mosaics; micro-Raman screening of chemical-abrasion effectiveness (McKanna et al. 2023)'",,2026-08-08,Y,Y,Y,,,,,,,,,,,,,,
Chemical Abrasion Conditions,"Annealing and partial-dissolution conditions applied to mitigate Pb loss before analysis, following Mattinson (2005): annealing temperature and duration, and the acid, temperature and duration of the partial-dissolution step. Condon et al. (2024) require these where chemical abrasion was applied, and state that it generally should be for zircon. Record 'None' where grains were analysed untreated, since the absence of treatment materially affects how discordance should be read.",Basic,Read-Only,Text (free),"e.g., 'Annealed 900 C, 60 h; partial dissolution 12 M HF, 210 C, 12 h' | 'Annealed 850 C, 48 h; 29 M HF, 180 C, 12 h' | 'None (untreated)'",,2026-08-08,Y,Y,Y,,,,,,,,,,,,,,
,,,,,,,,,,,,,,,,,,,,,,,,
3. Instrument & Software,,,,,,,,N,N,N,N,,,,,,,,,,,,N,N
Laser Manufacturer & Model,Manufacturer and model of the laser ablation system.,Basic,Read-Only,Text (free),"e.g., 'ESI/NWR imageGEO193' | 'Coherent GeoLas HD' | 'Teledyne Analyte Excite 193' | 'Teledyne Analyte G2'",,2026-05-14,Y,Y,Y,,ESI New Wave UP193FX (193 nm Nd:YAG frequency-quintupled solid state),Teledyne CETAC Technologies Analyte G2 (193 nm ArF excimer),Teledyne CETAC Technologies Analyte G2 (193 nm ArF excimer),Teledyne CETAC Technologies Analyte G2 (193 nm ArF excimer),"New Wave UP-193 (solid state, 193 nm)","Cyber Laser IFRIT (Ti:sapphire fs UV laser, 260 nm)",Teledyne Excite 193 (193 nm ArF excimer),Teledyne Excite 193 (193 nm ArF excimer),"Shanghai Chemlab GenesisGEO (high-repetition-rate fs laser, 343 nm)",Resonetics 193 nm ArF excimer laser (coupled to Cetac Analyte HE system),Resonetics 193 nm ArF excimer laser (coupled to Cetac Analyte HE system; same system as glass protocol),GeoLasPro (193 nm Excimer laser-ablation system; manufacturer not stated by name; GeoLasPro is a Lambda Physik/Coherent product) [P4],GeoLasPro 193 nm Excimer laser-ablation system (same as silicate protocol) [P4]
ICP-MS Manufacturer & Model,Manufacturer and model of the ICP-MS instrument.,Basic,Read-Only,Text (free),"e.g., 'Thermo Scientific iCAP TQ' | 'Agilent 7900' | 'Thermo Scientific Element XR' | 'TOFWERK icpTOF'",,2026-05-06,Y,Y,Y,,Thermo Fisher Scientific Element XR (SF-ICP-MS),Thermo Fisher Scientific Element XR (SF-ICP-MS),Thermo Fisher Scientific Element XR (SF-ICP-MS),Thermo Fisher Scientific Element XR (SF-ICP-MS),Thermo Fisher Scientific Element XR (SF-ICP-MS),Thermo Scientific X-series 2 (Q-ICP-MS),Thermo Fisher Scientific Element XR (SF-ICP-MS),Thermo Fisher Scientific Element XR (SF-ICP-MS),Agilent 8900 (Q-ICP-MS; ICP-MS/MS capable),Agilent 7900 (Q-ICP-MS),Agilent 7900 (Q-ICP-MS),Agilent 7500ce ICP-MS [P4],Agilent 7500ce ICP-MS [P4]
ICP-MS Type,Type of ICP-MS mass analyser and collector configuration.,Basic,Read-Only,Controlled list,Single-collector quadrupole (Q-ICP-MS) | Single-collector sector-field (SF-ICP-MS) | Multi-collector sector-field (MC-ICP-MS) | Time-of-flight (ICP-ToF-MS) | Triple quadrupole (ICP-MS/MS) | Other: specify,,2026-05-14,Y,Y,Y,,N,"Double-focusing sector field ICP-MS (explicitly stated: ""Thermo Scientific Element XR double-focusing sector field ICP-MS unit"")",Double-focusing sector field ICP-MS (explicitly stated),Double-focusing sector field ICP-MS (explicitly stated),Single-collector sector-field (SF-ICP-MS),Single-collector quadrupole (Q-ICP-MS),"Sector field (SF-ICP-MS) (explicitly stated: ""sector field inductively coupled plasma mass spectrometer"")",Sector field (SF-ICP-MS) (explicitly stated),"N (ICP-MS type not stated; Agilent 8900 model named but ""quadrupole"" or ""ICP-MS/MS"" not used in paper)","N (ICP-MS type not stated; Agilent 7900 model named but ""quadrupole"" not explicitly stated)",N (ICP-MS type not stated),N (quadrupole implied by Agilent 7500ce model; not explicitly stated in paper) [P4],N (same as silicate protocol) [P4]
Instrument Serial Number or Lab Identifier,Serial number or laboratory-internal identifier for the specific instrument unit. Supports traceability to instrument service records.,Advanced,Editable,Text (free),"e.g., 'Element XR S/N 1234' | 'Lab unit: Ghent-SF2'",,2026-06-17,Y,Y,Y,,N,N,N,N,N,N,N,N,N,N,N,N,N
Interface Cone Configuration,Combination of sample cone and skimmer cone installed during analysis.,Basic,Read-Only,Text (free),"e.g., 'Ni standard sample cone + Ni H-type skimmer' | 'Al standard sample cone + Al H-type skimmer (1.1 mm aperture)' | 'Pt sample cone + Pt skimmer'",,2026-05-14,Y,Y,Y,,N,Al standard sample cone (1.1 mm aperture); Al H-type skimmer (0.8 mm aperture),Al standard sample cone (1.1 mm aperture); Al H-type skimmer (0.8 mm aperture),Al standard sample cone (1.1 mm aperture); Al H-type skimmer (0.8 mm aperture),N (parameters lost),Ni micro-skimmer cone Xs; Ni sampler cone,Ni sampler cone; Ni skimmer cone,Ni sampler cone; Ni skimmer cone,N,N,N,N,N
Sampler and Skimmer Cone Material,"Material composition of the sampler and skimmer cones. Common materials are nickel (standard), platinum (for high-TDS or organic-matrix samples), and aluminium (for high-purity work). Cone material affects sensitivity, matrix tolerance, and long-term stability. State both sampler and skimmer materials; if identical, a single statement is acceptable.",Advanced,Read-Only,Text (free),"Nickel (Ni) sampler and skimmer cones (standard configuration); Platinum (Pt) sampler, nickel (Ni) skimmer",,2026-05-14,Y,Y,Y,,,,,,,,,,,,,,
Torch Depth,"Distance between the load coil and the sampling cone tip (mm), also called injector depth or torch position depending on the instrument manufacturer. Affects ion transmission efficiency, oxide formation, and doubly-charged species production. The procedure specifies a target value optimised during initial setup; the analyst confirms or fine-adjusts during session tuning.",Advanced,Editable,Text (free),5 mm; Standard position (manufacturer default; not explicitly reported),,2026-07-24,Y,Y,Y,,,,,,,,,,,,,,
Torch Type,Type of plasma torch installed. Injector inner diameter (typically 1.5–2.5 mm) affects aerosol transport efficiency and plasma conditions in LA-ICP-MS.,Advanced,Read-Only,Text (free),Standard quartz | High-matrix (low-flow) | Low-volume | N/A | None | Other: specify,,2026-06-17,Y,Y,Y,,N,N,N,N,N,N,N,N,N,N,N,N,N
Guard Electrode,Whether the guard electrode (also called extraction lens or Fassel torch shield) was active during analysis.,Basic,Read-Only,Controlled list,On | Off | Not applicable (instrument does not have guard electrode),,2026-05-06,Y,Y,Y,,N,N,N,N,N,N,On (active),On (active),N,N,N,N,N
Mass Resolution Setting,"Operating mass resolution of the mass analyser. For quadrupole instruments this is fixed at unit resolution by instrument design. For sector-field instruments the analyst selects low, medium, or high resolution to balance sensitivity against spectral interference suppression.",Basic,Editable,Text (free),"e.g., Unit resolution — quadrupole (fixed) | Low resolution — SF (~300 m/Δm) | Medium resolution — SF (~3000 m/Δm) | High resolution — SF (~10000 m/Δm) | Other: specify","SF-ICP-MS: adjustable mass resolution (300–10,000); Q-ICP-MS: unit resolution only",2026-05-14,Y,Y,Y,,Low resolution (M/ΔM ≈ 400),Low resolution (M/ΔM = 300; cool plasma mapping),Run 1: Medium resolution (M/ΔM = 4000) for major elements; Run 2: Low resolution (M/ΔM = 300) for trace elements,Low resolution (M/ΔM = 300),Medium resolution (m/Δm ≈ 4000),Unit resolution (quadrupole fixed),Low resolution (M/ΔM = 300),Low resolution (M/ΔM = 300),Unit resolution (quadrupole; ICP-MS/MS mode not specified),Unit resolution (quadrupole fixed),Unit resolution (quadrupole fixed),N (unit resolution implied for quadrupole; not explicitly stated) [P4],N (same as silicate protocol) [P4]
Detector Configuration,"Type(s) of detector(s) installed in the mass spectrometer. For single-collector instruments, note whether dual pulse-counting/analog mode is used. For multi-collector instruments, describe the Faraday/multiplier cup layout.",Basic,Read-Only,Text (free),"e.g., 'Single SEM, dual mode (pulse counting and analog)' | 'Single SEM in triple mode (pulse, analog, Faraday)' | 'Nine Faraday cups + one ion counter (MC)'",,2026-05-06,Y,Y,Y,,Triple mode detection (pulse counting + analog + Faraday) at 65% duty cycle,Triple mode detection (all analytical modes),Triple mode detection; Faraday used for major elements in run 1,Triple mode detection,N (parameters lost),N,"Triple mode detector (pulse counting, analog, Faraday)","Triple mode detector (pulse counting, analog, Faraday)",Dual mode detector (30 ms / 10 ms dwell alternation),N,N,N,N
Collision/Reaction Cell (CRC) Configuration,"Whether a collision or reaction cell is installed and its operating mode. In standard mode (STD), no cell gas is introduced and the cell acts only as an ion guide. In kinetic energy discrimination (KED) mode, helium thermalizes ions so that polyatomic interferences (larger collision cross-section) are selectively retarded by a cell exit barrier voltage. In dynamic reaction cell (DRC) mode, a reactive gas selectively neutralizes specific interferences through ion-molecule reactions. On ICP-MS/MS instruments (e.g., Agilent 8900), a second mass filter preceding the cell enables precursor-ion selection. Specific gas types, flow rates, and cell voltages are documented in Group 4. Record 'Not applicable' for SF-ICP-MS instruments, which lack collision/reaction cells.",Basic,Read-Only,Controlled list,"STD (standard mode, no gas) | KED (kinetic energy discrimination, He gas) | DRC (dynamic reaction cell, reactive gas) | ICP-MS/MS (triple-quadrupole mode) | N/A | Other: specify",Q-ICP-MS only,2026-08-10,Y,Y,Y,,N,N,N,N,N,N,N,N,N,N,N,N,N
Laser Wavelength and Type,Wavelength and type of the laser used for ablation in nanometres.,Basic,Read-Only,Text (free),"e.g., '193 nm ArF excimer' | '213 nm Nd:YAG frequency-quintupled' | '257 nm Yb:KGW femtosecond' | '1030 nm Yb:KGW IR femtosecond'",,2026-05-14,Y,Y,Y,,N,193 nm ArF excimer; pulse duration ~5 ns,193 nm ArF excimer; pulse duration ~5 ns,193 nm ArF excimer; pulse duration ~5 ns,193 nm solid-state (New Wave UP-193),260 nm Ti:sapphire femtosecond UV; pulse duration ~220 fs (IFRIT system),193 nm ArF excimer; pulse duration 4 ns,193 nm ArF excimer; pulse duration 4 ns,343 nm fs (GenesisGEO high-repetition-rate femtosecond laser),193 nm (CetacAnalyte HE; ns pulse),193 nm (CetacAnalyte HE; ns pulse),193 nm Excimer (ArF excimer) [P4],193 nm Excimer (ArF excimer) [P4]
Acquisition Software,"Instrument control and data acquisition software used to collect raw signal data, including version number. Separate from data reduction software.",Basic,Editable,Text (free),"e.g., 'Thermo Qtegra 2.10.3324' | 'Agilent MassHunter Workstation 4.6' | 'Thermo PlasmaLab 2.5.4'",,2026-05-06,Y,Y,Y,,N,N,N,N,N,N,N,N,N,N,N,N,N
Data Reduction Software,"Software used for signal processing, background subtraction, and concentration calculation, including version number.",Basic,Editable,Text (free),"e.g., 'Iolite 4.7 (Paton et al. 2011)' | 'GLITTER 4.4' | 'SILLS 1.1.5 (Guillong et al. 2008)' | 'LAtools' | 'In-house MatLab script'",,2026-05-14,Y,Y,Y,,"N (paper only states ""standardization techniques followed those of Humayun (2012)""; no software named)",In-house MatLab script (Appendix C1),In-house MatLab script (Appendix C2),In-house MatLab script (Appendix C3),Excel spreadsheets developed by C.-T. A. Lee (Rice University),N (in-house reduction implied),iolite 4.5.7 with 3D Trace Elements DRS,iolite 4.5.7 with 3D Trace Elements DRS,Iolite 4 (Paton et al. 2011),N,N,"AMS ver. 1.0 (Mutchler et al. 2008; Analysis Management System, stand-alone software) [P4]",AMS ver. 1.0 (Mutchler et al. 2008) [P4]
Ablation Cell Type,"Type, design origin, and internal volume of the ablation cell. Cell volume is a primary determinant of aerosol washout time and therefore the achievable time resolution of the data.",Basic,Read-Only,Text (free),"e.g., 'Two-volume HelEx II (Müller et al. 2009)' | 'HDIP low-dispersion tube-type cell' | 'Single-volume standard cell' | 'ARIS (Aerosol Rapid Introduction System)'",,2026-05-14,Y,Y,Y,,N,HELEX II two-volume ablation cell,HELEX II two-volume ablation cell,HELEX II two-volume ablation cell,N (standard cell; parameters lost),N,HelEx II two-volume sample cell,HelEx II two-volume sample cell,N,Cetac Analyte HE system (stated as the laser ablation system coupled to Agilent 7900),Cetac Analyte HE system (same as silicate glass protocol),N,N
Sample Introduction,"Configuration by which the ablated aerosol is delivered to the plasma, including tubing, any signal-homogenising device, and any co-aspirated solution introduced alongside the aerosol — for example a Tl solution used for instrumental mass bias correction, or an isotopic spike used for isotope dilution. Distinct from the carrier and make-up gas fields, which record gas identity and flow rather than what else enters the plasma.",Basic,Read-Only,Text (free),"e.g., 'Squid signal homogeniser, 2 m PTFE tubing, no co-aspiration' | 'Dry plasma; Tl solution co-aspirated via desolvating nebuliser for mass bias correction'",,2026-08-08,Y,Y,Y,,,,,,,,,,,,,,
,,,,,,,,,,,,,,,,,,,,,,,,
4. Measurement Information,,,,,,,,N,N,N,N,,,,,,,,,,,,N,N
Analytical Mode,"Primary analytical mode(s) executed under this procedure. For single-mode procedures, records one value (e.g., Spot). For multi-mode procedures (e.g., spot analysis combined with transect scanning), list all applicable modes. Serves as the procedure-level declaration of measurement type, distinct from the mode flag columns which indicate per-field applicability.",Basic,Read-Only,Controlled list,'Spot' | 'Transect' | 'Mapping' | 'Spot; Transect',,2026-07-24,Y,Y,Y,,,,,,,,,,,,,,
Laser Spot Geometry,"Shape and dimensions of the laser ablation spot in micrometres registered by the procedure. For circular spots, report diameter; for square or rectangular spots, report width × length. The procedure registers the typical geometry; analysts may adjust within procedure-allowed range.",Basic,Editable,Text (free),"e.g., '25 µm circular' | '20×20 µm square' | '15 or 25 µm circular (phase-dependent)'",,2026-07-24,Y,Y,Y,,Raster: 50 µm circular beam spot; Spot (Ge): 150 µm circular,20×20 µm square,Run 1 (major): 30 µm circular; Run 2 (trace): 130 µm circular,110 µm circular (spot mode),75 µm circular,30 µm circular,150 µm circular,150 µm square (mapping mode),100×100 µm square (stated as 100 µm diameter spot at 1 Hz),40 µm circular (silicate glass),20 µm circular (sulfide; grain sizes >20 µm selected),24 and 32 µm diameter (commonly used for silicates and glass); 90 µm (some olivine analyses to evaluate low REE signal sampling) [P4],~24 µm diameter [P4]
Spot Diameter (Measured),"Diameter of the laser spot as independently measured on the sample or on a test material, distinct from the nominal value the procedure registers. Measured companion to Laser Spot Geometry: nominal and delivered spot size can differ appreciably with optics condition and focus.",N/A,Basic,Numeric (µm),"e.g., '32.4' | 'nominal 35, measured 33.1 +/- 0.8 (n = 12 pits, white-light profilometry)'",,2026-08-08,Y,Y,Y,,,,,,,,,,,,,,
Laser Spot Path / Ablation Mode,Sampling mode or ablation pattern used during analysis.,Basic,Read-Only,Controlled list,Spot (stationary) | Transect (continuous line scan) | Raster area (2D elemental mapping) | Stepped line profile | Other: specify,,2026-05-14,Y,Y,Y,,Raster area (2D mapping) for most irons; Spot (stationary) for Ge analysis on 5 irons,Raster area (2D elemental mapping),"Transect (line scan, run 1) + Spot (run 2 on same location after pre-ablation)",Spot (stationary),Spot (stationary),Spot (stationary),Spot (stationary),Raster area (2D elemental mapping),Spot (stationary; single spot at 1 Hz),"N (ablation mode not explicitly stated; ""beam diameter"" terminology used but ""spot"" or ""spot mode"" not written)",N (ablation mode not explicitly stated),Spot (stationary) [P4],Spot (stationary) [P4]
Laser Energy,Laser pulse energy in millijoules as set at the laser output or measured at the sample surface. Less commonly reported than fluence because it does not account for spot area. Report only when the system displays energy directly. Laser fluence (J cm⁻²) is the preferred quantity and is captured in Default Laser Fluence.,Advanced,Editable,Numeric (mJ),"e.g., 0.001 mJ | 3.5 mJ",,2026-05-06,Y,Y,Y,,N,N,N,N,N,N,N,N,N,N,N,150 mJ output energy [P4],150 mJ output energy [P4]
Laser Fluence (Energy Density),"Laser pulse energy per unit area at the sample surface in J cm⁻², as registered by the procedure. Fluence is the physically meaningful quantity controlling ablation rate, crater morphology, elemental fractionation, and particle size distribution. If the system reports only as % of maximum output, include that value and note the system maximum where known.",Basic,Editable,Numeric (J cm⁻²),"e.g., '3.5 J cm⁻²' | '7 J cm⁻²' | '60% output (PHAROS system, max ~15 J cm⁻²)'",,2026-07-24,Y,Y,Y,,"N (no fluence reported; energy density characterized as ""sufficient to resolve Ge from background argide"")",5–7 J cm⁻²,Run 1 (major): 4.72 J cm⁻²; Run 2 (trace): 4.72 J cm⁻²,3.5 J cm⁻²,N (parameters lost),12 J cm⁻²,7 J cm⁻²,7 J cm⁻²,6.79 J cm⁻²,"~2.5 J cm⁻² (stated as ""energy of ~2.5 J/cm²"")",~2.5 J cm⁻²,7–10 J/m² (stated in paper; units as written; likely a typographic error for J/cm²) [P4],7–10 J/m² (same as silicate protocol) [P4]
Laser Beam Energy Profile,"Spatial energy distribution of the laser beam at the sample surface, and whether a beam homogenizer is installed. A flat-top (top-hat) profile produces more uniform ablation craters and more reproducible crater morphology than a Gaussian beam. This is a fixed hardware property of the laser system.",Advanced,Read-Only,Controlled list / Text,Flat-top (top-hat) — beam homogenizer installed | Gaussian — no beam homogenizer | Not stated | N/A | None,,2026-05-13,Y,Y,Y,,N,N,N,N,N,N,N,N,N,N,N,N,N
Laser Repetition Rate,"Laser pulse repetition rate in hertz registered by the procedure. For mapping methods, repetition rate together with scan speed and spot size determines pixel size and spatial resolution. Analysts may adjust within procedure-allowed bounds.",Basic,Editable,Numeric (Hz),"e.g., 5 | 10 | 20 | 100",,2026-07-24,Y,Y,Y,,Raster: 50 Hz; Spot (Ge): 50 Hz,20 Hz,Run 1 (major): 20 Hz; Run 2 (trace): 40 Hz,20 Hz,N (parameters lost),20 Hz,10 Hz,10 Hz,1 Hz,7 Hz,7 Hz,5 Hz [P4],5 Hz [P4]
Laser Pulse Duration,"Duration of each individual laser pulse, including units. Pulse duration determines the ablation regime: nanosecond (ns) pulses involve significant thermal effects and elemental fractionation; femtosecond (fs) pulses are non-thermal and substantially reduce elemental fractionation and matrix effects. This is a fixed hardware property of the laser system.",Basic,Read-Only,Text (free),"e.g., '4 ns (ArF excimer)' | '20 ns' | '290 fs (Yb:KGW)' | '220 fs (Ti:sapphire)'",,2026-05-13,Y,Y,Y,,N (UP193FX; ns solid-state; pulse duration not reported),~5 ns (ArF excimer),~5 ns (ArF excimer),~5 ns (ArF excimer),N (parameters lost),~220 fs (Ti:sapphire IFRIT system),4 ns (ArF excimer Excite 193),4 ns (ArF excimer Excite 193),Femtosecond (exact value not stated; GenesisGEO fs laser),N (ns; CetacAnalyte HE; pulse duration not reported),N (ns; CetacAnalyte HE),N (ns excimer system; pulse duration not stated) [P4],N (same as silicate protocol) [P4]
Ablation Duration per Spot,"Total on-sample ablation (signal acquisition) time per individual spot in seconds, as set in the acquisition method. This is a procedure-level parameter for spot analysis: it reflects the deliberate trade-off between signal accumulation (longer = lower LOD), sample consumption, and session throughput. For transect analysis, the equivalent procedure-level parameter is scan speed (captured in Transect Rate, Mapping Rate or Step Size). For mapping analysis, total acquisition time is sample-area-dependent and therefore analysis-level, not captured here.",Basic,Editable,Numeric (s),"e.g., 40 s | 60 s | 90 s",,2026-07-24,Y,N,N,,N/A (raster) / 20 s (spot Ge at 50 Hz),N/A (mapping mode),"N/A (line scan run 1) / N/A (spot run 2 — duration set by 34 runs covering 400 µm + washout, not a fixed spot duration)",20 s spot ablation (plus 10 s washout); 25 cycles acquisition,N (parameters lost),N,40 s on-sample ablation (after 20 s background measurement),N/A (mapping mode),45 s ablation (after 25 s gas blank; 25 s washout between analyses),~40 s (inferred from typical CetacAnalyte HE protocol for glass),~40 s (same protocol; grain size >20 µm selected),N (not stated) [P4],N (not stated) [P4]
Ablation Pit Depth and Ablation Rate,"Depth of the ablation pit produced under the registered laser conditions, the method used to measure it, and the resulting per-pulse ablation rate. Sets the achievable depth resolution and governs downhole elemental fractionation. For transect and mapping the equivalent quantity is trench depth under the same conditions.",Basic,Editable,Text (free),"e.g., 'Pit depth 18 um after 300 pulses (white-light profilometry); 60 nm/pulse' | 'Trench depth 4 um at 5 um/s scan speed'",,2026-08-08,Y,Y,Y,,,,,,,,,,,,,,
"Transect Rate, Mapping Rate or Step Size","For continuous line scan (transect) and raster mapping: the stage translation speed in µm s⁻¹. This is the procedure-level parameter that, together with spot size and repetition rate, determines spatial resolution along the scan direction. For mapping, the mapping rate (mm² h⁻¹) may be reported as an alternative when scan speed is session-variable. For stepped line profiles: the distance between successive spot positions in µm.",Advanced,Editable,Text (free),"e.g., '5 µm s⁻¹ (transect)' | '9 µm s⁻¹ (raster mapping, 20×20 µm spot, 20 Hz)' | '20 µm step size' | '0.3–30 mm² h⁻¹ (mapping rate range)'",,2026-07-24,N,Y,Y,,10 µm s⁻¹ (raster scan); N/A (spot Ge),9 µm s⁻¹ (continuous raster),10 µm s⁻¹ (line scan run 1); spot mode (run 2),N/A (spot mode),N/A (spot mode),N/A (spot mode),N/A (spot mode),10 µm s⁻¹ (continuous raster scan),N/A (spot mode),N/A (spot mode),N/A (spot mode),N/A (spot analysis),N/A (spot analysis)
Raster Line Spacing (Mapping Only),"Distance between adjacent raster lines in a 2D elemental map, measured perpendicular to the scan direction, in micrometres. Together with spot size, this determines whether adjacent lines are contiguous (line spacing = spot size), overlapping (line spacing < spot size), or have gaps (line spacing > spot size). Applies to raster mapping only.",Basic,Editable,Text (free),"20 µm (contiguous, equal to spot size) | 15 µm pitch with 5 µm gap between lines | N/A (spot or line-scan mode)",,2026-05-06,N,N,Y,,N (line spacing not explicitly stated; 50 µm spot scanned at 10 µm s⁻¹),20 µm (contiguous; 20×20 µm square spot = line spacing equals spot width),N/A (line scan + spot; not 2D mapping),N/A (spot mode),N/A (spot mode),N/A (spot mode),N/A (spot mode),N (line spacing not stated; 150 µm spot at 10 µm s⁻¹),N/A (spot mode),N/A (spot mode),N/A (spot mode),N/A (spot analysis),N/A (spot analysis)
Carrier Gas and Flow Rate,"Gas used to transport ablated aerosol from the ablation cell to the ICP-MS torch, with the procedure-registered target flow rate(s). Helium is standard for most UV laser systems due to superior aerosol transport. Flow rates are procedure targets; actual session values may be adjusted within ±10% during tuning.",Basic,Editable,Text (free),"e.g., 'He, 0.75 l min⁻¹' | 'He: MFC-1 (cell) 0.60 l min⁻¹ + MFC-2 (cup) 0.35 l min⁻¹'",,2026-07-24,Y,Y,Y,,N,He: MFC-1 (cell) 0.200–0.260 l min⁻¹; MFC-2 (cup) 0.220–0.385 l min⁻¹,He: MFC-1 0.19 l min⁻¹; MFC-2 0.22 l min⁻¹,He: MFC-1 0.270 l min⁻¹; MFC-2 0.250 l min⁻¹,N (parameters lost),Carrier gas flow: 0.6 L/min; species not named (carrier gas identity not stated in Table 1 or text),He: 0.6 l min⁻¹ (MFC 1) + 0.7 l min⁻¹ (MFC 2) in HelEx II cell; combined with Ar makeup via T-piece near torch,He: 0.6 l min⁻¹ (MFC 1) + 0.7 l min⁻¹ (MFC 2) in HelEx II cell,He: 0.7 l min⁻¹ (chamber) + 0.1 l min⁻¹ (cup gas),He (flow rate not stated; carrier gas with N₂ or Ar mixed for sensitivity optimization),He (flow rate not stated; same system as glass protocol),N (not stated) [P4],N (not stated) [P4]
Plasma / Make-up Gas Addition,"Additional gas(es) mixed into the carrier stream downstream of the ablation cell, with the procedure-registered target flow rate. Ar make-up gas is standard. Small N₂ additions can enhance sensitivity for some elements. If N₂ is not added, state ""None"" explicitly to distinguish from not reported.",Advanced,Editable,Text (free),"e.g., 'Ar make-up gas, 0.95 l min⁻¹' | 'Ar make-up 0.80 l min⁻¹ + N₂ 2 ml min⁻¹ (sensitivity enhancement)' | 'None (no N₂ added)'",,2026-07-24,Y,Y,Y,,N,Ar make-up: 0.81–0.99 l min⁻¹ (mapping); N₂ explicitly not added,Ar make-up: 0.947 l min⁻¹ (run 1 and run 2); N₂ not added,Ar make-up: 0.96 l min⁻¹; N₂ not added,N (parameters lost),Ar make-up: 0.9–1.2 l min⁻¹; Ar auxiliary: 0.6–1.2 l min⁻¹,Ar make-up gas (combined via T-piece in sample transport line near torch; flow rate not stated separately),Ar make-up gas (same as spot protocol),N (gas not separately specified beyond total plasma flow),N₂ or Ar mixed into He carrier for sensitivity optimization (amounts not stated),N₂ or Ar mixed (same protocol as glass),N (not stated) [P4],N (not stated) [P4]
Coolant (Plasma) Gas Flow Rate,"Flow rate of the outer (coolant/plasma) argon gas stream that sustains the ICP plasma, in L/min. Determines plasma volume and stability. Set during initial plasma optimisation and confirmed at each session start.",Basic,Editable,Numeric (L/min),14 L/min | 15 L/min | Other: specify,,2026-06-17,Y,Y,Y,,N,Cool: 15 l min⁻¹ Ar; Auxiliary: 0.81 l min⁻¹ (mapping),Cool: 15 l min⁻¹ Ar; Auxiliary: 0.90 l min⁻¹ (run 1 and run 2),Cool: 15 l min⁻¹ Ar; Auxiliary: 0.85 l min⁻¹,N,Cool gas: 12–13 l min⁻¹ Ar; Auxiliary: 0.6–1.2 l min⁻¹,Plasma gas: 16 l min⁻¹; Auxiliary: 0.9 l min⁻¹; Nebulizer gas (from table): 1.1 l min⁻¹,Plasma gas: 16 l min⁻¹; Auxiliary: 0.9 l min⁻¹,Plasma gas flow: 15 l min⁻¹; Auxiliary gas: 0.85 l min⁻¹,N,N,N (not stated) [P4],N (not stated) [P4]
Auxiliary Gas Flow Rate,"Flow rate of the intermediate (auxiliary) argon gas stream that positions the plasma relative to the load coil, in L/min. Affects ion extraction efficiency and oxide production rates. Distinct from the carrier gas (which transports ablation aerosol) and the coolant (plasma) gas.",Basic,Editable,Numeric (L/min),0.8 L/min | 1.0 L/min | 1.2 L/min | Other: specify,,2026-06-17,Y,Y,Y,,N,N,N,N,N,N,N,N,N,N,N,N,N
RF Power,"ICP radiofrequency forward power in watts. Affects plasma temperature, ionisation efficiency, oxide formation, and whether cool or normal plasma conditions are in effect. The procedure registers a target value optimised during initial setup; the analyst confirms or fine-adjusts during session tuning.",Basic,Editable,Numeric (W),"e.g., 800 W | 1200 W | 1350 W | 1550 W",,2026-07-28,Y,Y,Y,,N (not reported),800 W (cool plasma for mapping),1000 W (run 1 major elements + run 2 trace elements),1000 W,N (parameters lost),1400 W,1200 W,1200 W,1550 W,N (Agilent 7900; standard conditions implied),N (same instrument),N (not stated) [P4],N (not stated) [P4]
Plasma Thermal Mode,"Whether the ICP plasma is operated under cool plasma (≤900 W RF) or normal (hot) plasma (>1000 W RF) conditions. Cool plasma substantially reduces argide-based polyatomic interferences (e.g., ⁴⁰Ar on ⁴⁰Ca, ⁴⁰Ar⁴⁰Ar on ⁸⁰Se). This is a fundamental method design choice that determines which interference corrections are necessary and should be documented independently of the RF Power field.",Basic,Read-Only,Controlled list,Normal plasma (>1000 W RF) | Cool plasma (≤900 W RF) | Mixed: specify mode per analytical sub-run,,2026-05-14,Y,Y,Y,,N,Cool plasma (800 W RF) to reduce Ar-based argide interferences on ⁶⁰Ni and ⁷¹Ga,Normal plasma (1000 W RF),Normal plasma (1000 W RF),N,N,N,N,N,N,N,N (not stated) [P4],N (not stated) [P4]
Signal Smoothing,"Description of any signal smoothing device or approach installed between the ablation cell and the ICP-MS to reduce pulse-to-pulse signal variability. Note: active signal smoothing devices (e.g., squid, SCFAST) are generally incompatible with high-resolution raster mapping because they degrade spatial resolution by mixing aerosol from successive laser shots. For mapping analyses, report ""None"" explicitly.",Advanced,Editable,Text (free),"e.g., 'Squid 2.0 (laurin technik)' | 'ARIS (Aerosol Rapid Introduction System)' | 'None'",,2026-05-14,Y,Y,Y,,N,None (no signal smoothing device; N₂ not added),None,None,N (parameters lost),N,None,None,N,N (CetacAnalyte HE; smoothing status not reported),N,N (not stated) [P4],N (not stated) [P4]
ICP Tuning,"Description of the approach used to optimise ICP plasma conditions prior to analysis, including the reference material used for tuning and the acceptance criteria (e.g., oxide production threshold, sensitivity targets, mass calibration).",Advanced,Editable,Text (free),"e.g., 'Daily auto-tune on NIST SRM 612; optimised for max sensitivity on ¹³⁹La and ²³²Th with ThO⁺/Th⁺ <0.5% and U/Th = 1.0 ± 0.05'",,2026-05-14,Y,Y,Y,,N,Daily tuning; cool plasma conditions optimized; N₂ explicitly not added to avoid N-based interferences,Same instrument as mapping; tuning optimized per run (different RF power and resolution settings per run),Same instrument as olivine runs; tuned for normal plasma conditions,N (parameters lost),N,ICP and laser settings optimized daily for optimum signal intensity and low oxide formation (factory specifications; mass calibration and detector cross-calibration checked and redone if required),Same as spot protocol,Gas flows optimized via spot ablation of NIST SRM 612 to obtain maximum signal intensities while maintaining ThO/Th <0.3% and U/Th at 0.95–1.05,N (standard daily optimization implied),N,N (not stated) [P4],N (not stated) [P4]
Sensitivity as Useful Yield,"Instrument sensitivity expressed as useful yield: the percentage of sampled atoms of a given element ultimately detected as ions, with the method used to derive it cited. A more rigorous and more comparable statement of sensitivity than counts per second per unit concentration, which depends on spot size, fluence and repetition rate.",N/A,Advanced,Numeric (%),"e.g., '0.42 (U, method of Horstwood et al. 2016)' | 'Pb 0.31%, U 0.44%'",Analyte-Specific,2026-08-08,Y,Y,Y,,,,,,,,,,,,,,
Oxide Production Method and Threshold,"Method used to quantify plasma oxide production and the acceptance threshold applied before commencing analysis. The ThO⁺/Th⁺ ratio (mass 248/232) is most widely used, but UO⁺/U⁺ (mass 254/238) or CeO⁺/Ce⁺ (mass 156/140) may also be used. Report both the measurement method (which oxide proxy) and the threshold value.",Basic,Read-Only,Text (free),"e.g., 'ThO⁺/Th⁺ (248/232) <0.5%' | 'ThO⁺/Th⁺ <0.3%; UO⁺/U⁺ monitored at 0.95–1.05' | 'CeO⁺/Ce⁺ <1.0%'",,2026-05-06,Y,Y,Y,,N (not reported; no oxide proxy threshold stated),ThO⁺/Th⁺ (mass 248/232); threshold not explicitly stated but minimized by cool plasma,N (normal plasma; no threshold stated for runs 1 and 2),N (normal plasma; no threshold stated),N (parameters lost),N,N (factory optimization criterion; exact threshold not stated),N (same as spot protocol),ThO⁺/Th⁺ (mass 248/232) <0.3%; U/Th monitored at 0.95–1.05,N,N,N (not stated) [P4],N (not stated) [P4]
Oxide Production,"Actual oxide production ratio measured during this analytical session, using the method specified in the procedure-level field ""Oxide Production Method and Threshold"". Report the measured value and confirm it met the procedure threshold.",N/A,Basic,Text (free),"e.g., 'ThO⁺/Th⁺ = 0.3% (threshold <0.5% met)' | 'ThO⁺/Th⁺ = 0.08%' | 'CeO⁺/Ce⁺ = 0.7% (threshold <1.0% met)'",,2026-07-24,Y,Y,Y,,N,N,N,N,N,N,N,N,ThO/Th = measured at <0.3%; U/Th = 0.95–1.05 (on NIST SRM 612),N,N,N (not stated) [P4],N (not stated) [P4]
Doubly-Charged Species Monitor,The mass ratio monitored to estimate doubly-charged ion (M²⁺) formation during instrument tuning. Doubly-charged ions appear at half the mass of the parent ion and can cause isobaric interferences on analytes in that mass region. The monitor species and the mass positions monitored should be stated explicitly. Analogous to Oxide Production Method and Threshold for oxide monitoring.,Advanced,Editable,Text (free),¹³⁸Ba²⁺/¹³⁸Ba⁺ (m/z 69/138); Ce²⁺/Ce⁺ (m/z 70/140); ²³⁸U²⁺/²³⁸U⁺ (m/z 119/238),,2026-05-14,Y,Y,Y,,,,,,,,,,,,,,
Doubly-Charged Species Production,"Measured percentage of doubly-charged ion production for the monitored species at the time of instrument tuning. The procedure should specify the acceptable threshold (e.g., <1%, <3%); the measured value for each session is recorded here. Report both the threshold and the measured value where possible.",Advanced,Editable,Text (free),"<1% (threshold); 0.4% (measured, ¹³⁸Ba²⁺/¹³⁸Ba⁺); N (not reported)",,2026-07-24,Y,Y,Y,,,,,,,,,,,,,,
Instrument Warm-up / Session Duration Limit,"Minimum warm-up time required after plasma ignition before analyses begin, and any maximum session duration enforced to maintain stable operating conditions. These constraints are part of the procedure and cannot be varied by the analyst.",Advanced,Read-Only,Text (free),"e.g., '≥30 min warm-up after sample change; sessions ≤8 h after tuning' | '3–4 h warm-up; no session duration limit'",,2026-07-24,Y,Y,Y,,N,N,N,N,N,N,N,N,N,N,N,N (not stated) [P4],N (not stated) [P4]
Analysis Sequence,"Repeating order of primary calibration standard(s), quality control standard(s), and unknown analyses within a measurement session. Editable to allow minor adjustments while maintaining the bracketing strategy defined in the procedure.",Basic,Editable,Text (free),"e.g., '1 primary std / 1 QC / 10 unknowns' | '2/4/15' | 'Calibration at start and end; unknowns in between'",,2026-07-24,Y,Y,Y,,Standards at start of session → raster unknowns → repeat → standards at end; separate session for Ge spot analyses,(i) Gas blanks → (ii) all glass GRMs for external calibration → (iii) 1–3 cosmic spherule unknowns → (iv) blanks → (v) all glass GRMs again,GRM block (3–5×) → unknowns → GRM block (3–5×); same structure for run 1 and run 2,MPI-DING and USGS GRMs at beginning → unknowns → repeated GRM at end,"BCR-2g, BHVO-2g, BIR-1g measured as calibration standards; Marjalahti as in-session control",IVB meteorite standards (Warburton Range external + Tawallah Valley secondary) measured alongside unknowns; exact bracketing not described,NIST SRM 612(×3) → North Chile(×3) → unknowns(×10) → NIST SRM 612(×2) → North Chile(×2) → unknowns(×10) → … (bracketing every 15),Background (1 min) → NIST SRM 612(×3) → North Chile(×3) → unknown map (30 min) → North Chile(×3) → NIST SRM 612(×3) → background,Gas blank (25 s) → ablation (45 s) → washout (25 s); NIST 612 and 614 as external standards; BHVO-2 and 6 GRMs measured as unknowns,NIST 610 as primary standard measured in session; NIST 612 and BCR-2G as monitoring standards; unknowns bracketed by standards,Same bracketing as silicate glass protocol,NIST 610 glass standard analyzed before and after every session; unknowns in between [P4],Same as silicate protocol [P4]
Analyte,"Isotopes (mass/charge) this procedure is designed to measure. Defines the scope of the procedure and enables matching of procedures to analytical needs. At analysis level, record the specific isotopes actually measured in the session — this may be a subset of the procedure scope if certain masses were excluded due to interference issues or detector limitations.",Basic,Editable,Text (free),"e.g., 'Major elements: ²⁵Mg, ²⁸Si, ⁴⁴Ca, ⁵⁷Fe; Trace elements: ⁴⁵Sc, ⁵¹V, ⁵³Cr ... ²³⁸U' | 'All REE: ¹³⁹La–¹⁷⁵Lu'",,2026-07-24,Y,Y,Y,,"³¹P, ⁵¹V, ⁵³Cr, ⁵⁵Mn, ⁵⁷Fe, ⁵⁹Co, ⁶⁰Ni, ⁶³Cu, ⁷¹Ga, ⁷⁴Ge, ⁷⁵As, ⁹⁵Mo, ¹⁰²Ru, ¹⁰³Rh, ¹⁰⁶Pd, ¹²⁰Sn, ¹²¹Sb, ¹⁸²W, ¹⁸⁵Re, ¹⁹⁰Os, ¹⁹³Ir, ¹⁹⁵Pt, ¹⁹⁷Au (23 elements; 31P, 51V, 53Cr, 55Mn, 57Fe, 59Co, 60Ni, 63Cu, 71Ga for spot Ge runs)","²⁵Mg, ²⁷Al, ²⁹Si, ³¹P, ⁴⁵Sc, ⁵¹V, ⁵³Cr, ⁵⁵Mn, ⁵⁷Fe, ⁶⁰Ni, ⁷¹Ga, ¹³⁹La, ¹⁵³Eu, ¹⁹⁵Pt (14 nuclides)","Run 1 (major): ²⁵Mg, ²⁹Si, ³¹P, ⁴⁴Ca, ⁵³Cr, ⁵⁵Mn, ⁵⁷Fe (7 nuclides; medium resolution); Run 2 (trace): ⁷Li, ⁴⁵Sc, ⁵¹V, ⁵³Cr, ⁵⁹Co, ⁶⁰Ni, ⁶³Cu, ⁶⁶Zn, ⁸⁹Y, ⁹⁰Zr, ⁹³Nb, ¹³³Cs, ¹³⁷Ba, ¹³⁹La–¹⁷⁵Lu (all REE), ¹⁸⁰Hf, ¹⁸¹Ta, ¹⁸²W, ¹⁸⁵Re, ¹⁹³Ir, ¹⁹⁵Pt, ¹⁹⁷Au, ²³²Th, ²³⁸U (36 nuclides)","²³Na, ²⁵Mg, ²⁷Al, ²⁹Si, ³¹P, ³⁹K, ⁴⁴Ca, ⁴⁵Sc, ⁴⁷Ti, ⁵¹V, ⁵³Cr, ⁵⁵Mn, ⁵⁷Fe, ⁵⁹Co, ⁶⁰Ni, ⁶³Cu, ⁶⁶Zn, ⁸⁵Rb, ⁸⁸Sr, ⁸⁹Y, ⁹⁰Zr, ⁹³Nb, ¹³³Cs, ¹³⁷Ba, ¹³⁹La–¹⁷⁵Lu (all REE), ¹⁸⁰Hf, ¹⁸¹Ta, ²⁰⁸Pb, ²³²Th, ²³⁸U (43 nuclides)","²⁵Mg, ²⁷Al, ³¹P, ⁴³Ca, ⁴⁴Ca, ⁴⁵Sc, ⁴⁷Ti, ⁴⁹Ti, ⁵¹V, ⁵²Cr, ⁵³Cr, ⁵⁹Co, ⁶⁰Ni, ⁶¹Ni, ⁶²Ni, ⁶⁴Zn, ⁶⁶Zn, ⁶⁹Ga, ⁷¹Ga (19 nuclides)","⁵⁹Co, ¹⁰¹Ru, ¹⁰³Rh, ¹⁰⁵Pd, ¹⁸⁵Re, ¹⁸⁹Os, ¹⁹³Ir, ¹⁹⁵Pt, ¹⁹⁷Au (9 HSE isotopes); ²⁴Mg, ²⁹Si, ³¹P, ³³S monitored for inclusion detection; ⁶¹Ni as internal standard","⁵²Cr, ⁵⁷Fe, ⁵⁹Co, ⁶¹Ni, ⁶⁵Cu, ⁶⁹Ga, ⁷²Ge, ⁷⁵As, ⁹⁹Ru, ¹⁰³Rh, ¹⁰⁵Pd, ¹⁸²W, ¹⁸⁵Re, ¹⁸⁹Os, ¹⁹³Ir, ¹⁹⁵Pt, ¹⁹⁷Au (17 isotopes); low relative abundance isotopes chosen for Ni and Fe (analog mode)","⁵²Cr, ⁵⁷Fe, ⁵⁹Co, ⁶¹Ni, ⁶⁵Cu, ⁶⁹Ga, ⁷²Ge, ⁷⁵As, ⁹⁹Ru, ¹⁰³Rh, ¹⁰⁵Pd, ¹⁸²W, ¹⁸⁵Re, ¹⁸⁹Os, ¹⁹³Ir, ¹⁹⁵Pt, ¹⁹⁷Au (same 17 isotopes as spot protocol)","²¹Sc, ⁵¹V, ⁵²Cr, ⁵⁹Co, ⁶⁰Ni, ⁶³Cu, ⁶⁶Zn, ⁶⁹Ga, ⁸⁵Rb, ⁸⁸Sr, ⁸⁹Y, ⁹⁰Zr, ⁹³Nb, ¹³³Cs, ¹³⁷Ba, ¹³⁹La, ¹⁴⁰Ce, ¹⁴¹Pr, ¹⁴⁶Nd, ¹⁴⁷Sm, ¹⁵³Eu, ¹⁵⁷Gd, ¹⁵⁹Tb, ¹⁶³Dy, ¹⁶⁵Ho, ¹⁶⁶Er, ¹⁶⁹Tm, ¹⁷²Yb, ¹⁷⁵Lu, ¹⁷⁸Hf, ¹⁸¹Ta, ²³²Th, ²³⁸U (32 trace elements)","¹⁹⁷Au, ⁶³Cu (primary targets); all detected via Agilent 7900 (exact isotope list not fully stated)","¹⁹⁷Au, ⁶³Cu (primary targets; Si and Fe from EMP as internal standards)","N (not explicitly listed in methods; results text mentions Sc, V, Ti, Co, Ni, REEs measured in silicates; full isotope list not stated) [P4, P7, P11]",N (not explicitly listed in methods; merrillite REE La-Lu at 14–414 ppm range mentioned in results; full isotope list not stated) [P12]
Monitored Isotopes,"Specific isotope(s) monitored per analyte element in this procedure, including any interference-monitor masses. Analyte-specific field.",Basic,Read-Only,Text (free),⁷Li | ²⁵Mg | ⁵⁶Fe | ²⁰⁸Pb | N/A | None | Other: specify,Analyte-Specific,2026-07-24,Y,Y,Y,,N,N,N,N,N,N,N,N,N,N,N,N,N
Reported Variables and Units,"The final variable(s) this procedure reports and their units — distinct from Analyte and Monitored Isotopes, which record what was acquired. A procedure may acquire many masses and report a small number of derived quantities; without this field a data consumer cannot tell which columns of a dataset the procedure is accountable for.",Basic,Read-Only,Text (free),"e.g., 'Element concentrations in ug/g; 2SE per analyte' | '207Pb/206Pb, 206Pb/238U, 207Pb/235U (radiogenic, common-Pb corrected), absolute ratios with 2-sigma'",,2026-08-08,Y,Y,Y,,,,,,,,,,,,,,
Mass Resolution per Analyte,Mass resolution mode assigned to each analyte in this procedure. The selected resolution determines which polyatomic interferences are physically resolved by the magnetic sector. Per-analyte assignments are documented here; the overall mode(s) used in the procedure are recorded in Mass Resolution Setting (Group 3). Analyte-specific field.,Basic,Read-Only,Text (free),"LR: Ag, Cd, Sb, Tl, Bi; MR: Ga, Ge, Mo, In, Sn, W | All LR (m/Δm ≈ 300) | N/A | None | Other: specify",SF-ICP-MS only; Analyte-Specific,2026-07-24,Y,Y,Y,,N,N,N,N,N,N,N,N,N,N,N,N,N
E-scan Range,"Electric scan range used for peak acquisition, expressed as percentage of the centre mass (%). Varies the accelerating voltage to cover masses in the vicinity of the set magnetic mass without re-scanning the magnet. Record 'N/A' if E-scan acquisition mode is not used.",Advanced,Read-Only,Numeric (%),15% | 10% | N/A,SF-ICP-MS only,2026-06-17,Y,Y,Y,,N,N,N,N,N,N,N,N,N,N,N,N,N
Triple Scanning Mode,"Whether each mass peak is scanned three times per cycle and the results averaged (Y/N). Used to reduce noise from short-term magnetic field instabilities on sector-field instruments. In LA-SF-ICP-MS, triple scanning affects the effective integration time per cycle and should be reported. Record 'N/A' if not applicable to the instrument.",Advanced,Read-Only,Controlled list,Y | N | N/A | None | Other: specify,SF-ICP-MS only,2026-06-17,Y,Y,Y,,N,N,N,N,N,N,N,N,N,N,N,N,N
Signal Collection Mode,"Mode used to collect ion signal across the monitored masses. In peak hopping mode, the quadrupole jumps sequentially between pre-set mass positions and dwells at each peak; in scanning mode, the quadrupole sweeps continuously across a defined mass range. Peak hopping is standard for multi-element trace analysis as it maximises integration time at each mass.",Basic,Read-Only,Controlled list,Peak hopping | Scanning | N/A | None | Other: specify,Q-ICP-MS only,2026-06-17,Y,Y,Y,,N,N,N,N,N,N,N,N,N,N,N,N,N
Ion Counter Dead Time,"Dead time of each ion-counting detector channel, used in the dead-time correction applied to high count rates. Distinct from Pulse/Analog Detector Nonlinearity Correction, which cross-calibrates the two detector modes rather than correcting counting losses within the pulse-counting mode.",Basic,Editable,Numeric (ns),"e.g., '23' | '23 ns (determined from NIST 612 at varying spot size, checked quarterly)'",,2026-08-08,Y,Y,Y,,,,,,,,,,,,,,
Collision Gas Type,Type of collision gas introduced into the collision/reaction cell in KED mode. Helium (He) is the standard collision gas for kinetic energy discrimination due to its low mass and chemical inertness. Record 'None' if the CRC is in STD mode or not installed.,Basic,Read-Only,Text (free),He (helium) | None | N/A | Other: specify,Q-ICP-MS only,2026-06-17,Y,Y,Y,,N,N,N,N,N,N,N,N,N,N,N,N,N
Collision Gas Flow Rate,"Flow rate of the collision gas (typically He) introduced into the collision/reaction cell, in mL/min. Controls the degree of ion thermalization and KED efficiency. Record 'None' if the CRC is in STD mode.",Basic,Editable,Numeric (mL/min),3.5 mL/min | 4.0 mL/min | None (STD mode),Q-ICP-MS only,2026-06-17,Y,Y,Y,,N,N,N,N,N,N,N,N,N,N,N,N,N
Cell Exit Discrimination Voltage,"Bias voltage applied at the collision/reaction cell exit to discriminate between analyte ions and low-energy polyatomic interferences in KED mode, in volts (V). A negative bias preferentially retards slow polyatomic ions while transmitting faster analyte ions. Record 'None' if the CRC is in STD mode.",Basic,Editable,Numeric (V),−5 V | −8 V | None (STD mode),Q-ICP-MS only,2026-06-17,Y,Y,Y,,N,N,N,N,N,N,N,N,N,N,N,N,N
Reaction Gas Type,"Type of reactive gas introduced into the dynamic reaction cell (DRC) for interference removal through ion-molecule reactions. Common reaction gases include NH₃ (e.g., for Fe, Ca, K isotopes) and O₂ (e.g., for As, Ge). Record 'None' if DRC mode is not used.",Advanced,Read-Only,Text (free),NH₃ | O₂ | CH₄ | None | N/A | Other: specify,Q-ICP-MS only,2026-06-17,Y,Y,Y,,N,N,N,N,N,N,N,N,N,N,N,N,N
Reaction Gas Flow Rate,"Flow rate of the reactive gas introduced into the dynamic reaction cell (DRC), in mL/min.",Advanced,Editable,Numeric (mL/min),0.4 mL/min | 0.8 mL/min | None,Q-ICP-MS only,2026-06-17,Y,Y,Y,,N,N,N,N,N,N,N,N,N,N,N,N,N
Dwell Time per Mass,"Count time (dwell time) per mass position for each measured isotope in milliseconds. Longer dwell times improve counting statistics and lower detection limits but reduce the number of isotopes measurable within a given scan cycle time. For mapping, scan cycle time directly determines spatial resolution at a given scan speed: shorter cycle time = finer spatial resolution.",Basic,Editable,Text (free),"e.g., 6 ms (most isotopes); 35 ms (¹⁴⁷Sm, ¹⁵³Eu, ¹⁵⁸Gd for REE work)",Analyte-Specific,2026-06-17,Y,Y,Y,,N (dwell times not reported),0.01 s (10 ms) per nuclide; samples per peak: 10; duty cycle time: 1.944 s (14 nuclides),Run 1 (major): 0.01 s per nuclide; samples per peak: 18; duty cycle: 2.069 s; Run 2 (trace): 0.01 s per nuclide; samples per peak: 7; duty cycle: 2.062 s,"0.01 s per nuclide; samples per peak: 5; duty cycle: 1.813 s; mass window 150% for ²³Na–⁴⁷Ti, 100% for all other nuclides",N (parameters lost; 10–50 ms varies by isotope per paper text),N,0.02 s per isotope; 100 samples per peak; 10 runs; 60 passes; total measurement time 120 s per analysis,0.02 s per isotope; 100 samples per peak (same as spot protocol),30 ms (most isotopes) / 10 ms (alternate; dual detector mode),N,N,N (not stated) [P4],N (not stated) [P4]
Total Integration Time per Output Data Point,"Total duty-cycle time for one complete mass-scan sweep — the sum of all per-isotope dwell times plus inter-mass settling times. Sets the time resolution of the downhole signal, and is not recoverable from Dwell Time per Mass alone because settling time is not captured there. Applies to sequential (quadrupole and single-collector sector-field) acquisition.",Basic,Editable,Numeric (s),"e.g., '0.284' | '0.31 s (24 masses, 10 ms dwell, 4 ms settling)'",,2026-08-08,Y,Y,N,,,,,,,,,,,,,,
Background Count Time,"Total time spent measuring gas blank (background signal with laser off or shutter closed) before each ablation event, in seconds. For spot and transect analysis, a discrete background interval is measured before each ablation. For mapping, background is typically measured once per raster line or at the start of a map session rather than before each individual pixel. Editable to allow session-specific adjustment.",Basic,Editable,Numeric (s),"e.g., '30 s (spot/transect)' | '10 s per raster line (mapping)' | '25 s (one gas blank map per GRM at session start)'",,2026-05-06,Y,Y,Y,,N (gas blank measured before analyses but duration not reported),Scans for gas blank: 10 per line (before each mapping line); 80 scans during ablation,Run 1: 5 gas blank scans; 24 ablation scans; Run 2: 5 gas blank scans; 24 ablation scans,8 gas blank scans; 11 ablation scans (25 cycles measurement: 15 s blank + 20 s ablation + 10 s washout),N (parameters lost; gas blank measured before each analysis per paper text),N,20 s background measurement (laser shutter closed) before each 40 s ablation,60 s background measurement before mapping session start; 3 measurements each for NIST and North Chile after background,25 s gas blank before each ablation,N (gas blank measured but duration not explicitly stated),N,50 s (background counted for 50 s before each LA-ICP-MS analysis) [P4],50 s (same as silicate protocol) [P4]
Multi-Run Sequential Analysis Design,"Whether the procedure uses a single acquisition pass or multiple sequential runs on the same sample location, each optimized for different analytical objectives. For multi-run designs, describe the number of runs, their purpose, key laser and instrument settings per run, and how outputs of one run feed into data reduction of another. Not applicable to raster mapping, where each spatial location is visited exactly once.",Advanced,Read-Only,Text (free),"e.g., Single run | Two sequential runs: run 1 (major elements, 30 µm circular, medium resolution) → run 2 (trace elements, 130 µm circular, low resolution; Cr from run 1 as IS) | Pre-ablation pass + single acquisition run",,2026-07-24,Y,Y,N,,N (single raster acquisition; Ge spot separate session),N/A (mapping; no sequential multi-run),"Three-stage sequential design on same olivine location:
(1) Pre-ablation pass (2 J cm⁻², 150 µm square, 300 µm s⁻¹) to remove surface contamination;
(2) Run 1 — major elements (30 µm circular, MR M/ΔM=4000, 20 Hz, 7 nuclides);
(3) Run 2 — trace elements (130 µm circular, LR M/ΔM=300, 40 Hz, 36 nuclides; Cr from run 1 as IS)",Single spot analysis run per location (25 cycles: 15 s blank + 20 s ablation + 10 s washout); 3 replicates,Single spot per location (75 µm circular),Single spot per location (30 µm circular),Single acquisition run (20 spot analyses per sample under repeatability conditions),N/A (mapping),Single spot per location (45 s ablation at 1 Hz),Single spot per location (~40 s ablation at 7 Hz),Single spot per location (sulfides; same acquisition parameters as glass but 20 µm spot),Single spot analysis per location [P4],Single spot analysis per location [P4]
Analysis Location/Spot Coordinates,"Location of the analysis on the sample surface. For spot and transect analysis: stage coordinates (X, Y in µm) or a description relative to a named reference feature (e.g., mineral rim, inclusion boundary). For mapping: coordinates of the map corner(s) or centre, plus map dimensions. Enables spatial reconstruction and co-registration with other analytical images.",N/A,Basic,Text (free),"e.g., 'X = 12350 µm, Y = 8760 µm (stage coordinates)' | '500 µm from metal-olivine rim toward core' | 'Map centre: X=15000, Y=9000 µm; area: 1450×600 µm'",,2026-05-06,Y,Y,Y,,N,N,N,N,N,N,N,N,N,N,N,N,N
Number of Replicates,Number of replicate analyses performed on the same sample (or same nominal location for spot analysis) in this session. For spot analysis: number of individual spot analyses per grain or location. For transect: number of replicate transect lines. For mapping: number of map acquisitions of the same area (usually 1).,N/A,Basic,Integer,"e.g., 3 (three replicate spots per grain) | 1 (single transect) | 1 (single map)",,2026-05-06,Y,Y,Y,,N (number not stated explicitly; multiple irons analyzed),N (single map per olivine crystal section per sample),3 replicate analyses per grain (3× run 1 + 3× run 2 on same location),Multiple phosphate grains per meteorite; number varies by section,N (variable number of spots per sample),"N (variable number of spots per grain; Mg, Si, P, S monitored to check for inclusions)",20 spot analyses per meteorite under repeatability conditions; additional measurements on different days,1 map per meteorite (single 30-min mapping acquisition),9 spot analyses in grid pattern for homogeneity testing; multiple analyses per fusion glass disk,N (variable per run),N (grain size >20 µm selected; number of analyzed grains variable),N (not stated),N (not stated)
Transect Length,"Total length of the transect line analysed in micrometres. This is an analysis-level parameter because it depends on the size of the feature of interest rather than being fixed in the procedure. The procedure fixes scan speed (captured in Transect Rate, Mapping Rate or Step Size); transect length is determined at analysis time based on grain or feature size.",N/A,Basic,Numeric (µm),"e.g., 500 µm | 1200 µm | 3000 µm",,2026-07-24,N,Y,N,,N/A,N/A,Line scan length: 400 µm (runs 1 and 2; 34 runs adjusted to measure 400 µm line + blank + washout),N/A,N/A,N/A,N/A,N/A,N/A,N/A,N/A,N/A (spot analysis),N/A (spot analysis)
Mapping Area,"Total area covered by the 2D raster map, expressed as width × height in µm or as total area in µm² or mm². This is an analysis-level parameter because it depends on the size of the grain or phase to be mapped. The procedure fixes scan speed, line spacing, and spot size; the map area is chosen at analysis time to cover the target feature.",N/A,Basic,Text (free),"e.g., '1450×600 µm (870,000 µm²)' | '200×200 µm' | '0.5 mm²'",,2026-07-24,N,N,Y,,"Raster over ""a few millimeters"" of polished iron slab surface (area not precisely stated)","Each map: 1450×600 µm = 870,000 µm²; total of 8 PMG olivines mapped",N/A (line scan + spot; not 2D raster),N/A,N/A,N/A,N/A,Augusto Pestana: 30 min mapping session (area not explicitly stated; 150 µm spot at 10 µm s⁻¹),N/A,N/A,N/A,N/A (spot analysis),N/A (spot analysis)
,,,,,,,,,,,,,,,,,,,,,,,,
5. Data Processing,,,,,,,,N,N,N,N,,,,,,,,,,,,N,N
Internal Standard Approach,"Method used to determine the internal standard (IS) concentration for each unknown sample, used to correct for variable ablation yield between analyses. The approach is a fundamental procedure design choice that cannot be changed by analysts.",Basic,Read-Only,Text (free),"e.g., 'Single element from EPMA (SiO₂ wt% used as IS)' | 'Sum-of-major-oxide normalization to 100% (Liu et al. 2008)' | 'Stoichiometry-derived (Ca fixed at 10.1 wt% for calcite)' | 'No IS — external calibration only'",,2026-07-24,Y,Y,Y,,Standardization techniques followed those of Humayun (2012) [Section 2.2; specific IS approach not restated in this paper],Sum-of-major-oxide normalization: MgO+FeO+SiO₂+P₂O₅ = 100 wt% per pixel (Liu et al. 2008 approach; no EPMA required for IS),Run 1 (major elements): sum-of-oxide normalization (MgO+FeO+SiO₂+P₂O₅=100 wt%; Liu et al. 2008); Run 2 (trace elements): single element IS from Run 1 (⁵³Cr concentration from major element run used as IS for trace element run),Sum-of-major-oxide normalization to 100 wt% (Liu et al. 2008; Appendix C3),Single element from EPMA: ²⁵Mg; the EMPA data used as the standardizing values,Single element externally measured by EPMA: ⁶¹Ni concentration from EPMA at exact analysis location used as IS,Fe+Ni+Co sum normalization to 100% using iolite 3D Trace Elements DRS (eliminates need for independent EPMA IS),Fe+Ni+Co sum normalization to 100% (same DRS as spot protocol; mandatory for multi-phase mapping without prior IS knowledge),"Two internal standards: Si from XRF SiO₂ (for Co, Ni, Cu, Zn); Al from XRF Al₂O₃ (for all other trace elements); non-matrix-matched external standards (NIST 612 + 614) used; fs laser minimizes matrix effects",Single element from EMP: Si (SiO₂ from EMP for silicate glass); NIST 610 as external standard,Single element from EMP: Fe (FeOT from EMP for sulfide); NIST 610 as external standard,Normalization to 100 wt% oxide total (for silicates and oxides) [P4],Single element IS: EMP CaO concentration used; LA-ICP-MS 40Ca counts normalized to CaO from EMP analysis at the same spot [P4]
Internal Standard Element,"Element(s) used as the internal standard, and how the IS concentration value was determined for unknown samples. For mapping procedures using oxide-sum normalization, report ""None (oxide-sum normalization)"" and cite the method reference.",Basic,Read-Only,Text (free),"e.g., '²⁹Si; SiO₂ wt% from EPMA' | '⁵³Cr; measured in preceding major-element run (run 1)' | 'None — sum of MgO+FeO+SiO₂+P₂O₅ = 100 wt% (Liu et al. 2008)'",,2026-07-24,Y,Y,Y,,N (not stated in this paper; standardization follows Humayun (2012)),No single IS element; oxide sum normalization (MgO+FeO+SiO₂+P₂O₅) used as virtual IS per pixel,Run 1: No single IS; oxide sum normalization; Run 2: ⁵³Cr (concentration from Run 1 major-element analysis on 30 µm spot used as IS for 130 µm spot trace element run),No single IS; oxide sum normalization to 100 wt%,²⁵Mg (indexing element; Mg concentration from EMPA),⁶¹Ni; concentration from EPMA measured at exact analysis spot location,No single IS; Fe+Ni+Co mass fractions normalized to 100% via iolite 3D DRS (yield correction factors applied for NIST SRM 612 relative to North Chile),No single IS; Fe+Ni+Co=100% normalization (same as spot protocol),"Si (SiO₂ from XRF) for Co, Ni, Cu, Zn; Al (Al₂O₃ from XRF) for all other 28 trace elements",Si from EMP (SiO₂ wt% for silicate glass),Fe from EMP (FeOT wt% for sulfide),"None (oxide sum normalization, 100 wt% total) [P4]",40Ca; CaO wt% from EMP at the analysis spot [P4]
Per-Analyte Calibration Strategy,"Documents cases where different analytes or analyte groups within the same session are calibrated using different strategies — for example, one element used as the internal standard while trace elements are calibrated by an external reference material, or different primary standards applied to different mass ranges or mineral phases. If a single calibration strategy applies uniformly to all analytes, state that here and refer to Internal Standard Approach and Normalization / Standards-Based Correction for details. Free text; list analyte-specific strategies as needed.",Basic,Read-Only,Text (free),Single strategy: ⁴³Ca IS for all analytes (see Internal Standard fields); Multi-strategy: ⁴³Ca IS for major elements; NIST 610 external calibration for REEs; Fe+Ni+Co sum normalization for PGEs,Analyte-Specific,2026-05-14,Y,Y,Y,,,,,,,,,,,,,,
Elemental Fractionation Correction,"Method used to correct for laser-induced elemental fractionation (LIEF), including downhole fractionation during prolonged ablation, matrix-dependent fractionation between sample and calibration standard, and any specific correction algorithm applied. Reference the software function or publication.",Basic,Read-Only,Text (free),"e.g., 'Normalised to NIST SRM 612; no additional downhole correction' | 'Exponential downhole fractionation correction in Iolite using NIST SRM 612' | 'Linear time-drift correction applied per analysis'",,2026-05-06,Y,Y,Y,,Multi-point external calibration using series of iron meteorite reference materials (North Chile Filomena as primary standard for Fe/Co/Ni/Cu/Ga/Ge/As/W/Au; Hoba for Ru/Rh/Pd/Re/Os/Ir/Pt; NIST SRM 1263a V-Cr steel for V/Cr/Fe/Co/Ni/Cu/As/Mo/W/Au),Internal normalization to MgO+FeO+SiO₂+P₂O₅ oxide sum corrects for point-to-point ablation yield variation; additional pixel-by-pixel normalization fixes oxide sum to 100 wt%,Run 1: Oxide sum normalization corrects for ablation yield variation; external calibration using glass GRMs (NIST + USGS + MPI-DING); Run 2: Cr from run 1 as IS corrects for ablation yield; external calibration with expanded glass GRM set,Oxide sum normalization to 100 wt% corrects for ablation yield and matrix effects; external calibration with MPI-DING and USGS glass GRMs,"External calibration using BCR-2g, BHVO-2g, BIR-1g; ²⁵Mg IS from EPMA corrects for ablation yield variation; no explicit downhole fractionation correction described",External calibration using calibration curve method with IVB iron meteorite standards; ⁶¹Ni as IS from EPMA corrects for ablation yield differences between sample and standard,External calibration using North Chile iron meteorite + NIST SRM 612 glass (yield correction applied in iolite 3D DRS for NIST relative to North Chile); ordinary least-squares fitting per 15 min calibration block; Fe+Ni+Co normalization eliminates need for independent EPMA IS,Same calibration approach as spot protocol (iolite 3D DRS; same yield correction),Femtosecond laser substantially reduces elemental fractionation and matrix effects (stated); non-matrix-matched external standards (NIST 612 + 614) used successfully with fs laser (verified by GRM accuracy assessment),Femtosecond laser reduces LIEF; NIST 610 external standard; Si IS from EMP corrects for ablation yield,Femtosecond laser reduces LIEF; NIST 610 external standard; Fe IS from EMP corrects for ablation yield; micronuggets identified from Au signal spikes and excluded from integration,External calibration using NIST 610 glass standard analyzed before and after session; oxide-sum normalization corrects for ablation yield variation; no explicit downhole fractionation correction described [P4],External calibration using NIST 610; EMP CaO as IS corrects for ablation yield; no explicit downhole correction described [P4]
Mass Bias Correction Strategy,"Strategy used to correct instrumental isotopic mass fractionation, also called mass bias or mass discrimination. Distinct from Elemental Fractionation Correction, which addresses inter-element fractionation during ablation and transport: this field addresses discrimination between isotopes of the same element, and applies wherever the procedure reports isotope ratios.",Basic,Read-Only,Text (free),"e.g., 'Standard-sample bracketing against NIST 612' | 'Co-aspirated Tl, exponential law' | 'None (elemental concentrations only)'",,2026-08-08,Y,Y,Y,,,,,,,,,,,,,,
Uncertainty Level,"The convention at which reported uncertainties are quoted — 1-sigma, 2-sigma, or a 95% confidence interval — and whether a measured spread is reported as a standard error or a standard deviation. A reported uncertainty is not interpretable without it: the same numeric value means different things at 1-sigma and at 95% confidence. State the convention applying to all values reported under this procedure, and state each separately where different reported quantities use different conventions. Distinct from Uncertainty Propagation Method, which addresses how component uncertainties are combined rather than how the result is quoted.",Basic,Read-Only,Controlled list / Text,2σ (95% confidence) | 1σ (68% confidence) | 95% confidence interval | 2 standard errors (2SE) | 1 standard deviation (1SD) | N/A | None,,2026-08-10,Y,Y,Y,,,,,,,,,,,,,,
Uncertainty Propagation Method,"The approach used to propagate analytical uncertainty through the data reduction chain to the final reported value. State which sources are included in the propagation: counting statistics, calibration standard uncertainty, internal standard uncertainty, drift correction, and any systematic contributions. Distinct from Uncertainty Level, which states the convention at which the resulting uncertainty is quoted.",Advanced,Editable,Text (free),"e.g., Counting statistics only (1σ on integrated signal, Longerich et al. 1996) | SD of n replicate analyses used as combined uncertainty estimate | Full propagation: counting + calibration standard + IS uncertainty (specify formula)",,2026-08-10,Y,Y,Y,,Standard deviation (SD) across individual integration cycles of raster scans; uncertainty propagation not formally described,Longerich et al. (1996) equation (3SD/S × √(1/Nb + 1/Na)),Longerich et al. (1996) for LOD; uncertainty for concentrations not formally described,Longerich et al. (1996) for LOD; uncertainty not formally described,N,2SE of individual spot measurements reported,N (iolite 4 computes uncertainty internally via Longerich et al. 1996),N (same as spot protocol),N (Iolite 4 internal uncertainty propagation implied),N,N,N (not stated) [P4],N (not stated) [P4]
Matrix Offset Correction (LIEF),Whether an empirical correction was applied to account for systematic differences in laser-induced elemental fractionation (LIEF) patterns between the external calibration standard and the sample matrix.,Advanced,Read-Only,Text (free),"e.g., 'Applied: 6.4% offset in Ca/Si determined by comparison with EPMA (Jenner & O'Neill 2012)' | 'Not applied; Ca used as IS to cancel LIEF offset' | 'Not applicable'",,2026-05-06,Y,Y,Y,,N (no matrix offset correction; iron meteorite standards used to minimize matrix mismatch),N (oxide sum normalization approach is inherently matrix-independent within olivine composition range),N,N,N,N (fs laser minimizes LIEF; IVB iron meteorite standards used as matrix-matched reference),N (yield correction in iolite DRS addresses relative sensitivity differences between NIST SRM 612 and North Chile),N (same as spot protocol),N (fs laser minimizes matrix effects),N (fs laser),N (fs laser),N (not stated; agreement within <10% between oxide-sum normalization and EMP-based IS noted as validation) [P4],N (not stated) [P4]
Signal Integration Interval Method,"Approach used to select the stable signal interval for integration during data reduction, and to exclude anomalous signals from inclusions or cracks. For spot/transect analysis: involves identifying and excluding transient start/end instabilities within the time-resolved signal. For mapping analysis: corresponds to defining Volumes of Interest (VOIs) or applying phase masks across the 2D map (e.g., manual selection, automated clustering, threshold-based masking).",Basic,Read-Only,Text (free),"Manual visual inspection per analysis | Automated threshold (specify software and threshold) | Fixed time window applied uniformly | k-means clustering on multi-element map data | Phase mask applied using elemental threshold (e.g., P₂O₅ to exclude veinlets)",,2026-05-06,Y,Y,Y,,N (raster averages; selection method not described),"Manual visual inspection of time-resolved signal per line; anomalous spikes (inclusions, cracks, veinlets) excluded; P-rich veinlet regions identified and excluded from olivine averages","Time-resolved signals inspected manually; unstable intervals at start and end discarded; Cr heterogeneities and inclusion signals (elevated P, Ca, Co, Ni) identified and excluded from integration","Anomalous time steps excluded (inclusions, cracks, heterogeneity); manual inspection","Time steps with enhanced P, Ca, Co, Ni, Zn count rates (indicating inclusions or cracks) excluded from integration; manual inspection","Time-resolved signals monitored; analyses with elevated Mg, Si, P, S (inclusion indicators) excluded; stable signal intervals used for integration",Time-resolved LA-ICP-MS signals inspected per analysis; background interval (20 s) and ablation interval (40 s) selected; no automated spike exclusion described,Same procedure as spot protocol; signal integration for mapping not separately described,"Time-resolved signals inspected visually; flux blank contributions to pollution elements (V, Co, Zn, Ba, La, Ce, Ta, U) identified and subtracted; 9-spot grid homogeneity tested before analysis",Time-resolved LA-ICP-MS signal inspected; micronuggets identified from spikes in Au signal and excluded from integration to obtain smooth signals (verified by Fig. 1 in paper),Same approach as glass; micronugget identification from Au signal spikes critical for sulfide analyses,Time-lapse plots of each spot examined; only the plateau region used to quantify trace element abundances [P4],Time-lapse plots examined; only plateau region used (same as silicate protocol) [P4]
Signal Integration Time,"Actual integration time used for the ablation signal in this analysis, in seconds. This is an analysis-level outcome determined during data reduction by applying the Signal Integration Interval Method to the time-resolved signal. It is equal to or shorter than the Ablation Duration per Spot because the signal start and end transients are typically discarded. Not applicable to mapping analysis: for mapping, the equivalent concept is the per-pixel cycle time, which is determined by the spectrometer dwell time settings (a procedure-level field) rather than being an analysis-level outcome.",N/A,Basic,Numeric (s),"e.g., 40 s | 60 s",,2026-07-24,Y,Y,N,,N/A (mapping) / ~20 s (Ge spots: 20 s ablation at 50 Hz),N/A (mapping),Run 1: ~50 s (34 runs covering 400 µm line + 10 s blank + washout); Run 2: same structure; actual integrated signal window within run not separately stated,20 s (spot ablation time; full ablation interval used for integration after exclusion of anomalous steps),N (parameters lost),N,40 s (full ablation interval used; background subtracted separately),N/A (mapping),45 s on-sample ablation (full ablation interval used for integration),~40 s (inferred from typical CetacAnalyte HE protocol; stable signal used),~40 s (same),N (not stated) [P4],N (not stated) [P4]
Spike / Outlier Filtering Approach,"Method used to identify and remove anomalous signal spikes arising from micronuggets, inclusions, cracks, or instrument artifacts during time-resolved signal processing. Editable because the specific implementation may vary between sessions while remaining within the procedure framework.",Advanced,Editable,Text (free),"e.g., 'Significant single spikes visually identified and removed in Iolite' | 'Statistical filter: data points >3σ from running mean removed' | 'No filtering applied' | 'Automated spike detection in SILLS'",,2026-07-24,Y,Y,Y,,"N (raster scans; ""failed to yield useful Ge abundances"" for Klamath Falls noted — implying visual quality control)",Manual identification and exclusion of P-rich veinlet pixels from olivine averages; anomalous spikes from inclusions excluded per line,"Manual inspection; analyses with elevated P, Ca, Co, Ni (phosphate or metal inclusions) excluded; Cr heterogeneities also flagged",Anomalous time steps excluded during manual inspection,"Time steps with enhanced P, Ca, Co, Ni, Zn excluded (inclusions and heterogeneities); Grubb's test applied to EPMA data for outlier detection","Monitoring of Mg, Si, P, S to check for micro-inclusions (sulfides); analyses with elevated inclusion signals excluded entirely",N (no explicit spike filtering described beyond background subtraction),N (mapping; iolite 3D DRS handles background; no per-pixel spike filtering described),"Homogeneity index (H) applied to test element distribution; Co, Ni, Cu in high-Si glass (GSR-1) identified as near-LOD and flagged; flux blank contributions to pollution elements subtracted",Micronuggets identified from Au signal spikes in time-resolved spectra; excluded from integration (smooth signals = fully dissolved Au; Fig. 1 shows this criterion),Same approach as glass; Au spike identification critical for determining solubility vs. nugget contribution,N (not explicitly stated; implied by plateau-region selection excluding non-stable intervals) [P4],N (same as silicate protocol) [P4]
Blank / Background Correction Method,"Method used to subtract the gas blank (background signal with laser off) from the ablation signal. For spot and transect analysis: typically the mean of a pre-ablation gas blank interval is subtracted per isotope per analysis. For mapping: background may be subtracted per raster line, per map session, or using a separate gas blank map acquired under identical conditions.",Basic,Read-Only,Text (free),"e.g., 'Mean of 30 s pre-ablation gas blank subtracted per isotope per analysis' | 'Separate gas blank map (10 adjacent lines, laser off) acquired for each GRM; mean used for subtraction'",,2026-05-06,Y,Y,Y,,Gas blank measured before each raster analysis; mean background subtracted,Gas blank measured before each ablation line (10 scans of gas blank per mapping line); average background subtracted from each corresponding ablation line,Gas blank measured before each analysis (5 scans); average background value preceding each analysis subtracted from corresponding data,Gas blank measured before each spot analysis (8 scans); average background subtracted,Gas blank measured before each analysis (laser shutter closed); time steps with background-level signals excluded during data reduction,Gas blank measured before each spot; background period during single spot transient (rapid intensity rise and decay) used for background correction,Background signal measured for 20 s (laser shutter closed) before each 40 s ablation; background mean subtracted per isotope in iolite,Background (1 min) measured at session start; additional 3 measurements of NIST and North Chile used for calibration (background included in regression line for gas blank),Gas blank measured for 25 s before each ablation; background subtracted per isotope,N (background subtraction performed but method not explicitly described; implied from standard Agilent/iolite workflow),N (same as glass protocol),50 s background measurement before each analysis; background subtracted (method not explicitly described beyond counting duration) [P4],50 s background measurement before each analysis (same as silicate protocol) [P4]
Pulse/Analog Detector Nonlinearity Correction,Whether a correction was applied for nonlinear response at the transition between pulse-counting and analog detector modes.,Advanced,Editable,Controlled list / Text,Not applicable (instrument uses pulse counting only) | Applied: describe method and elements affected | Not applied (crossover threshold not reached for any element) | Not applied (known bias accepted) | N/A | None,,2026-05-14,Y,Y,Y,,Applied: triple mode detection at 65% duty cycle (pulse counting + analog + Faraday); specific cross-calibration not described,Applied: triple mode detection; cross-calibration between pulse-counting and analog modes performed,Applied: Run 1 medium resolution with Faraday for major elements; Run 2 low resolution; cross-calibration performed,Applied: triple mode detection,N (parameters lost),N (quadrupole X-series 2; single detector mode),"Applied: triple mode detector (pulse counting, analog, Faraday); low relative abundance isotopes chosen for Ni and Fe to allow analog mode measurement of major matrix elements",Applied (same as spot),Applied: dual detector mode (30 ms / 10 ms dwell alternation),N,N,N (not stated) [P4],N (not stated) [P4]
Isobaric Interference Corrections Applied,"Whether isobaric interference corrections were applied for any measured isotope in this procedure. A procedure-level Boolean: if the procedure includes interference corrections, this is always Yes. Analyte-specific detail is captured in Interfering Species and Interference Correction Method.",Basic,Read-Only,Boolean,Yes | No,Analyte-Specific,2026-08-10,Y,Y,Y,,Yes — ⁹⁹Ru used instead of ¹⁰¹Ru to avoid ⁴⁰Ar⁶¹Ni⁺ interference; isotope selection minimizes other interferences,Yes — cool plasma conditions (800 W) applied to reduce argide-based interferences (³⁶Ar²⁴Mg⁺ on ⁶⁰Ni; ⁴⁰Ar³¹P⁺ on ⁷¹Ga); oxide-based interferences minimized by dry plasma and tuning; mathematical corrections in some cases (Table C1),Yes — cool plasma not applicable (normal plasma); argide corrections less critical; oxide interferences monitored; spectral interference list in Table C1,Yes — same instrument settings; interference corrections as per Table C1,N (parameters lost; medium resolution mode implies interference resolution by mass),"No explicit corrections applied; monitoring of Mg, Si, P, S used to detect and exclude inclusion-contaminated analyses rather than correct for spectral interferences","Yes — isotope selection to minimize interferences (e.g., ⁹⁹Ru instead of ¹⁰¹Ru to avoid ⁴⁰Ar⁶¹Ni⁺; low abundance isotopes for Fe and Ni)",Yes (same as spot protocol),"Yes — fs laser substantially reduces oxide and matrix interferences; flux blank contributions to V, Co, Zn, Ba, La, Ce, Ta, U identified and subtracted",Yes (fs laser reduces interferences),Yes (fs laser reduces interferences),N (not stated) [P4],N (not stated) [P4]
Interfering Species,"Elemental or molecular species (oxides, argides, doubly charged ions) overlapping with the measured isotope.",Basic,Read-Only,Text (free),"e.g., '⁸⁷Rb on ⁸⁷Sr; ¹⁷⁰Yb²⁺ on ⁸⁵Rb' | '⁴⁰Ar³¹P⁺ on ⁷¹Ga; ⁴⁴Ca¹⁶O⁺ on ⁶⁰Ni' | '¹³⁷Ba¹⁶O⁺ on ¹⁵³Eu' | 'None'",Analyte-Specific,2026-05-13,Y,Y,Y,,⁴⁰Ar⁶¹Ni⁺ on ¹⁰¹Ru (most abundant Ru isotope → use ⁹⁹Ru instead),Per Table C1: ¹²C¹³C⁺ on ²⁵Mg; ¹⁵N¹⁶O⁺ on ³¹P; ²⁹Si¹⁶O⁺ on ⁴⁵Sc; ³⁵Cl¹⁶O⁺ on ⁵¹V; ⁴⁰Ar¹³C⁺ on ⁵³Cr; ⁴⁰Ar¹⁵N⁺ on ⁵⁵Mn; ⁴⁰Ar¹⁶OH⁺ on ⁵⁷Fe; ⁴⁴Ca¹⁶O⁺ and ²⁴Mg³⁶Ar⁺ on ⁶⁰Ni; ³¹P⁴⁰Ar⁺ and ⁵⁵Mn¹⁶O⁺ on ⁷¹Ga; ¹³⁷Ba¹⁶O⁺ on ¹⁵³Eu (most significant interferences in bold),Same interference list as mapping (Table C1); argide-based interferences less critical without cool plasma,Same interference list (Table C1),N (parameters lost; medium resolution resolves most polyatomic interferences),"Sulfide inclusions detectable via ³³S signal; phosphide inclusions via ³¹P; silicate inclusions via ²⁴Mg, ²⁹Si (used to exclude contaminated analyses)",⁴⁰Ar⁶¹Ni⁺ on ¹⁰¹Ru (primary concern) → ⁹⁹Ru used instead; Fe and Ni matrix species on other isotopes minimized by isotope selection,Same as spot protocol,"Li₂B₄O₇ flux blank contains V, Co, Zn, Ba, La, Ce, Ta, U at detectable levels; subtracted as blank contribution",N,N,N (not stated) [P4],N (not stated) [P4]
Interference Correction Method,"Equation or procedure used to correct for isobaric interferences, including the production rate factor and the reference material used to measure it.",Basic,Read-Only,Text (free),"e.g., 'Mathematical correction: ⁸⁷Sr_corrected = ⁸⁷Sr_measured − f(⁸⁷Rb/⁸⁵Rb) × ⁸⁵Rb' | 'Cool plasma (800 W) reduces ⁴⁰Ar-based argides by >90% for ⁶⁰Ni and ⁷¹Ga' | 'KED mode (He collision gas 4 ml min⁻¹) suppresses polyatomic interferences'",Analyte-Specific,2026-05-13,Y,Y,Y,,Isotope selection: ⁹⁹Ru chosen over ¹⁰¹Ru; other isotopes chosen to minimize interference,"Physical mitigation: cool plasma (800 W RF) reduces ³⁶Ar²⁴Mg⁺ on ⁶⁰Ni, ⁴⁰Ar³¹P⁺ on ⁷¹Ga by >90%; oxide interferences minimized by dry plasma conditions; background subtraction corrects for time-invariant Ar-based interferences; mathematical corrections applied where feasible per Appendix C4",Argide corrections less critical (normal plasma); oxide-based interferences minimized by tuning; same interference list but without cool plasma mitigation,Same approach as mapping; oxide sum normalization partially corrects for matrix-dependent interferences,"Medium mass resolution (M/ΔM ≈ 4000) separates many polyatomic interferences from analyte peaks (e.g., resolves ⁵⁴Fe⁺ from ⁵⁴Cr⁺)","Exclusion-based approach: analyses with elevated Mg, Si, P, S (from silicate, phosphate, or sulfide inclusions) excluded entirely rather than applying mathematical corrections",Isotope selection minimizes interferences; low-abundance isotopes of Fe and Ni chosen for analog mode to prevent detector saturation,Same isotope selection as spot protocol,"Flux blank subtraction: blank contribution to each pollution element (V, Co, Zn, Ba, La, Ce, Ta, U) measured in procedure blanks and subtracted; LOQ for pollution elements = blank value + 10SD",N,N,N (not stated) [P4],N (not stated) [P4]
Isotope Dilution Data Reduction Method,Mass balance approach used to calculate sample mass fractions from spike-sample isotope ratio measurements in isotope dilution (ID) analysis. Record 'None' if isotope dilution is not used.,Basic,Read-Only,Text (free),IUPAC isotope dilution equations | Double-spike inversion | None | N/A | Other: specify,,2026-06-17,Y,Y,Y,,N,N,N,N,N,N,N,N,N,N,N,N,N
Memory Effect Mitigation,"Procedure applied to identify and minimise memory effects from high-concentration elements in the previous sample or standard that may contaminate subsequent analyses, or from incomplete aerosol washout between adjacent pixels in raster mapping mode. For mapping, the mitigation strategy involves controlling scan speed relative to washout time to ensure each pixel signal is sufficiently free of the preceding pixel's contribution.",Advanced,Editable,Text (free),"e.g., 'Extended washout (≥60 s He flush) between high-concentration standards and unknowns' | 'Scan speed set so that washout time (<1 s) is shorter than pixel acquisition interval' | 'None required for this element suite'",,2026-07-24,Y,Y,Y,,N (washout time between analyses not stated; sequential raster scans),Gas blank measured before each ablation line; adequate washout ensured by duty cycle timing,Washout time: 11 s between runs (runs include 400 µm line + blank + washout),10 s washout time after 20 s spot ablation (specified in acquisition protocol),N (parameters lost),N (single spot analyses; no sequential memory effect described),N (washout between analyses not explicitly described; sequential spot analyses),N (mapping; ARIS-equivalent not described; single mapping session),25 s washout between analyses (25 s gas blank → 45 s ablation → 25 s washout),N,N,N (not stated) [P4],N (not stated) [P4]
Normalization / Standards-Based Correction,"Any post-acquisition normalization applied to correct for systematic biases identified from secondary reference materials, or stoichiometric normalization applied per pixel in mapping. Distinct from the primary internal standard approach captured in Internal Standard Approach.",Advanced,Editable,Text (free),"e.g., 'None' | '100% oxide sum normalization applied per pixel to enforce mass balance (Liu et al. 2008)' | 'Normalized to ⁸⁸Sr/⁸⁶Sr = 8.37521 for mass bias correction in Sr isotope analysis'",,2026-05-06,Y,Y,Y,,External calibration with iron meteorite and NIST SRM 1263a V-Cr steel standards; no post-acquisition normalization described,100% oxide sum normalization (MgO+FeO+SiO₂+P₂O₅) applied per pixel after IS-normalized external calibration (equations 3–4 in Appendix C1) to fix final mass balance,Run 1: 100% oxide sum normalization; Run 2: Cr IS from Run 1 applied; no further post-acquisition normalization,100% oxide sum normalization to 100 wt% for phosphate minerals (Appendix C3),"No post-acquisition normalization; BCR-2g, BHVO-2g, BIR-1g used for calibration; Marjalahti as in-session control",No post-acquisition normalization; calibration curve method using IVB standards provides direct quantification,Fe+Ni+Co=100% sum normalization applied in iolite 3D Trace Elements DRS as final step; yield correction factors applied for NIST SRM 612 relative to North Chile,Fe+Ni+Co=100% normalization (mandatory for multi-phase mapping); same iolite DRS as spot,No post-acquisition normalization beyond IS approach (two IS elements applied element-specifically),No post-acquisition normalization beyond IS (Si from EMP),No post-acquisition normalization beyond IS (Fe from EMP),100% oxide total normalization applied per analysis for silicates and oxides; NIST 610 used for external calibration before and after session [P4],No post-acquisition normalization; EMP CaO applied directly as IS; NIST 610 for external calibration [P4]
Calibration Factor and Determination Method,"An externally-calibrated factor that converts the measured quantity into the reported quantity, how it was determined, and its uncertainty. Applies where the conversion depends on a factor calibrated against a reference of independently known value, rather than on the instrument response alone. Distinct from Primary Calibration Standard Name, which identifies the material used, and from Per-Analyte Calibration Strategy, which states which approach applies to which analyte: this field records the resulting factor itself.",Basic,Editable,Text (free),"e.g., ID-TIMS: EARTHTIME ET535 or ET2535 tracer, calibrated per Condon et al. (2015) and McLean et al. (2015), with stated uncertainty | LA-ICP-MS: matrix-matched primary zircon RM of independently known age (91500, GJ-1, Plesovice) used for downhole-fractionation and Pb/U calibration, with the accepted age and its source",,2026-08-08,Y,Y,Y,,,,,,,,,,,,,,
Procedural Blank Level,"The measured level of the analytical blank in the session, and — where the reported quantity is a ratio — its composition, since a blank subtracted from a ratio biases the result unless its own composition is known. Companion to the blank correction method, which is procedure-level: this field records what was actually measured. Follows the criterion-versus-measurement split used for Oxide Production.",N/A,Basic,Text (free),"e.g., 'Total procedural Pb blank 0.6 +/- 0.3 pg; blank Pb composition 206Pb/204Pb = 18.55, 207Pb/204Pb = 15.50, 208Pb/204Pb = 38.08 (long-term lab average, n = 42)' | 'Gas blank 120 counts/s at mass 206, subtracted per analysis'",,2026-08-08,Y,Y,Y,,,,,,,,,,,,,,
Analysis Inclusion and Rejection Criteria,"The rules determining which individual analyses contribute to a reported aggregate result, together with the outcome of applying them: how many analyses were acquired, how many were included, and on what grounds any were excluded. Distinct from Spike / Outlier Filtering Approach, which removes anomalous points within a single analysis: this field decides which whole analyses enter the reported value. Criteria and outcome are combined in one field because neither is interpretable without the other, following the precision/accuracy precedent.",Basic,Basic,Text (free),"e.g., '30 grains analysed, 24 included; excluded 4 discordant beyond -5% to +10% and 2 with Pb*/Pbc < 20' | 'All analyses included, no filter applied'",,2026-08-08,Y,Y,Y,,,,,,,,,,,,,,
Age Calculation Method,"The equation used to convert the measured quantities into an age or date, together with a citation for that equation. Name the equation unambiguously; where a procedure supports more than one, state which is used and under what conditions. Required by every geochronology reporting standard surveyed (Condon et al. 2024; Schaen et al. 2021; Rooney et al. 2024; Flowers et al. 2024; Kohn et al. 2024; Mahan et al. 2023). Distinct from Age Model and Software, which records how multiple analyses are combined into a single reported result.",Basic,Read-Only,Text (free),"e.g., 206Pb/238U and 207Pb/235U date equations (Jaffey et al. 1971 decay constants) | 207Pb/206Pb date | Wetherill concordia intercept | Tera-Wasserburg concordia intercept | 238U/206Pb-207Pb/206Pb isochron",,2026-08-08,Y,Y,Y,,,,,,,,,,,,,,
Reported Date Type,"The kind of date or age the procedure reports. Most dating systems derive several different date types from the same measurements, so a reported age is ambiguous without this. Where more than one type is reported, list all, separated by semicolons. Kohn et al. (2024) carry this as a named required item (""fission-track age type""); the equivalent distinction is required by all five other standards surveyed.",Basic,Editable,Controlled list,Weighted mean 206Pb/238U | Weighted mean 207Pb/235U | Weighted mean 207Pb/206Pb | Concordia upper intercept | Concordia lower intercept | Tera-Wasserburg intercept | Single-grain date | Isochron date | Other: specify | N/A | None,,2026-08-08,Y,Y,Y,,,,,,,,,,,,,,
Inherited or Initial Signal Correction,"How any non-radiogenic, inherited or pre-existing component of the measured signal was accounted for, including the composition assumed, its source, and its uncertainty. Record 'None' where the measured quantity accumulates from zero and no such component exists. Applies to five of the six dating systems surveyed; fission track is the sole genuine exception, as tracks accumulate from zero. D=Editable rather than Read-Only: the procedure registers the correction method and any default composition, but the value actually applied is frequently sample-specific (a two-stage model composition is evaluated at the interpreted age) or session-derived (a trapped composition solved from an isochron intercept), and a revision to the assumed composition should not require registering a new procedure. Same reasoning as Rule 5's Constants and Reference Values Used.",Basic,Editable,Text (free),"e.g., Stacey & Kramers (1975) two-stage model Pb at the interpreted age | 204Pb-based correction | 207Pb-based correction | 208Pb-based correction | Tera-Wasserburg anchored lower intercept | measured Pb from co-genetic K-feldspar | None (Pb*/Pbc sufficiently high that correction is negligible; state the threshold)",,2026-08-08,Y,Y,Y,,,,,,,,,,,,,,
Radiogenic Fraction of Measured Signal,"The proportion of the measured signal that is radiogenic, as opposed to inherited, initial or otherwise non-radiogenic. Measured companion to Inherited or Initial Signal Correction, which is procedure-level: this field records what the session actually produced. It indicates how strongly the reported age depends on the assumed non-radiogenic composition — a result derived from a low radiogenic fraction is sensitive to that assumption in a way a high-fraction result is not, and that sensitivity is invisible from the age and its uncertainty alone. Follows the criterion-versus-measurement split used for Oxide Production.",N/A,Basic,Text (free),"Reported for U-Pb as Pb*/Pbc, the ratio of radiogenic to common Pb. e.g., '1250' | '18' | 'range 12-340 across 24 analyses'",,2026-08-08,Y,Y,Y,,,,,,,,,,,,,,
Age Model,"The statistical model used to combine individual analyses into a single reported age, including any criteria governing which model is applied. This is a methodological choice that changes the result: a Model-1 and a Model-3 regression of the same data yield different ages and different uncertainties. Record the model only — the software implementing it belongs in Data Reduction Software (Group 3), whose scope already extends to age calculation; where reduction and age regression use different packages, list both there. Required in some form by all six geochronology reporting standards surveyed.",Basic,Editable,Text (free),"e.g., Weighted mean with MSWD-based uncertainty expansion | York (1969) regression | IsoplotR Model-1, escalating to Model-3 where MSWD exceeds the stated cutoff | Bayesian / Monte Carlo age model",,2026-08-08,Y,Y,Y,,,,,,,,,,,,,,
Age Datum / Reference Epoch,"The zero point from which the reported age is measured, where this is not the present day, and the date it corresponds to. Record 'Present day' where the conventional datum applies. Explicitly required wherever the datum is not the present: year of sample collection for luminescence (Mahan et al. 2023), end of irradiation for 40Ar/39Ar decay corrections (Schaen et al. 2021).",Advanced,Basic,Text (free),Present day (the conventional datum for U-Pb; state explicitly rather than leaving blank),,2026-08-08,Y,Y,Y,,,,,,,,,,,,,,
Intermediate Daughter Disequilibrium Correction,"Correction for initial disequilibrium in intermediate daughter products of the U decay chains — principally 230Th, and where relevant 231Pa — together with the Th/U or Pa/U partitioning value assumed and its source. Unique to U-Pb among dating systems, because the chains are long enough for intermediate-daughter disequilibrium at crystallisation to bias the 206Pb/238U date, most severely in young samples. Record 'None' with a justification where no correction was applied. Condon et al. (2024) write ""we recommend these dates be reported corrected for initial 230Th and 231Pa daughter isotope disequilibrium"" — recommended rather than required, hence Advanced.",Advanced,Read-Only,Text (free),"e.g., '230Th correction applied, Th/U(magma) = 2.8 assumed from whole-rock' | '230Th and 231Pa corrections applied (Crowley et al. 2007)' | 'None (sample older than 100 Ma; effect below stated uncertainty)'",,2026-08-08,Y,Y,Y,,,,,,,,,,,,,,
Discordance Definition and Values,"How discordance between the 206Pb/238U, 207Pb/235U and 207Pb/206Pb chronometers is defined for this procedure, and the discordance values obtained. Several definitions are in circulation and they are not interchangeable, so the formula must be stated. Genuinely specific to U-Pb: it is the only system in routine use with two independent decay schemes in the same mineral, so agreement between them is an internal consistency test no other system can run. The rule for excluding discordant analyses, and how many were excluded, belong in Analysis Inclusion and Rejection Criteria. Condon et al. (2024) write that for samples older than a few hundred million years ""it is also useful to provide a measure of discordance"" — useful and age-conditional rather than required, hence Advanced.",Advanced,Read-Only,Text (free),"e.g., '100 x (1 - [206Pb/238U date] / [207Pb/206Pb date])' | '2-sigma concordia ellipse overlap' | 'discordance -3% to +7% across 24 analyses'",,2026-08-08,Y,Y,Y,,,,,,,,,,,,,,
Constants and Reference Values Used,"Physical constants and reference values used in data reduction to calculate the final reported quantity (e.g., decay constants for age calculation, standard isotope ratios, or other citable reference values used in a correction or calculation), together with their source. Distinct from Reference Material Information / Secondary Reference Materials (Group 6), which document accepted values for specific calibration/validation materials rather than universal physical constants. Record ""None"" if no citable, revisable physical constants feed into this procedure's data reduction.",Basic,Editable,Text (free),"e.g., ""λ238U = 1.55125×10⁻¹⁰ yr⁻¹, λ235U = 9.8485×10⁻¹⁰ yr⁻¹ (Jaffey et al. 1971); 238U/235U = 137.818 (Hiess et al. 2012)"" | ""None""",,2026-07-28,Y,Y,Y,,,,,,,,,,,,,,
,,,,,,,,,,,,,,,,,,,,,,,,
6. Quality Control & Uncertainty,,,,,,,,N,N,N,N,,,,,,,,,,,,N,N
Primary Calibration Standard Name,"Primary reference material(s) used to calibrate the instrument and convert raw signal intensities to concentrations or isotope ratios. Include material name, source institution, and citation for the accepted values used. Editable because the specific lot or certification vintage may differ between sessions while the material type remains the same.",Basic,Editable,Text (free),"e.g., 'NIST SRM 612 (Jochum et al. 2011, doi:10.1111/j.1751-908X.2011.00120.x)' | 'USGS BCR-2G (GeoReM preferred values, georem.mpch-mainz.gwdg.de)'",,2026-05-06,Y,Y,Y,,North Chile Filomena (IIAB iron meteorite; Wasson et al. 1989) for Fe/Co/Ni/Cu/Ga/Ge/As/W/Au; Hoba (IVB; Walker et al. 2008) for Ru/Rh/Pd/Re/Os/Ir/Pt; NIST SRM 1263a V-Cr steel (Campbell & Humayun 2005) for V/Cr/Fe/Co/Ni/Cu/As/Mo/W/Au,"Multiple glass GRMs used together for linear regression external calibration: NIST SRM 612, NIST SRM 614, USGS GSD-1G (synthetic), USGS GSE-1G (synthetic), USGS BHVO-2G, USGS BIR-1G (natural basalt glasses)","Same glass GRM set as mapping for Run 1; expanded set additionally includes MPI-DING KL2-G, ML3B-G, StHs6/80-G, T1-G, ATHO-G, BM90/21-G, GOR128-G, GOR132-G for Run 2 trace elements",MPI-DING and USGS glass GRMs (measured at beginning and repeatedly at end of each session; multipoint calibration),"USGS standard glasses BCR-2g, BHVO-2g, and BIR-1g; preferred values from GeoReM website",Warburton Range (IVB iron meteorite; Walker et al. 2008) — used as primary external standard and for calibration curve method,NIST SRM 612 glass (Jochum et al. 2011) + North Chile Filomena iron meteorite (Wasson et al. 1989) — used together with yield correction in iolite 3D DRS,NIST SRM 612 (Jochum et al. 2011) + North Chile Filomena — same as spot protocol,NIST SRM 612 + NIST SRM 614 (non-matrix-matched external standards); self-made BHVO-2 lithium borate glass (matrix-matched) tested as alternative but NIST 612+614 found sufficient with fs laser,NIST 610 (primary external standard; Jochum et al. 2011); Si from EMP as IS,NIST 610 (primary external standard); Fe from EMP as IS,NIST 610 glass standard [P4],NIST 610 glass standard [P4]
Calibration Standard Measurement Frequency,"How often the primary calibration standard is measured relative to unknown samples within a session. For LA-ICP-MS, this defines the bracketing interval between calibration standard ablations used to monitor and correct for instrumental drift.",Basic,Read-Only,Text (free),Before and after every 5 unknowns | Bracketing every 10 samples | Start and end of session only | N/A | None | Other: specify,,2026-06-17,Y,Y,Y,,Standards at start and end of session; external bracketing,Each GRM analyzed 3–5× before and 3–5× after sample analyses (all GRMs at start and end of session),Same as mapping protocol; GRMs at start and end,MPI-DING and USGS GRMs measured at beginning and repeatedly at end of each session,N (parameters lost),N,NIST SRM 612 and North Chile measured bracketing every 15 unknowns: 3×STD → 3×STD → 10×unknowns → repeat,NIST SRM 612 and North Chile at start and end of mapping session (30 min map; 3 measurements each before and after),NIST SRM 612 and 614 measured as external standards within session; BHVO-2 and other GRMs as unknowns,NIST 610 as primary; NIST 612 and BCR-2G as monitoring standards,Same bracketing as silicate glass protocol,NIST 610 glass standard analyzed before and after every session [P4],NIST 610 analyzed before and after every session (same as silicate protocol) [P4]
Secondary Reference Materials,"Quality-control reference materials analysed as unknowns alongside samples in the same session to assess accuracy and monitor drift. Include material name, source, and citation for accepted values used for comparison. Editable because selection of secondary RMs may vary across sessions.",Basic,Editable,Text (free),"e.g., 'NIST SRM 610 (Jochum et al. 2011); GOR132-G (Jochum et al. 2006)' | 'BHVO-2G (GeoReM), BCR-2G (GeoReM)'",,2026-05-14,Y,Y,Y,,N,"MPI-DING glasses: GOR132-G, StHs6/80-G, T1-G; USGS: BCR-2G, BHVO-2G — measured as unknowns alongside samples and compared to GeoReM preferred values (Table 1 and Section 3.3)",Same GRM set measured as unknowns for accuracy assessment,Same MPI-DING and USGS glasses measured as unknowns for accuracy assessment,"BCR-2G, BHVO-2G, BIR-1G processed as unknowns alongside samples (same standards as calibration — in-session validation)",Tawallah Valley (IVB iron meteorite; Walker et al. 2008) — measured as secondary/check standard alongside unknowns,North Chile Filomena measured as unknown on different days over 4 months to assess intermediate precision (Table 3 and Fig. 2),North Chile and NIST SRM 612 measured before and after mapping session as QC materials,"AC-E (granite, CRPG), GSR-1 (granite, NRCG), JB-1b (basalt, GSJ), GSR-3 (basalt, NRCG), AGV-2 (andesite, USGS), W-2A (diabase, USGS) — 6 GRMs covering mafic to felsic rock types analyzed as unknowns; also NWA14526 (lunar basalt) and NWA13190 (shergottite) compared with SN-ICP-MS",NIST SRM 612 and BCR-2G (monitoring standards measured in same sessions),NIST SRM 612 and BCR-2G (same monitoring standard set as glass protocol),N (not stated) [P4],N (not stated) [P4]
Detection Limit,"Session detection limit for each measured isotope, expressed in µg g⁻¹, ng g⁻¹, or wt% as appropriate. Report the value(s) and units per isotope or element group. Mandatory at analysis level to demonstrate the reliability of reported near-detection-limit concentrations. The calculation method is captured separately in Detection Limit Method.",Advanced,Basic,Numeric (ppm or wt%),"e.g., '0.003 ng g⁻¹ (La), 0.005 ng g⁻¹ (Ce) (3σ background; Longerich et al. 1996)' | 'Range: 0.005–23.5 µg g⁻¹ across all measured isotopes (Pettke et al. 2012)'",Analyte-Specific,2026-05-14,Y,Y,Y,,LODs not formally reported; all concentrations above detection limits except noted (Cr in some irons below LOD),"LODs reported in Table E1 (Appendix E) for 2D mapping: average of all individual pixel LODs (Na=1, Nb=10 per Longerich et al. 1996)","LODs reported in Table 1 for line scan + spot trace elements: Na=24, Nb=5 per Longerich et al. 1996; LOQ = 10SD criterion",N (LODs not separately reported for phosphate analyses),N (LODs not stated; concentrations reported for all nuclides above background),N (LODs not formally stated),"LODs in µg g⁻¹ (median from Table 3): As 2, Au 0.1, Co 2, Cr 19, Cu 0.8, Fe 5300, Ga 0.1, Ge 0.2, Ir 0.04, Ni 60, Os 0.09, Pd 0.06, Pt 0.4, Re 0.02, Rh 0.05, Ru 0.3, W 0.09; calculated per Longerich et al. (1996) in iolite 4",N (LODs not separately reported for mapping),LODs for 32 elements in Li-borate glass BHVO-2: 0.005–23.5 µg g⁻¹ (dilution-limited; much higher than undiluted glass LODs); LODs for NIST 610: 0.007–0.45 µg g⁻¹; LOQ = 3.3 × LOD (Pettke 2012) for most elements; LOQ for pollution elements = blank + 10SD (Gold Book IUPAC),Detection limits for Au ~0.01 ppm; Cu ~0.1 ppm in silicate melt (stated in paper),"N (detection limits for sulfide not stated; only silicate melt detection limits given as Au ~0.01 ppm, Cu ~0.1 ppm)","Referenced in Table 3 and Table S1; specific values not directly stated in main text; REE in olivines below detection limits at 24–32 µm conditions [P4, P7, P11]","Referenced in Table 3 and Table S1; specific values not directly stated in main text; merrillite REE at 14–414 ppm range above detection [P4, P12]"
Detection Limit Method,Reference or description of the method used to calculate session detection limits. Mandatory at analysis level. Must be consistent with the method applied to generate the Detection Limit values reported above.,Advanced,Basic,Text / URI,"e.g., '3σ of background ion counts per Longerich et al. (1996), doi:10.1039/ja9961100899' | 'Sample-individual LOD per Pettke et al. (2012), doi:10.1016/j.oregeorev.2011.11.001'",,2026-05-06,Y,Y,Y,,N (not formally stated),Longerich et al. (1996): LOD = (3SD/S) × √(1/Nb + 1/Na),Longerich et al. (1996); LOQ = 10SD criterion (same equation),N (not formally stated),N,N,Longerich et al. (1996) — implemented in iolite 4; sample-individual LOD calculated per analysis,N (LODs not separately reported for mapping),Pettke (2012) for most elements: LOD = (3.29 × √(Rbkg × DT × ...) + 2.71) / (Nan × DT × S); LOQ for pollution elements = blank value + 10SD (IUPAC Gold Book),"N (stated as ""detection limits"" without specific formula)",N,N (method not stated) [P4],N (method not stated) [P4]
Limit of Quantification (LOQ) Method,Reference or description of the method used to calculate the limit of quantification (LOQ): the lowest concentration reliably measurable with acceptable precision and accuracy. Mandatory at analysis level when concentrations near the LOD are reported. Concentrations between LOD and LOQ are detectable but not reliably quantifiable.,Advanced,Basic,Text / URI,"e.g., 'LOQ = 10 × SD of background counts (10σ criterion)' | 'LOQ = 3.3 × LOD per IUPAC Gold Book' | 'LOQ = blank value + 10 SD for pollution elements (V, Ba, U)'",,2026-05-06,Y,Y,Y,,N,N,LOQ = 10SD of background counts (10σ criterion; Chernonozhkin et al. 2021),N,N,N,N,N,"LOQ = 3.3 × LOD per Pettke (2012) for most elements; LOQ = blank value + 10SD per IUPAC Gold Book for pollution elements (V, Co, Zn, Ba, La, Ce, Ta, U) where blank contribution is significant",N,N,N (not stated) [P4],N (not stated) [P4]
Within-Session Analytical Precision and Assessment Method,"Reproducibility of repeated measurements within a single analytical session. Report both the assessment method and the precision values. Assessment method must specify: (1) the reference material used, (2) number of replicates n, and (3) the statistic reported (1σ RSD, 2σ RSD, etc.). For mapping: assess from repeated analyses of a reference material area at session start and end, or from replicate analyses of a homogeneous reference phase within the map.",Basic,Basic,Text (free),"e.g., '1σ RSD = 1.5% for Ba, 2.3% for La (n=5 on NIST SRM 612 per session)' | 'Mapping: 4% 1σ RSD across 3 GRM map areas at session start and end (n=3)'",Analyte-Specific,2026-05-13,Y,Y,Y,,N (within-session precision not formally assessed; standard deviation across raster scans reported per element),Intermediate precision for mapping: most elements at ≥10 µg g⁻¹: 5–15% RSD; elements <10 µg g⁻¹: 5–30% RSD; assessed from repeated GRM mapping in 8 sessions over 1 year (n=8 for each element),"LOD calculated per analysis (Na=24, Nb=5); precision not formally reported as separate metric",N (precision not formally reported for phosphate analyses),N (within-session precision not formally assessed),Analytical uncertainties: 2SE of individual spot measurements reported alongside data,"RSD <15% for most elements in Arraias meteorite under repeatability conditions (n=20 spot analyses); Cr: 20%, Ir: 16%, Os: 20% RSD; assessed by repeated analysis of same meteorite in one session",N (within-session precision for mapping not separately assessed),Analytical precision (RSD) within 10% for most of 32 trace elements in 6 silicate GRMs (verified by homogeneity index assessment across 9 spots per disk),N (within-session precision not separately reported),N,N (not stated) [P4],N (not stated) [P4]
Between-Session (Long-Term) Analytical Precision and Assessment Method,"Reproducibility of measurements across multiple analytical sessions over weeks to months (long-term or intermediate precision). Report both the assessment method and the precision values. Specify: reference material used, number of sessions n, time span covered, and statistic reported. Long-term precision is typically assessed from a compiled record of secondary reference material values across all sessions.",Advanced,Basic,Text (free),"e.g., '2σ RSD = 3% for Eu/Eu* on GOR132-G across 12 sessions over 8 months' | '1σ RSD = 2% for most REEs on BHVO-2G across 17 sessions over 3 years (n=85 analyses)'",Analyte-Specific,2026-05-13,Y,Y,Y,,N,N,N,N,N,N,Intermediate precision: RSD ≤20% for most elements assessed over multiple days on North Chile iron meteorite measured as unknown (n multiple days over 4 months),N,N,N,N,N (not stated) [P4],N (not stated) [P4]
Analytical Accuracy and Assessment Method,"Offset between measured and accepted reference values for secondary reference materials, expressed as % relative bias. Report both the assessment method and the accuracy values. Specify: (1) secondary RM used and source of reference values, (2) number of analyses, and (3) elements or element groups assessed. Report any systematic biases and likely causes.",Basic,Basic,Text (free),"e.g., 'Within ±5% of GeoReM preferred values for most REEs on GOR132-G (n=15); +8% for Nb (known matrix sensitivity)' | '±3% for all elements on BHVO-2G vs. GeoReM (n=20)'",Analyte-Specific,2026-05-13,Y,Y,Y,,"LA-ICP-MS concentrations agreed with NAA within ±40% for most elements (LA relative to NAA); within ±10% for Ni, Co, Ga; differences in W (4.39 vs 1.06 ng g⁻¹ for Cerro del Inca by LA vs INAA) and Au/As up to 30% — attributed to heterogeneous sampling scale difference between techniques",No systematic bias demonstrated; MgO+FeO+SiO₂+P₂O₅ oxide sums after mapping varied 95–99 wt% (average near 100%); LA-ICP-MS Fa# values compared to EMPA values for 8 PMG (Fig. 5A shows good agreement),Trace element accuracy verified against literature INAA and EPMA data; major elements verified by comparison with EMPA results from same section,N (accuracy assessment not separately stated for phosphate analyses),Sc: good agreement with Davis (1977) INAA values within measurement scatter; overall accuracy verified by comparison with literature INAA and SIMS data; Marjalahti used as in-session control (Mn deviation from reference value noted as 4.2% above Ryder 1984),N (accuracy formally assessed by comparison with internal standard; absolute accuracy not separately reported),"Results for 9 known iron meteorites: >75% of published values within LA-ICP-MS result ± 2s (two standard deviations); relative differences mostly within ±20% (Fig. 2); specific discrepancies: Ir in Arraias +40%, Ir in Nossa Senhora +64%, Co and Ga in Campo del Cielo (heterogeneity issues); trend lines slope 0.87–1.17 with R² = 0.97–1.0",N (mapping accuracy not separately assessed from spot protocol),Analytical results within 10% of reference values for most of 32 trace elements in 6 GRMs (mafic to felsic); precision (RSD) within 10% for most elements; lunar basalt (NWA14526) and shergottite (NWA13190) results compared with SN-ICP-MS and found reliable,Au and Cu fully dissolved in most glasses (smooth signals); Au results consistent with Au solubility trends from literature; comparison with SN-ICP-MS (solution) for two extraterrestrial samples confirms reliability,"Sulfide Au and Cu concentrations consistent with strong positive correlation with log fS₂ (Fig. 5A) confirming thermodynamic equilibrium; partitioning coefficients Dsulfide/melt consistent with literature (Li et al. 2019, 2021)","For silicates: oxide-sum normalization agrees within <10% with EMP-based IS method (internal cross-check, not a separate QC standard) [P4]",N (no accuracy assessment stated for phosphate protocol) [P4]
,,,,,,,,,,,,,,,,,,,,,,,,
Additional Notes,Any additional context about this procedure or analysis session not captured by the structured fields above. Use sparingly; structured fields are preferred for all information that can be formally categorised.,Advanced,Advanced,Text (free),,,2026-07-24,Y,Y,Y,,"Raster scans used for main element dataset (23 elements); separate spot analyses on 5 irons for more precise Ge abundances (150 µm spot, 50 Hz, 20 s); two different analysis modes represent distinct protocols but are reported in same paper",Pallasite olivine 2D mapping in cool plasma mode (800 W) is a core methodological innovation; total of 8 PMG meteorites mapped; P-rich veinlets excluded from olivine averages; Fa# values verified against EMPA (Fig. 5A),"Multi-run sequential design is the key methodological innovation: Run 1 (major elements, 30 µm, MR) provides Cr IS for Run 2 (trace elements, 130 µm, LR); pre-ablation pass removes surface contamination before Run 1","Phosphate phase identification used LA-ICP-MS data combined with EMPA and µXRF (Fig. D9); merrillite, stanfieldite, farringtonite distinguished by REE patterns; oxide sum normalization applied to phosphate (not olivine IS approach)",Many instrument parameters lost during extended lab shutdown; 75 µm spot size in medium resolution mode on sector-field ICP-MS is unusual combination for olivine trace elements; 25 Mg IS from EPMA is standard approach,fs laser (260 nm Ti:sapphire) essential for HSE measurement in metal (reduces elemental fractionation and matrix effects); IVB iron meteorite standards (Warburton Range + Tawallah Valley) as matrix-matched standards for iron meteorite metal,Key innovations: (1) use of two measurement standards (NIST SRM 612 + North Chile) with yield correction in iolite 3D DRS; (2) Fe+Ni+Co=100% normalization eliminates need for EPMA IS; Cr results not quantitative due to argide interferences,Elemental mapping used as classification tool even without prior knowledge of structural variations (kamacite vs. plessite); demonstrates LA-ICP-MS mapping applicability for iron meteorite classification,Target: bulk trace element analysis of extraterrestrial samples using only 10 mg; Li-borate flux fusion (35:1 dilution) with fs laser — first reported use of fs laser for flux fusion glass analysis; non-matrix-matched external standards demonstrated accurate with fs laser,Analysis of quenched experimental glasses from high-pressure (1 GPa) piston-cylinder experiments; Au and Cu solubility measurements; smooth time-resolved signals indicate fully dissolved Au (no micronuggets),Analysis of quenched experimental pyrrhotite (Fe₁₋ₓS) from same piston-cylinder experiments; 20 µm spot required due to small grain size (5–50 µm); same instrument and analytical session as glass protocol,Paper broadly follows Udry et al. (2012) and Pernet-Fisher et al. (2014) for procedure; two IS approaches used for different mineral phases (oxide-sum for silicates; EMP CaO for phosphate); 90 µm spot used on some olivines to evaluate whether low REE signals result from insufficient sampling volume [P4],N/A — see silicate column for general notes [P4]
Goodness-of-Fit or Dispersion Statistic,"The statistic reported to show whether scatter among the contributing analyses exceeds what analytical uncertainty alone predicts, together with its value. Answers whether a reported aggregate is defensible as a single population. Procedure-level tier is N/A because the value cannot be known before the analysis; the procedure may still state an acceptance threshold, which belongs with the inclusion criteria.",N/A,Basic,Text (free),"e.g., 'MSWD = 1.13 (n = 24), probability of fit 0.31' | 'MSWD = 4.2; excess scatter attributed to protracted crystallisation, Model-3 regression applied'",,2026-08-08,Y,Y,Y,,,,,,,,,,,,,,
